8018.0	8303.0
260.0	262.0
5866.0	5969.0
6765.0	6940.0
41.0	42.0
11349.0	11902.0
6287.0	6422.0
5286.0	5349.0
70.0	71.0
8525.0	8854.0
222.0	224.0
9917.0	10349.0
7525.0	7764.0
198.0	200.0
11687.0	12269.0
5577.0	5665.0
10701.0	11172.0
1915.0	1928.0
2202.0	2216.0
223.0	225.0
1440.0	1449.0
42.0	43.0
10340.0	10798.0
8821.0	9162.0
7687.0	7944.0
9063.0	8362.0
7823.0	8098.0
7440.0	7673.0
1925.0	1938.0
9721.0	10126.0
465.0	469.0
251.0	253.0
9104.0	9463.0
6287.0	11402.0
68.0	69.0
1923.0	1936.0
1429.0	1437.0
463.0	467.0
2281.0	2296.0
5091.0	5141.0
9334.0	9703.0
6586.0	6743.0
186.0	188.0
1897.0	1910.0
1923.0	1938.0
1708.0	1720.0
118.0	119.0
2989.0	3004.0
7905.0	8186.0
40.0	41.0
10210.0	10650.0
31.0	32.0
281.0	283.0
155.0	157.0
1925.0	1936.0
2312.0	2327.0
170.0	172.0
3846.0	3881.0
73.0	74.0
10158.0	9162.0
11431.0	11992.0
967.0	976.0
10805.0	11290.0
5481.0	596.0
4569.0	1281.0
5346.0	5418.0
9337.0	9706.0
2178.0	2192.0
6287.0	107.0
435.0	440.0
165.0	167.0
951.0	960.0
3474.0	3502.0
7163.0	7369.0
1103.0	1114.0
222.0	8738.0
10912.0	11414.0
11371.0	2718.0
11145.0	11680.0
969.0	978.0
282.0	284.0
9724.0	10129.0
1270.0	1279.0
16.0	16.0
1272.0	4608.0
7354.0	7579.0
186.0	200.0
950.0	959.0
2590.0	2607.0
6122.0	6244.0
2981.0	2996.0
167.0	169.0
10672.0	11137.0
8745.0	9079.0
6001.0	6114.0
5195.0	5248.0
9594.0	9981.0
297.0	299.0
6695.0	6866.0
4132.0	4168.0
2622.0	2640.0
2992.0	3007.0
3402.0	3430.0
198.0	188.0
6932.0	7127.0
1262.0	1271.0
3949.0	3983.0
3331.0	3357.0
6287.0	10176.0
1269.0	1279.0
604.0	7019.0
427.0	432.0
11593.0	12168.0
5556.0	5641.0
8217.0	9498.0
6287.0	11129.0
3847.0	3882.0
1926.0	1939.0
5469.0	7370.0
3902.0	3881.0
11802.0	12379.0
10701.0	253.0
251.0	11172.0
9063.0	1514.0
8497.0	2792.0
9496.0	9879.0
2395.0	2412.0
881.0	888.0
273.0	275.0
455.0	459.0
8217.0	8507.0
7.0	7.0
1914.0	1927.0
5847.0	5948.0
1273.0	1282.0
221.0	223.0
3397.0	3425.0
10569.0	11033.0
9027.0	9377.0
5906.0	6014.0
281.0	284.0
282.0	283.0
174.0	176.0
5939.0	6047.0
8523.0	8851.0
6485.0	6621.0
5902.0	6008.0
8217.0	9971.0
3794.0	3829.0
8217.0	9156.0
8217.0	4049.0
9745.0	10153.0
9813.0	10228.0
2050.0	2064.0
454.0	458.0
4705.0	4751.0
3822.0	3857.0
11203.0	11743.0
6287.0	110.0
8217.0	4047.0
457.0	461.0
253.0	255.0
6345.0	6479.0
6287.0	5364.0
41.0	43.0
42.0	42.0
10255.0	10701.0
3728.0	3762.0
8910.0	9260.0
11136.0	11670.0
4165.0	4202.0
11101.0	11631.0
3696.0	2216.0
4720.0	4766.0
5481.0	599.0
1714.0	1726.0
8217.0	3973.0
11136.0	9427.0
5481.0	598.0
9681.0	10078.0
4347.0	4383.0
130.0	132.0
41.0	41.0
775.0	783.0
1206.0	2887.0
6485.0	11790.0
5079.0	5740.0
10888.0	11385.0
3386.0	7741.0
3551.0	3580.0
1808.0	1820.0
7555.0	7798.0
2703.0	2718.0
11052.0	11575.0
8217.0	10002.0
74.0	75.0
457.0	446.0
3010.0	3025.0
2186.0	9162.0
11412.0	11973.0
2037.0	2051.0
11247.0	11790.0
5736.0	9079.0
11371.0	2676.0
8827.0	9168.0
456.0	460.0
6287.0	6839.0
8523.0	12239.0
432.0	437.0
3395.0	3423.0
2989.0	2991.0
4676.0	4720.0
3330.0	3354.0
3379.0	3407.0
10568.0	3192.0
11080.0	4608.0
9070.0	9427.0
4291.0	4327.0
2239.0	2254.0
8523.0	12078.0
9917.0	6409.0
6287.0	1487.0
849.0	857.0
9140.0	9498.0
2989.0	2964.0
10493.0	10957.0
8217.0	4050.0
2186.0	2200.0
8217.0	8218.0
8217.0	3972.0
4874.0	4920.0
3374.0	3401.0
5469.0	9079.0
1479.0	1487.0
6254.0	6385.0
5220.0	5276.0
11256.0	11800.0
7164.0	7370.0
4716.0	4762.0
849.0	1720.0
2274.0	2289.0
4084.0	4119.0
7092.0	7298.0
817.0	3188.0
3173.0	3189.0
10029.0	11250.0
3847.0	3881.0
4272.0	4308.0
3388.0	3416.0
5286.0	2972.0
1251.0	1260.0
1871.0	1883.0
1455.0	1464.0
5685.0	5781.0
7401.0	7628.0
9140.0	9971.0
1902.0	1915.0
5520.0	5604.0
992.0	9971.0
9828.0	10243.0
11234.0	11775.0
3386.0	3414.0
3648.0	3681.0
3626.0	3658.0
9610.0	10002.0
10730.0	5439.0
3938.0	9498.0
3778.0	3813.0
1389.0	1398.0
969.0	3190.0
4619.0	4663.0
8317.0	8616.0
339.0	342.0
10593.0	11055.0
11222.0	6596.0
4142.0	4178.0
1901.0	1914.0
521.0	525.0
10769.0	11250.0
6074.0	6191.0
7675.0	7932.0
9783.0	9971.0
10363.0	10825.0
5469.0	5832.0
10447.0	7370.0
2928.0	2943.0
11158.0	11694.0
8046.0	8331.0
3384.0	3412.0
3384.0	3411.0
3382.0	3410.0
3384.0	3410.0
3383.0	3412.0
3383.0	3410.0
3385.0	3412.0
3382.0	3413.0
3385.0	3413.0
3385.0	3410.0
3383.0	3413.0
3385.0	3411.0
3383.0	3411.0
3384.0	3413.0
3382.0	3411.0
3382.0	3412.0
70.0	10798.0
10340.0	71.0
8217.0	4032.0
969.0	977.0
2131.0	2144.0
8004.0	8287.0
4311.0	12316.0
1223.0	978.0
9140.0	8507.0
41.0	39.0
6063.0	6621.0
9681.0	3402.0
3938.0	8507.0
9902.0	10328.0
5736.0	5832.0
1928.0	1941.0
9872.0	10070.0
4865.0	4911.0
6890.0	3412.0
6890.0	3411.0
6890.0	3413.0
6890.0	3410.0
992.0	4047.0
5193.0	5246.0
11118.0	11652.0
8626.0	2707.0
10980.0	11483.0
39.0	40.0
2728.0	2743.0
7005.0	7207.0
8523.0	3522.0
9768.0	10178.0
11465.0	12027.0
2028.0	2042.0
7783.0	8052.0
9070.0	3402.0
4746.0	4794.0
9140.0	9156.0
8705.0	9039.0
40.0	39.0
3505.0	3532.0
992.0	4049.0
11087.0	11615.0
1020.0	1029.0
1347.0	9651.0
9675.0	10070.0
7491.0	7729.0
6535.0	6680.0
9917.0	11107.0
2124.0	2136.0
8217.0	3974.0
9076.0	9433.0
3330.0	8287.0
1347.0	1356.0
5841.0	5940.0
3941.0	3975.0
5391.0	5466.0
3340.0	3364.0
9280.0	4043.0
10029.0	10471.0
8655.0	8990.0
41.0	40.0
8324.0	8625.0
8004.0	3354.0
6550.0	6695.0
1386.0	1395.0
11136.0	3402.0
7323.0	7547.0
9140.0	3973.0
949.0	958.0
8624.0	8959.0
8745.0	5832.0
5447.0	471.0
2729.0	2744.0
5710.0	5808.0
10783.0	11265.0
9514.0	6647.0
3938.0	3972.0
4361.0	4397.0
9140.0	4047.0
2010.0	2024.0
1223.0	3190.0
3685.0	3720.0
6862.0	7048.0
4523.0	4561.0
9584.0	9971.0
6474.0	6611.0
2540.0	2557.0
2940.0	2955.0
2173.0	2187.0
191.0	193.0
5365.0	5439.0
992.0	8218.0
4481.0	4518.0
4334.0	4370.0
2703.0	2676.0
5332.0	5404.0
5420.0	5495.0
10672.0	9427.0
3331.0	3355.0
3173.0	959.0
11452.0	12016.0
2169.0	2183.0
9140.0	4049.0
9519.0	4608.0
5220.0	2707.0
3389.0	3417.0
3938.0	9156.0
6430.0	10795.0
3020.0	3035.0
9140.0	3972.0
9681.0	9427.0
4083.0	4118.0
10730.0	11203.0
4525.0	4563.0
10447.0	554.0
988.0	997.0
3541.0	3569.0
2777.0	2792.0
9140.0	10002.0
4258.0	11485.0
7418.0	9971.0
992.0	11640.0
11371.0	4923.0
6063.0	11790.0
8821.0	1238.0
8317.0	962.0
10784.0	11266.0
817.0	6475.0
9985.0	10422.0
9284.0	9651.0
4065.0	4100.0
7418.0	4047.0
935.0	943.0
419.0	424.0
3728.0	1237.0
5255.0	5313.0
4746.0	4792.0
8217.0	5822.0
1080.0	1091.0
11101.0	11743.0
8823.0	9164.0
9872.0	8634.0
7781.0	8050.0
7164.0	9079.0
6590.0	4608.0
7418.0	4049.0
9597.0	9985.0
10337.0	10795.0
8814.0	9156.0
7895.0	8175.0
7806.0	8077.0
6234.0	6361.0
6112.0	3402.0
9070.0	11670.0
4569.0	4608.0
7092.0	8634.0
10554.0	1074.0
5914.0	6022.0
7610.0	7857.0
3850.0	3885.0
1897.0	7098.0
8217.0	7642.0
7256.0	7475.0
2312.0	2386.0
11371.0	2158.0
3938.0	3973.0
9783.0	8507.0
2671.0	2687.0
341.0	344.0
992.0	11341.0
9584.0	4049.0
10502.0	10966.0
884.0	891.0
10897.0	3402.0
3399.0	3427.0
4523.0	4562.0
6209.0	6334.0
1487.0	1495.0
6287.0	10782.0
10012.0	10451.0
1228.0	1237.0
5652.0	8218.0
8314.0	8613.0
7308.0	7531.0
7955.0	4720.0
5481.0	597.0
2518.0	2534.0
7884.0	8160.0
11343.0	11894.0
2989.0	3007.0
992.0	4050.0
10158.0	1238.0
6112.0	10078.0
9514.0	9833.0
6112.0	9427.0
9070.0	11615.0
9140.0	8218.0
992.0	10002.0
70.0	11172.0
10701.0	71.0
6470.0	6608.0
8314.0	3413.0
8314.0	3410.0
8314.0	3411.0
8314.0	3412.0
9872.0	10295.0
11371.0	8514.0
6112.0	6232.0
11667.0	9162.0
3010.0	6528.0
8144.0	8429.0
8821.0	3192.0
6160.0	6280.0
4524.0	4562.0
9599.0	9079.0
2183.0	2197.0
67.0	68.0
1401.0	1410.0
457.0	5604.0
3998.0	4032.0
9599.0	7370.0
4119.0	4155.0
4258.0	4294.0
8626.0	6413.0
6222.0	3402.0
3938.0	9971.0
10433.0	10893.0
11345.0	11899.0
992.0	11276.0
9037.0	6292.0
9075.0	9432.0
7092.0	10070.0
2281.0	1322.0
674.0	10391.0
4015.0	4049.0
2982.0	2997.0
990.0	999.0
7542.0	9971.0
5290.0	5355.0
3587.0	3616.0
4326.0	3402.0
7942.0	8226.0
3375.0	3402.0
11511.0	12078.0
8814.0	4049.0
4986.0	5034.0
3495.0	3522.0
10800.0	11282.0
3010.0	3023.0
9783.0	4047.0
5346.0	7798.0
9334.0	379.0
6228.0	4608.0
9610.0	4047.0
10497.0	4047.0
3998.0	9971.0
11136.0	11615.0
11670.0	12252.0
992.0	9498.0
1065.0	1074.0
9140.0	4032.0
3456.0	3484.0
1247.0	1256.0
8814.0	4047.0
9140.0	4050.0
6287.0	4909.0
9417.0	7370.0
10769.0	10471.0
9783.0	9352.0
955.0	964.0
6890.0	7078.0
9496.0	9427.0
7164.0	5832.0
518.0	522.0
11551.0	4047.0
11218.0	11759.0
11136.0	10078.0
11571.0	12146.0
7418.0	8218.0
9610.0	4049.0
1272.0	1281.0
5469.0	11743.0
10820.0	11308.0
8814.0	9971.0
4364.0	4400.0
9186.0	9427.0
3938.0	4047.0
6430.0	9879.0
3181.0	2943.0
9631.0	4032.0
6169.0	6287.0
992.0	5822.0
9070.0	9879.0
1206.0	1216.0
8025.0	3394.0
1647.0	1657.0
10672.0	3402.0
1060.0	1070.0
5220.0	6413.0
7823.0	8544.0
4887.0	4934.0
7999.0	9971.0
10701.0	69.0
68.0	11172.0
5086.0	5135.0
6209.0	6880.0
3938.0	4049.0
550.0	554.0
9417.0	9079.0
3422.0	3450.0
7999.0	4049.0
3938.0	10002.0
1708.0	131.0
11789.0	12365.0
11511.0	8851.0
10158.0	2200.0
9070.0	11137.0
5674.0	5767.0
7401.0	2412.0
1937.0	1950.0
10447.0	9079.0
224.0	225.0
40.0	10701.0
3998.0	4049.0
5274.0	5333.0
8056.0	4047.0
8523.0	3402.0
10536.0	11000.0
992.0	9156.0
1446.0	1455.0
10783.0	1237.0
7542.0	4047.0
6567.0	11694.0
8814.0	9498.0
10888.0	6413.0
9783.0	4049.0
11269.0	8429.0
7418.0	10002.0
8056.0	10002.0
5469.0	554.0
11049.0	11572.0
9783.0	7784.0
992.0	8507.0
10453.0	10913.0
9783.0	4032.0
4476.0	4513.0
8056.0	9971.0
1223.0	1232.0
10785.0	11267.0
1103.0	2857.0
10447.0	12146.0
9186.0	10078.0
10057.0	10500.0
4835.0	4881.0
7999.0	5822.0
992.0	10962.0
339.0	366.0
10672.0	9879.0
10309.0	10764.0
11511.0	12239.0
2461.0	2478.0
6430.0	9427.0
5274.0	1356.0
9872.0	7798.0
11087.0	9427.0
9917.0	5865.0
2917.0	2932.0
8814.0	10002.0
10552.0	11017.0
9221.0	4608.0
4341.0	4377.0
3998.0	5822.0
992.0	3973.0
2106.0	2118.0
9783.0	10002.0
817.0	180.0
3026.0	935.0
340.0	4202.0
11136.0	11137.0
5652.0	9971.0
2551.0	2568.0
7314.0	7537.0
11269.0	8634.0
1890.0	1902.0
5866.0	1369.0
8814.0	8218.0
10654.0	8211.0
992.0	5745.0
8317.0	10243.0
1897.0	1915.0
9037.0	9390.0
3998.0	4047.0
3174.0	3190.0
8745.0	7370.0
3332.0	3356.0
3953.0	4720.0
9681.0	11137.0
1446.0	3845.0
955.0	958.0
10029.0	9427.0
11084.0	11611.0
6866.0	7052.0
4524.0	4561.0
5736.0	7370.0
11049.0	10999.0
42.0	41.0
7891.0	8169.0
9783.0	9498.0
11136.0	9879.0
6164.0	10002.0
11370.0	11928.0
3501.0	7776.0
9879.0	9985.0
7999.0	4032.0
7999.0	4047.0
3690.0	3725.0
11456.0	12019.0
2396.0	2413.0
9872.0	8429.0
9075.0	3394.0
9610.0	9971.0
7542.0	5822.0
7418.0	4050.0
10568.0	1238.0
7092.0	7798.0
9783.0	8218.0
6661.0	6824.0
8626.0	5276.0
8911.0	9261.0
3575.0	2932.0
10364.0	11383.0
992.0	7162.0
8056.0	4049.0
37.0	38.0
10447.0	5832.0
7761.0	8024.0
7193.0	7405.0
9417.0	7332.0
222.0	11069.0
5391.0	10178.0
9070.0	10078.0
6063.0	10999.0
9165.0	3402.0
8814.0	4050.0
6906.0	11172.0
9681.0	9580.0
4156.0	4192.0
5346.0	9198.0
8523.0	3401.0
5274.0	9651.0
9681.0	9879.0
8955.0	9308.0
3929.0	3963.0
8364.0	2471.0
3938.0	4050.0
7983.0	8266.0
1999.0	2013.0
6287.0	10153.0
9106.0	9465.0
10077.0	8634.0
4022.0	4057.0
6652.0	9427.0
3953.0	1237.0
9070.0	10471.0
8814.0	8507.0
6558.0	6705.0
10077.0	10070.0
3294.0	3318.0
11412.0	3025.0
7092.0	10295.0
4840.0	4886.0
10672.0	10078.0
5861.0	5964.0
856.0	864.0
11670.0	11383.0
8217.0	7162.0
68.0	10701.0
10769.0	3402.0
5085.0	5134.0
6652.0	3402.0
5607.0	5696.0
9595.0	3025.0
11218.0	11705.0
674.0	679.0
5268.0	5326.0
11371.0	5136.0
7536.0	8211.0
9738.0	10147.0
1636.0	1645.0
9675.0	8634.0
5652.0	4047.0
10672.0	11615.0
8217.0	11276.0
7418.0	4032.0
1233.0	2943.0
9104.0	4923.0
11247.0	6621.0
1250.0	1259.0
9610.0	4050.0
3773.0	3808.0
6666.0	8429.0
2312.0	2383.0
9496.0	3402.0
10158.0	3192.0
1391.0	1400.0
1923.0	1937.0
8814.0	3973.0
3501.0	3528.0
4584.0	5102.0
11269.0	10070.0
9496.0	11137.0
9072.0	2707.0
5346.0	10070.0
10820.0	5322.0
7092.0	8429.0
7821.0	8095.0
7154.0	7358.0
2686.0	2702.0
9239.0	9602.0
11136.0	10471.0
2178.0	4168.0
10131.0	10573.0
3938.0	8218.0
1929.0	1942.0
992.0	4032.0
42.0	40.0
5652.0	4049.0
7614.0	7861.0
8370.0	4608.0
875.0	882.0
9165.0	9523.0
6112.0	9879.0
9595.0	9982.0
6063.0	11572.0
8626.0	11743.0
6222.0	6349.0
6112.0	11137.0
5481.0	592.0
11412.0	6528.0
2233.0	2248.0
9584.0	8218.0
9140.0	5822.0
7907.0	8189.0
362.0	342.0
1708.0	1719.0
7338.0	7560.0
7542.0	4049.0
6430.0	11137.0
2370.0	2386.0
1385.0	1394.0
6035.0	6148.0
9783.0	3972.0
8954.0	9305.0
992.0	9000.0
7999.0	8282.0
8523.0	6365.0
817.0	1231.0
9872.0	7298.0
8217.0	10391.0
6666.0	8634.0
240.0	242.0
9681.0	11670.0
9796.0	10211.0
1269.0	1278.0
9879.0	10301.0
9610.0	8218.0
9872.0	5418.0
10769.0	9427.0
4363.0	4399.0
11158.0	10002.0
3685.0	1927.0
11394.0	11955.0
1297.0	1306.0
7525.0	2260.0
10373.0	9696.0
5346.0	8634.0
5226.0	5283.0
9610.0	3974.0
9675.0	10295.0
5914.0	6621.0
7884.0	7773.0
6830.0	7009.0
2178.0	888.0
6890.0	8613.0
9768.0	5466.0
6759.0	6935.0
7491.0	6191.0
6055.0	6167.0
9917.0	9032.0
7816.0	3190.0
9783.0	4050.0
11383.0	11942.0
10185.0	10624.0
7092.0	5418.0
8356.0	12019.0
1347.0	5333.0
7155.0	7359.0
7999.0	10002.0
862.0	870.0
7418.0	9498.0
7418.0	8507.0
3998.0	10002.0
7979.0	9498.0
7542.0	8218.0
10447.0	4043.0
1333.0	1342.0
3537.0	3564.0
7542.0	10002.0
3008.0	3025.0
8804.0	9142.0
1708.0	130.0
251.0	7314.0
9539.0	9919.0
9584.0	4047.0
11178.0	11716.0
8522.0	8850.0
7586.0	9079.0
1906.0	1919.0
3008.0	3023.0
7931.0	8214.0
3953.0	3762.0
6485.0	11572.0
4119.0	4100.0
6196.0	6317.0
3938.0	3974.0
8459.0	10078.0
6899.0	4047.0
10539.0	11003.0
8850.0	9198.0
9140.0	3974.0
9993.0	10431.0
9334.0	9349.0
10364.0	10391.0
6112.0	11670.0
8056.0	5822.0
4677.0	4722.0
10820.0	10589.0
992.0	7642.0
6112.0	11615.0
11700.0	12280.0
9783.0	3973.0
5639.0	5732.0
7660.0	11383.0
109.0	110.0
8144.0	8634.0
8056.0	8218.0
9220.0	9580.0
10332.0	10789.0
9817.0	10232.0
7999.0	4050.0
10897.0	11395.0
3527.0	3554.0
9284.0	1356.0
8842.0	9188.0
7130.0	7332.0
6989.0	1883.0
6485.0	6022.0
11492.0	12056.0
3344.0	1939.0
10800.0	6825.0
6558.0	3569.0
2935.0	2949.0
10364.0	9665.0
8730.0	9062.0
11551.0	8218.0
982.0	991.0
3216.0	3235.0
8663.0	9000.0
8056.0	4032.0
8184.0	8477.0
11269.0	7798.0
11098.0	11627.0
9631.0	4049.0
10384.0	10845.0
10888.0	5276.0
3728.0	11265.0
10888.0	2707.0
11136.0	9580.0
251.0	71.0
70.0	253.0
10897.0	3401.0
9917.0	9610.0
8144.0	10070.0
11670.0	9352.0
9496.0	11615.0
6899.0	4049.0
3902.0	3885.0
4119.0	4154.0
9681.0	10471.0
10908.0	11409.0
4363.0	6852.0
9496.0	10795.0
9631.0	9971.0
3565.0	3594.0
604.0	608.0
7660.0	12252.0
3851.0	3881.0
700.0	2943.0
6683.0	11800.0
9186.0	3402.0
6174.0	6292.0
7609.0	1910.0
9783.0	5822.0
194.0	196.0
9809.0	10224.0
3778.0	11385.0
9681.0	11615.0
2535.0	4608.0
5750.0	5848.0
2683.0	2699.0
8818.0	9160.0
68.0	11156.0
3998.0	8218.0
7936.0	8218.0
11371.0	6576.0
5695.0	11705.0
10672.0	10471.0
3850.0	3881.0
1020.0	3402.0
11242.0	11785.0
6430.0	10471.0
8056.0	9498.0
2312.0	2388.0
911.0	919.0
4853.0	4899.0
6008.0	6120.0
9631.0	4047.0
9070.0	9580.0
11670.0	9696.0
6222.0	9427.0
9597.0	3509.0
9917.0	833.0
339.0	4202.0
4340.0	4370.0
5481.0	9281.0
7418.0	5822.0
9599.0	5832.0
223.0	226.0
11670.0	9971.0
7418.0	3973.0
7606.0	7853.0
6717.0	6893.0
9314.0	5326.0
8147.0	8432.0
7430.0	7662.0
8459.0	9427.0
6666.0	10070.0
5286.0	9092.0
1876.0	107.0
1779.0	11484.0
6765.0	5999.0
7547.0	7790.0
5731.0	1790.0
6112.0	10471.0
901.0	909.0
1708.0	857.0
8740.0	8634.0
9070.0	11250.0
11551.0	4049.0
11412.0	7427.0
7262.0	7162.0
11158.0	4047.0
7999.0	8218.0
8314.0	7078.0
10730.0	5326.0
9037.0	6167.0
5543.0	3025.0
11670.0	9000.0
10233.0	6993.0
3998.0	4050.0
7262.0	4032.0
10497.0	10962.0
7525.0	144.0
969.0	3004.0
10077.0	8429.0
3010.0	2950.0
1005.0	1014.0
11751.0	3035.0
6899.0	4050.0
10743.0	9427.0
6765.0	12002.0
6164.0	11694.0
817.0	2355.0
9496.0	10078.0
11371.0	12027.0
10783.0	3762.0
9070.0	10795.0
7614.0	1237.0
8217.0	11896.0
10077.0	7798.0
10820.0	9696.0
6769.0	6944.0
7485.0	7723.0
1433.0	1441.0
4723.0	4769.0
5710.0	12329.0
1386.0	7078.0
6906.0	253.0
3699.0	3734.0
1446.0	6404.0
10364.0	12252.0
5652.0	10002.0
9104.0	1791.0
10672.0	9580.0
7.0	754.0
8250.0	5333.0
9872.0	9198.0
9209.0	7370.0
817.0	5510.0
3938.0	4032.0
10253.0	10699.0
7308.0	783.0
4273.0	4309.0
9681.0	6232.0
5695.0	11759.0
3867.0	3902.0
6605.0	6763.0
3624.0	3656.0
992.0	10391.0
7801.0	9427.0
11136.0	11250.0
6934.0	7129.0
9138.0	9496.0
10037.0	10480.0
10820.0	5326.0
7418.0	7642.0
7660.0	4032.0
5591.0	5680.0
7388.0	7611.0
8361.0	4047.0
992.0	8670.0
1223.0	3004.0
7331.0	7555.0
1812.0	8325.0
1501.0	1919.0
3375.0	3401.0
1629.0	1638.0
674.0	11276.0
9075.0	8634.0
11538.0	12110.0
9075.0	10070.0
9140.0	7642.0
6875.0	7061.0
674.0	9352.0
9783.0	10391.0
9209.0	9079.0
881.0	9933.0
6062.0	3523.0
11057.0	11580.0
1925.0	1937.0
5365.0	11203.0
4720.0	2144.0
3350.0	3402.0
10672.0	11670.0
1907.0	991.0
8250.0	1356.0
5346.0	10295.0
11371.0	10282.0
2989.0	2980.0
6598.0	6756.0
7955.0	8243.0
6707.0	6880.0
8217.0	7784.0
10702.0	4608.0
9917.0	368.0
5652.0	3973.0
3016.0	3031.0
3300.0	3324.0
9610.0	4032.0
11087.0	3402.0
1817.0	831.0
5652.0	5822.0
7534.0	8218.0
3899.0	3932.0
6287.0	4908.0
1386.0	8137.0
8056.0	6824.0
6174.0	9390.0
7542.0	4032.0
3010.0	9690.0
9584.0	10002.0
10820.0	8944.0
8475.0	8796.0
8217.0	5745.0
2170.0	2184.0
10831.0	11321.0
419.0	6714.0
1716.0	1728.0
992.0	3972.0
6134.0	6257.0
10522.0	10987.0
10077.0	10295.0
4575.0	4614.0
9872.0	10228.0
4326.0	4209.0
1806.0	1818.0
2236.0	2251.0
7542.0	10391.0
992.0	11939.0
9783.0	9156.0
10672.0	10795.0
3661.0	3694.0
6965.0	9971.0
9856.0	4047.0
6755.0	6930.0
8687.0	9023.0
9597.0	10301.0
9579.0	9965.0
5866.0	5967.0
8626.0	7555.0
8459.0	6232.0
8814.0	3972.0
7525.0	7420.0
5591.0	6756.0
4363.0	11800.0
2962.0	2977.0
11247.0	6528.0
10277.0	10729.0
5220.0	11385.0
7092.0	9198.0
1390.0	1400.0
9584.0	4050.0
6287.0	1500.0
2686.0	2710.0
2686.0	2708.0
2686.0	2711.0
2686.0	2709.0
5481.0	594.0
11269.0	5418.0
11670.0	9665.0
3236.0	3254.0
6852.0	11000.0
9681.0	11250.0
8056.0	4050.0
10029.0	11137.0
7384.0	7606.0
6222.0	1029.0
6435.0	6695.0
6965.0	8218.0
6666.0	10295.0
7999.0	7162.0
9610.0	9156.0
8217.0	11694.0
6667.0	4270.0
8307.0	8607.0
6683.0	6852.0
8025.0	10279.0
10337.0	9879.0
8891.0	3402.0
6899.0	8218.0
7111.0	7313.0
4110.0	4146.0
11169.0	11706.0
11670.0	10391.0
1282.0	1291.0
2281.0	2369.0
11371.0	5714.0
340.0	343.0
3998.0	9498.0
9186.0	11670.0
9243.0	12146.0
6430.0	11615.0
2978.0	2993.0
4644.0	4688.0
11150.0	5439.0
8740.0	10070.0
7801.0	10795.0
6812.0	6992.0
7660.0	9000.0
10148.0	10589.0
6890.0	1401.0
3498.0	3525.0
8217.0	6824.0
8018.0	3188.0
7487.0	4383.0
11551.0	9971.0
7542.0	9498.0
8433.0	8751.0
10447.0	1638.0
7262.0	5822.0
4660.0	4704.0
8459.0	3402.0
11218.0	5792.0
5108.0	5158.0
6890.0	1395.0
5469.0	12146.0
2010.0	1988.0
190.0	192.0
6666.0	7798.0
6683.0	4399.0
9209.0	8052.0
4132.0	2192.0
7979.0	8507.0
6965.0	4049.0
9631.0	5822.0
6589.0	6746.0
9901.0	10327.0
10820.0	11327.0
10672.0	6232.0
7542.0	4050.0
11136.0	10795.0
7262.0	4049.0
7525.0	11438.0
9675.0	7798.0
1223.0	977.0
8877.0	9225.0
10029.0	9879.0
8682.0	7310.0
10853.0	7279.0
6707.0	6334.0
2934.0	2949.0
9595.0	6528.0
9584.0	4032.0
9547.0	11383.0
9547.0	12252.0
7586.0	7370.0
6764.0	9427.0
10447.0	10598.0
6164.0	11383.0
9783.0	7642.0
10029.0	3402.0
9104.0	8514.0
11492.0	4049.0
10752.0	3411.0
10752.0	3412.0
10752.0	3410.0
10752.0	3413.0
8682.0	6673.0
6899.0	11383.0
2597.0	2614.0
9186.0	9879.0
8914.0	9264.0
11136.0	6232.0
9186.0	11615.0
8217.0	802.0
11150.0	12329.0
5520.0	446.0
8543.0	8871.0
6899.0	9971.0
7164.0	12146.0
70.0	10701.0
6222.0	9879.0
11256.0	6852.0
7704.0	8095.0
2743.0	8218.0
11492.0	4047.0
9070.0	6232.0
9631.0	8218.0
545.0	549.0
10886.0	11383.0
8497.0	2791.0
11670.0	7784.0
7418.0	9156.0
3384.0	8613.0
3382.0	8613.0
3383.0	8613.0
3385.0	8613.0
8361.0	4049.0
7418.0	3972.0
6222.0	10078.0
4520.0	4558.0
2192.0	2206.0
6485.0	7555.0
11551.0	4050.0
8361.0	9971.0
11042.0	12252.0
7262.0	4047.0
970.0	978.0
6965.0	4047.0
7979.0	4047.0
4682.0	4727.0
3690.0	1074.0
11492.0	6824.0
7801.0	9879.0
11492.0	9971.0
2656.0	2672.0
8982.0	7606.0
142.0	144.0
10123.0	4608.0
6965.0	5822.0
674.0	4047.0
7736.0	1237.0
1972.0	1985.0
6222.0	11137.0
10632.0	11093.0
9186.0	9580.0
8217.0	9352.0
6899.0	12252.0
4676.0	4724.0
8144.0	10295.0
341.0	4202.0
4679.0	4724.0
1998.0	9069.0
8217.0	11341.0
11371.0	6494.0
10888.0	9971.0
6717.0	9971.0
6899.0	10002.0
5346.0	10211.0
7951.0	8238.0
6112.0	11250.0
10370.0	10832.0
9681.0	10795.0
5710.0	10913.0
10077.0	7298.0
7743.0	8005.0
1779.0	1791.0
3010.0	11025.0
2370.0	2383.0
7262.0	9971.0
6164.0	4047.0
9010.0	9360.0
7794.0	8064.0
455.0	460.0
6430.0	3402.0
7542.0	8507.0
3527.0	3572.0
9603.0	3808.0
11158.0	4049.0
8821.0	200.0
8814.0	4032.0
7542.0	7784.0
9496.0	10471.0
4326.0	3401.0
1285.0	1294.0
6652.0	11137.0
7360.0	7583.0
6317.0	8218.0
11371.0	7745.0
8056.0	3973.0
6287.0	10090.0
362.0	366.0
992.0	7784.0
6830.0	11732.0
10405.0	10865.0
2437.0	2454.0
1020.0	3401.0
11269.0	10295.0
8821.0	2200.0
11485.0	12049.0
5091.0	12262.0
11269.0	7298.0
6693.0	6863.0
8144.0	7798.0
8056.0	9156.0
8277.0	8571.0
6222.0	10795.0
7487.0	4627.0
5652.0	4032.0
7660.0	9971.0
2533.0	2672.0
9675.0	8429.0
10654.0	11000.0
11145.0	5815.0
8722.0	7370.0
6717.0	4032.0
6652.0	9879.0
7936.0	4047.0
9809.0	10264.0
8901.0	4032.0
8814.0	3974.0
5290.0	11305.0
7979.0	9971.0
7395.0	7620.0
304.0	10992.0
3010.0	8331.0
10853.0	11344.0
7542.0	3973.0
9631.0	10002.0
7092.0	10228.0
1386.0	1397.0
7660.0	9665.0
9075.0	10295.0
9610.0	5822.0
11511.0	3522.0
6164.0	11340.0
5220.0	4049.0
5346.0	7298.0
4347.0	4384.0
7704.0	7963.0
11426.0	11987.0
7979.0	9156.0
7679.0	11670.0
42.0	39.0
817.0	8876.0
9681.0	3401.0
10364.0	9000.0
5971.0	3402.0
8056.0	8507.0
10568.0	9162.0
9652.0	10045.0
7979.0	3972.0
3689.0	3724.0
10447.0	5781.0
6717.0	4047.0
992.0	3974.0
6661.0	4047.0
5695.0	5792.0
11492.0	4032.0
189.0	1880.0
991.0	1091.0
5652.0	4050.0
6666.0	7298.0
8018.0	5510.0
8376.0	8686.0
550.0	8052.0
6196.0	9079.0
5817.0	3430.0
9514.0	2819.0
9186.0	11137.0
9070.0	3401.0
11449.0	12013.0
6222.0	11615.0
6485.0	10999.0
10849.0	10002.0
6652.0	10078.0
3846.0	3882.0
6661.0	9971.0
6112.0	9580.0
1487.0	959.0
3929.0	1791.0
6765.0	10165.0
10897.0	4209.0
7823.0	10356.0
9828.0	962.0
11492.0	5822.0
6430.0	10078.0
1998.0	2012.0
9584.0	5822.0
2048.0	2062.0
10672.0	11250.0
5220.0	8218.0
5545.0	5630.0
9584.0	9498.0
11551.0	10002.0
3816.0	9971.0
6112.0	10795.0
7794.0	9965.0
8747.0	9081.0
8409.0	11879.0
7.0	386.0
5914.0	11790.0
11561.0	4383.0
6764.0	3402.0
8814.0	5822.0
8740.0	10295.0
9610.0	11694.0
1442.0	1451.0
9473.0	9856.0
30.0	30.0
7525.0	12337.0
5346.0	8429.0
1386.0	1401.0
3482.0	3510.0
9610.0	9498.0
5727.0	5823.0
9089.0	2819.0
7418.0	10391.0
3534.0	3561.0
5302.0	3523.0
6196.0	12146.0
9165.0	3401.0
9738.0	9679.0
7979.0	4049.0
1391.0	1395.0
3014.0	12044.0
7979.0	10002.0
3383.0	7078.0
3384.0	7078.0
3385.0	7078.0
3382.0	7078.0
10730.0	12329.0
992.0	802.0
6164.0	4049.0
4326.0	9427.0
257.0	5498.0
6317.0	11143.0
9382.0	12217.0
1020.0	4209.0
2683.0	2705.0
7993.0	1397.0
5580.0	5668.0
674.0	9971.0
11256.0	4399.0
3010.0	2949.0
6317.0	4047.0
6899.0	4032.0
3938.0	5822.0
5940.0	5824.0
5407.0	5481.0
10497.0	5822.0
8211.0	11694.0
3559.0	3588.0
9075.0	8429.0
5346.0	7555.0
1276.0	3627.0
11670.0	4047.0
6209.0	6177.0
8459.0	11137.0
7660.0	8218.0
5652.0	9498.0
6196.0	5781.0
8891.0	9241.0
11178.0	10202.0
9243.0	9606.0
8833.0	9175.0
10769.0	11137.0
10473.0	3025.0
11668.0	12250.0
10508.0	10973.0
3021.0	3035.0
1481.0	1489.0
817.0	1829.0
5545.0	10795.0
102.0	8514.0
7660.0	4047.0
5798.0	7370.0
7659.0	7427.0
8025.0	9432.0
10158.0	200.0
5220.0	4032.0
10743.0	3402.0
9774.0	3658.0
6317.0	4049.0
8056.0	10391.0
10497.0	4049.0
1276.0	1285.0
5652.0	7642.0
9610.0	8507.0
9631.0	11383.0
4676.0	3417.0
9675.0	7298.0
6661.0	4049.0
992.0	11694.0
8891.0	6081.0
8056.0	11694.0
2720.0	2735.0
3176.0	9162.0
9140.0	10391.0
8740.0	8429.0
6683.0	6292.0
2687.0	2703.0
6157.0	9079.0
2037.0	4032.0
5971.0	6081.0
2592.0	2609.0
9675.0	5418.0
2037.0	5822.0
10743.0	11137.0
4340.0	4376.0
1477.0	292.0
11615.0	12193.0
10745.0	11221.0
10769.0	9879.0
10029.0	11615.0
10077.0	5418.0
3559.0	4047.0
8307.0	10315.0
6717.0	8218.0
9783.0	11385.0
9417.0	5832.0
3874.0	3909.0
7542.0	9156.0
6852.0	7034.0
6652.0	10471.0
11158.0	9971.0
9610.0	3973.0
6371.0	6504.0
9610.0	2707.0
6222.0	3401.0
6317.0	9971.0
5428.0	5505.0
1103.0	2892.0
9631.0	4050.0
11145.0	7988.0
2689.0	2705.0
7660.0	6893.0
992.0	9352.0
10831.0	6167.0
6222.0	10471.0
10364.0	4049.0
1096.0	1107.0
7609.0	12223.0
7979.0	8218.0
10364.0	4047.0
10447.0	11631.0
927.0	935.0
9813.0	10178.0
6196.0	7370.0
6163.0	6281.0
7534.0	4047.0
7821.0	7963.0
6164.0	9971.0
10769.0	11615.0
2281.0	6529.0
10364.0	9971.0
7555.0	5418.0
9089.0	7541.0
1926.0	1451.0
6485.0	11093.0
6272.0	3845.0
11551.0	4032.0
950.0	3189.0
9496.0	9580.0
8217.0	8282.0
8320.0	8619.0
68.0	6519.0
5220.0	9971.0
2456.0	2471.0
5543.0	6528.0
5652.0	8238.0
198.0	9162.0
8250.0	9651.0
10447.0	11743.0
6063.0	11093.0
3953.0	11265.0
8722.0	9079.0
7659.0	10202.0
2590.0	2614.0
1856.0	1869.0
3689.0	9162.0
9140.0	6824.0
9917.0	6219.0
456.0	459.0
5220.0	4047.0
11247.0	3025.0
8144.0	7298.0
3296.0	3320.0
7999.0	7642.0
6164.0	8218.0
11087.0	11670.0
11551.0	11383.0
8144.0	5418.0
9595.0	11716.0
1290.0	1299.0
11168.0	11705.0
6063.0	6177.0
2799.0	2814.0
11203.0	11631.0
6222.0	11250.0
4849.0	4895.0
102.0	1791.0
1708.0	1718.0
1973.0	1986.0
6164.0	12252.0
7662.0	10070.0
3851.0	3886.0
2037.0	4049.0
6965.0	4050.0
11615.0	8625.0
5652.0	8507.0
7999.0	9498.0
6063.0	6022.0
8364.0	10170.0
1390.0	5914.0
6717.0	4049.0
10820.0	6547.0
10048.0	3025.0
9502.0	3813.0
9140.0	5723.0
7951.0	8218.0
6652.0	11615.0
8682.0	8514.0
9813.0	10070.0
7826.0	4608.0
2343.0	2360.0
11371.0	9452.0
7679.0	9427.0
3173.0	1495.0
11080.0	1281.0
9813.0	8634.0
7693.0	12217.0
4935.0	4982.0
9040.0	9393.0
6965.0	10002.0
3559.0	9971.0
5454.0	9079.0
7502.0	7741.0
8314.0	1395.0
8211.0	10002.0
11412.0	10202.0
10820.0	10327.0
9089.0	4005.0
11670.0	8218.0
4738.0	7904.0
2028.0	2140.0
6652.0	11670.0
3559.0	4049.0
11670.0	4032.0
5220.0	9498.0
2455.0	11241.0
8523.0	4209.0
9104.0	2158.0
8447.0	8768.0
6430.0	11250.0
8764.0	9099.0
10364.0	8218.0
6430.0	9580.0
9937.0	10370.0
5866.0	3188.0
9483.0	9864.0
2394.0	2411.0
1779.0	6808.0
260.0	10908.0
2797.0	2812.0
9631.0	12252.0
10897.0	9427.0
1897.0	5073.0
9597.0	7785.0
7979.0	3973.0
8217.0	3588.0
1890.0	8164.0
11380.0	9971.0
2312.0	4155.0
4326.0	11395.0
817.0	4289.0
7801.0	10078.0
1401.0	1409.0
9783.0	11276.0
2922.0	2937.0
341.0	343.0
6222.0	11670.0
9382.0	9750.0
5726.0	2051.0
222.0	7789.0
6287.0	11701.0
3010.0	10934.0
10535.0	10999.0
2108.0	2120.0
11178.0	7427.0
8682.0	4923.0
789.0	797.0
10447.0	8052.0
10820.0	11203.0
6287.0	3484.0
3505.0	12379.0
9610.0	7642.0
7733.0	7995.0
10373.0	11383.0
3998.0	3973.0
5591.0	11146.0
2177.0	4049.0
6666.0	5418.0
674.0	8218.0
992.0	6824.0
9075.0	7798.0
8376.0	11734.0
10912.0	8758.0
6939.0	7134.0
10536.0	7034.0
1386.0	1399.0
817.0	8126.0
5346.0	6177.0
9334.0	3269.0
7662.0	8634.0
7125.0	7326.0
5220.0	10002.0
5545.0	9879.0
8982.0	9333.0
1259.0	1268.0
6430.0	6232.0
8390.0	8703.0
6388.0	6523.0
2177.0	4047.0
5798.0	9079.0
10743.0	9879.0
7801.0	10471.0
2458.0	2475.0
2177.0	12252.0
4676.0	8243.0
7164.0	11743.0
6157.0	7370.0
8626.0	11385.0
8217.0	5723.0
5558.0	5644.0
3929.0	8514.0
8745.0	11743.0
2455.0	2471.0
10029.0	10078.0
11670.0	11276.0
10568.0	2200.0
7262.0	12252.0
9059.0	10913.0
6017.0	6130.0
4874.0	3394.0
5652.0	10391.0
5577.0	10389.0
6661.0	10002.0
3008.0	6528.0
794.0	802.0
1674.0	1684.0
11492.0	9498.0
6307.0	6441.0
2177.0	8218.0
6764.0	11137.0
5652.0	9156.0
2590.0	2596.0
8804.0	7427.0
1391.0	5914.0
9312.0	9679.0
9063.0	11703.0
9579.0	8064.0
10903.0	11403.0
8211.0	11383.0
5729.0	5825.0
674.0	4049.0
11412.0	9142.0
10743.0	10078.0
8056.0	3972.0
8516.0	3552.0
6661.0	9498.0
8814.0	7642.0
9243.0	1638.0
3344.0	1451.0
9856.0	5822.0
3648.0	10432.0
9584.0	3973.0
8901.0	12252.0
339.0	343.0
104.0	105.0
7660.0	9498.0
6222.0	9580.0
3679.0	3713.0
7262.0	10002.0
11492.0	10002.0
10337.0	9427.0
7542.0	9352.0
736.0	743.0
738.0	744.0
735.0	745.0
735.0	744.0
735.0	742.0
735.0	743.0
736.0	745.0
738.0	745.0
738.0	742.0
738.0	743.0
736.0	744.0
737.0	744.0
737.0	743.0
737.0	745.0
736.0	742.0
737.0	742.0
11476.0	12040.0
9567.0	9950.0
8901.0	4047.0
7936.0	9971.0
969.0	3476.0
5914.0	11093.0
10364.0	10002.0
8901.0	4049.0
10743.0	10471.0
9579.0	11093.0
1620.0	1629.0
1897.0	1444.0
8361.0	8218.0
3380.0	3408.0
10980.0	9160.0
674.0	5822.0
11269.0	5505.0
10373.0	11276.0
8261.0	8553.0
6511.0	4047.0
11087.0	9879.0
3938.0	7642.0
970.0	979.0
3778.0	6191.0
2683.0	7555.0
6164.0	9665.0
10536.0	8211.0
7542.0	7642.0
3684.0	3718.0
11111.0	12329.0
3846.0	3885.0
9856.0	9971.0
8901.0	11383.0
454.0	460.0
8740.0	7798.0
8056.0	7642.0
7660.0	6824.0
9140.0	7784.0
7999.0	9156.0
5220.0	3974.0
9186.0	10471.0
3875.0	3910.0
9681.0	4209.0
11412.0	9965.0
9417.0	5781.0
10849.0	11694.0
9514.0	7541.0
10029.0	7560.0
9502.0	9882.0
3181.0	11055.0
10912.0	345.0
5469.0	9919.0
5365.0	5326.0
9357.0	9726.0
9140.0	11276.0
10373.0	12252.0
6890.0	1394.0
11087.0	11137.0
7262.0	11383.0
3998.0	8507.0
6564.0	6714.0
5550.0	5635.0
9599.0	11743.0
3902.0	3882.0
6680.0	7427.0
3941.0	2955.0
2131.0	4766.0
11441.0	4049.0
925.0	6666.0
10364.0	3588.0
5220.0	6320.0
1222.0	1231.0
5508.0	11137.0
102.0	4923.0
9856.0	4049.0
1233.0	11055.0
11599.0	12174.0
11412.0	6022.0
11551.0	12252.0
10648.0	11110.0
9567.0	6756.0
9724.0	10423.0
7262.0	4050.0
9783.0	6824.0
9599.0	2289.0
6461.0	12217.0
7841.0	3514.0
3350.0	3376.0
9514.0	4005.0
10583.0	11045.0
10497.0	9971.0
7028.0	10455.0
5276.0	5337.0
3008.0	2949.0
9631.0	10391.0
339.0	344.0
5710.0	11987.0
10029.0	10624.0
11269.0	10228.0
9104.0	6576.0
9496.0	11670.0
11380.0	4047.0
11343.0	8553.0
9417.0	11743.0
7418.0	6824.0
3513.0	3540.0
7113.0	3514.0
11067.0	11592.0
6317.0	4032.0
11412.0	8064.0
3998.0	7642.0
7962.0	12146.0
7660.0	4049.0
11412.0	11093.0
7693.0	7951.0
3375.0	9912.0
8901.0	9971.0
8626.0	10211.0
8720.0	4047.0
3998.0	10391.0
5496.0	5580.0
11269.0	9198.0
10155.0	10595.0
9140.0	802.0
10077.0	10228.0
11370.0	10893.0
8361.0	5822.0
6439.0	6578.0
8361.0	10002.0
8211.0	12252.0
11743.0	6303.0
9610.0	11340.0
1391.0	1399.0
6222.0	4209.0
6317.0	10002.0
11136.0	3401.0
9547.0	4032.0
9597.0	10102.0
3330.0	1759.0
2177.0	9971.0
6196.0	4043.0
9584.0	8507.0
8459.0	11670.0
9072.0	9195.0
10992.0	11495.0
6165.0	11152.0
7354.0	6803.0
9075.0	10228.0
1891.0	1903.0
6661.0	8218.0
969.0	979.0
7801.0	11670.0
817.0	751.0
7979.0	4032.0
992.0	11143.0
4291.0	5698.0
9775.0	10189.0
4291.0	10598.0
10029.0	11670.0
5074.0	5123.0
3571.0	1495.0
6875.0	11035.0
992.0	12252.0
9401.0	11670.0
7979.0	4050.0
6717.0	9498.0
10447.0	7393.0
7262.0	8218.0
7.0	1691.0
2476.0	2493.0
6764.0	10078.0
6511.0	9971.0
11158.0	8218.0
6196.0	5698.0
3702.0	3738.0
8385.0	8699.0
68.0	39.0
5268.0	5439.0
10571.0	11035.0
3998.0	9156.0
5415.0	7904.0
3820.0	1791.0
9547.0	9665.0
817.0	3226.0
5545.0	3402.0
8093.0	7560.0
9554.0	8169.0
4716.0	4370.0
11670.0	4049.0
6511.0	11383.0
9566.0	9948.0
6164.0	10391.0
10831.0	9390.0
6899.0	5822.0
11441.0	4943.0
9401.0	5326.0
6174.0	6167.0
4331.0	4367.0
11343.0	9079.0
7936.0	4049.0
10447.0	5698.0
11412.0	11611.0
9659.0	10052.0
7542.0	11694.0
8217.0	7628.0
1020.0	6081.0
6430.0	11670.0
9681.0	11395.0
9382.0	5576.0
7660.0	10391.0
1812.0	1824.0
8459.0	9879.0
2683.0	6177.0
7542.0	3972.0
2703.0	8514.0
4291.0	12146.0
5380.0	5322.0
1390.0	1395.0
6652.0	10795.0
253.0	10650.0
10210.0	255.0
10849.0	11340.0
9584.0	7642.0
9334.0	7747.0
11193.0	4047.0
6765.0	10942.0
8745.0	12146.0
8523.0	8754.0
6196.0	8553.0
992.0	11385.0
5241.0	5300.0
6341.0	3525.0
2729.0	8218.0
7614.0	4720.0
9417.0	12146.0
10497.0	8218.0
10232.0	9950.0
11468.0	12030.0
6965.0	4032.0
10769.0	10078.0
9075.0	7298.0
7659.0	9965.0
8217.0	11939.0
4981.0	5029.0
9417.0	4043.0
11789.0	9473.0
6062.0	9877.0
6133.0	1074.0
6062.0	6175.0
10364.0	4032.0
8025.0	5984.0
1092.0	1103.0
1233.0	11787.0
4341.0	4690.0
11193.0	9971.0
9783.0	11694.0
2050.0	2114.0
9307.0	3025.0
10029.0	7061.0
2992.0	2991.0
8447.0	10913.0
8314.0	1401.0
10897.0	10078.0
11136.0	4209.0
3929.0	331.0
7113.0	7315.0
68.0	253.0
251.0	69.0
7.0	8041.0
8687.0	12172.0
2564.0	2585.0
6063.0	10202.0
9496.0	6232.0
5290.0	9445.0
79.0	80.0
2672.0	2687.0
3389.0	1237.0
6764.0	9879.0
8525.0	6940.0
6765.0	8854.0
11164.0	11699.0
5940.0	6048.0
1915.0	1945.0
8144.0	9198.0
6029.0	6140.0
7555.0	10070.0
10412.0	10872.0
5769.0	5868.0
10894.0	11392.0
11371.0	6808.0
39.0	39.0
9140.0	7162.0
9059.0	9417.0
11116.0	8625.0
3181.0	11787.0
11150.0	6281.0
10769.0	11670.0
11150.0	11495.0
9496.0	11250.0
6759.0	1237.0
1054.0	1063.0
9382.0	10973.0
9314.0	10264.0
9547.0	9000.0
3474.0	3427.0
9212.0	9570.0
5346.0	11743.0
11670.0	10002.0
10255.0	41.0
5481.0	8156.0
3384.0	1394.0
3385.0	1394.0
3383.0	1394.0
3382.0	1394.0
8056.0	7784.0
454.0	459.0
3870.0	3905.0
7801.0	11250.0
969.0	6588.0
8276.0	10381.0
6435.0	6571.0
11158.0	4032.0
5731.0	2645.0
8459.0	10471.0
1223.0	2964.0
9917.0	6957.0
8224.0	2534.0
8217.0	8238.0
10888.0	8218.0
1223.0	2991.0
187.0	189.0
3998.0	7162.0
1652.0	2327.0
9454.0	9829.0
6237.0	9971.0
10137.0	10578.0
11380.0	4049.0
11080.0	11608.0
2743.0	4049.0
9027.0	2556.0
5049.0	5098.0
9314.0	10078.0
2992.0	3004.0
11492.0	4050.0
4861.0	4907.0
6965.0	7162.0
6562.0	11130.0
8740.0	7298.0
5710.0	9427.0
5871.0	4047.0
5726.0	5822.0
9917.0	10101.0
9382.0	7951.0
9382.0	8734.0
7662.0	10295.0
5346.0	10228.0
7660.0	10002.0
8626.0	8961.0
7075.0	7279.0
11412.0	2950.0
775.0	1718.0
3820.0	4923.0
7418.0	9195.0
7228.0	7442.0
7801.0	11137.0
11670.0	5822.0
3529.0	3538.0
9631.0	9498.0
6359.0	4047.0
2683.0	6880.0
2966.0	2981.0
7659.0	11973.0
7262.0	9000.0
11426.0	5808.0
9917.0	5574.0
5380.0	11308.0
8901.0	5822.0
1450.0	1459.0
5489.0	4047.0
9783.0	3974.0
2683.0	8961.0
10029.0	10795.0
7662.0	7298.0
3559.0	8218.0
2186.0	3192.0
3953.0	3417.0
7542.0	11276.0
6666.0	10228.0
3344.0	1744.0
3014.0	3029.0
7662.0	8429.0
5914.0	10864.0
10210.0	7806.0
5873.0	5976.0
9567.0	10674.0
7693.0	5976.0
6567.0	10002.0
11670.0	10178.0
9738.0	6349.0
1386.0	1400.0
9417.0	554.0
817.0	6588.0
7262.0	10391.0
1897.0	3576.0
8025.0	8634.0
7274.0	9345.0
10104.0	10547.0
6567.0	11383.0
11145.0	639.0
6890.0	1397.0
6683.0	9390.0
6341.0	6476.0
9584.0	9156.0
5380.0	5326.0
3498.0	6476.0
8217.0	11640.0
11178.0	6022.0
3598.0	3627.0
251.0	11902.0
11349.0	253.0
8305.0	8607.0
7659.0	11093.0
9917.0	9112.0
5469.0	11631.0
9775.0	12016.0
9070.0	4209.0
7999.0	3973.0
6164.0	4032.0
6679.0	11403.0
7534.0	11383.0
6717.0	10002.0
5869.0	5971.0
6899.0	7162.0
6237.0	6364.0
7401.0	9971.0
8361.0	4032.0
4644.0	4693.0
5290.0	7940.0
102.0	6576.0
7659.0	6528.0
9254.0	9616.0
6598.0	5680.0
9072.0	3974.0
6652.0	11250.0
9072.0	11383.0
6317.0	6824.0
11551.0	5822.0
3820.0	8514.0
9872.0	9432.0
7693.0	9750.0
6511.0	4032.0
9856.0	8218.0
8812.0	9154.0
8459.0	11615.0
9675.0	9198.0
7404.0	1074.0
3998.0	3972.0
10908.0	8222.0
7801.0	3402.0
10743.0	11670.0
3953.0	3191.0
6899.0	10391.0
9964.0	10402.0
9631.0	9000.0
6485.0	10202.0
11193.0	4049.0
10447.0	9919.0
6899.0	9000.0
1999.0	9864.0
2395.0	7628.0
10029.0	9580.0
6667.0	3356.0
1386.0	8127.0
7555.0	8634.0
9828.0	8616.0
2037.0	4047.0
11158.0	4050.0
1228.0	7879.0
10769.0	4209.0
5736.0	12146.0
11364.0	11920.0
5454.0	7370.0
6317.0	10391.0
6209.0	7555.0
11343.0	7370.0
6511.0	12252.0
6006.0	9079.0
10784.0	5313.0
2276.0	2183.0
10752.0	8613.0
8217.0	9000.0
7338.0	11250.0
5481.0	10183.0
9547.0	10391.0
5652.0	7784.0
9514.0	754.0
11049.0	6177.0
8631.0	8967.0
5255.0	1356.0
1386.0	3415.0
7614.0	3762.0
251.0	7789.0
9140.0	9352.0
10221.0	10663.0
9075.0	5418.0
10888.0	4047.0
7852.0	8126.0
8624.0	69.0
9783.0	7162.0
9597.0	7644.0
5940.0	7160.0
7586.0	5832.0
11412.0	11716.0
992.0	6413.0
6764.0	11670.0
6461.0	6130.0
8217.0	10330.0
3728.0	3191.0
6765.0	8885.0
10048.0	6528.0
9186.0	11395.0
6063.0	7427.0
4875.0	5992.0
11158.0	5822.0
8459.0	10795.0
2703.0	4923.0
7418.0	3974.0
7659.0	6022.0
6485.0	7427.0
9738.0	10139.0
7418.0	7162.0
7305.0	7527.0
8211.0	9665.0
9104.0	12027.0
10701.0	7314.0
8720.0	9971.0
7659.0	11716.0
3929.0	6576.0
674.0	4032.0
5543.0	5626.0
9917.0	2720.0
7999.0	8507.0
7659.0	8064.0
6764.0	10471.0
2543.0	2560.0
9939.0	10372.0
4877.0	2718.0
8720.0	9053.0
9104.0	5136.0
6511.0	8218.0
8901.0	9000.0
3375.0	4209.0
5481.0	574.0
10769.0	10624.0
992.0	8238.0
9597.0	7382.0
10678.0	4118.0
9027.0	10204.0
9917.0	912.0
5912.0	6020.0
10849.0	9971.0
9838.0	10255.0
11150.0	11978.0
10849.0	4047.0
3848.0	3883.0
3010.0	952.0
1077.0	1088.0
10769.0	9580.0
1897.0	5049.0
6317.0	5822.0
1386.0	1394.0
8139.0	11615.0
992.0	11383.0
6272.0	6404.0
11178.0	11093.0
10337.0	11137.0
10312.0	10768.0
7966.0	8251.0
3576.0	3605.0
6359.0	9971.0
7705.0	11920.0
9675.0	10228.0
6852.0	8211.0
9809.0	8703.0
11371.0	1791.0
10955.0	10795.0
5838.0	5937.0
11158.0	6495.0
8217.0	6495.0
251.0	39.0
9254.0	4608.0
11087.0	10471.0
4705.0	4154.0
6511.0	10391.0
10337.0	10471.0
9089.0	6642.0
10447.0	11017.0
2177.0	11276.0
2683.0	11743.0
10535.0	11572.0
10820.0	5439.0
6679.0	3417.0
6164.0	9000.0
8314.0	1394.0
3495.0	8851.0
11150.0	11670.0
10632.0	6621.0
8682.0	6576.0
6317.0	9443.0
8361.0	11276.0
5871.0	4049.0
2232.0	2247.0
992.0	5723.0
3387.0	3415.0
7993.0	9264.0
9813.0	8429.0
8018.0	6475.0
5492.0	5576.0
419.0	8514.0
2638.0	2654.0
8261.0	11894.0
3810.0	3845.0
703.0	708.0
8217.0	10962.0
8523.0	9523.0
9832.0	5273.0
7418.0	11276.0
4326.0	11670.0
9856.0	10002.0
2462.0	2479.0
6511.0	4049.0
8217.0	8670.0
7311.0	7534.0
6112.0	3401.0
10579.0	11042.0
7.0	3335.0
3537.0	12135.0
8901.0	10002.0
8361.0	4050.0
1390.0	1399.0
10453.0	5823.0
4619.0	4775.0
8734.0	12329.0
9186.0	10795.0
9401.0	12329.0
7292.0	12329.0
9554.0	9936.0
3524.0	3551.0
2037.0	11276.0
9610.0	802.0
5469.0	10078.0
4081.0	4116.0
1259.0	313.0
10340.0	11172.0
10701.0	10798.0
674.0	10002.0
10769.0	10795.0
9382.0	12204.0
6679.0	4720.0
5652.0	11276.0
8804.0	10202.0
10743.0	11250.0
817.0	3819.0
8217.0	12252.0
10747.0	4608.0
10784.0	8634.0
10232.0	10674.0
9813.0	7798.0
5290.0	11542.0
8046.0	3025.0
10853.0	11003.0
11371.0	8676.0
10955.0	9427.0
5871.0	8218.0
9140.0	11694.0
7693.0	10973.0
9763.0	4608.0
8988.0	8169.0
8324.0	4050.0
11615.0	10078.0
7001.0	7202.0
3606.0	3635.0
5073.0	5122.0
6063.0	7555.0
3459.0	3487.0
6783.0	1791.0
11150.0	5326.0
2683.0	8990.0
6652.0	9580.0
3953.0	7861.0
7542.0	6824.0
10447.0	6317.0
3816.0	4047.0
4125.0	4161.0
9059.0	12217.0
8217.0	2412.0
2090.0	2103.0
10029.0	6232.0
5286.0	9981.0
5575.0	7427.0
9314.0	11670.0
2464.0	2481.0
9140.0	5745.0
8361.0	9498.0
2978.0	2994.0
10605.0	11066.0
8364.0	11241.0
9681.0	9523.0
3519.0	3546.0
10411.0	10871.0
260.0	7473.0
6661.0	4032.0
2177.0	10391.0
2372.0	2388.0
10233.0	8976.0
6661.0	3973.0
5481.0	593.0
9783.0	8238.0
1906.0	6749.0
817.0	27.0
2227.0	2242.0
8663.0	8218.0
7164.0	5781.0
6006.0	7370.0
9753.0	1791.0
3010.0	6088.0
10820.0	8164.0
7490.0	7728.0
11087.0	10078.0
3929.0	4923.0
9417.0	1638.0
11492.0	10391.0
304.0	10888.0
7659.0	9142.0
8950.0	9300.0
8901.0	8218.0
10849.0	4049.0
7660.0	9352.0
9072.0	12252.0
9243.0	7370.0
8025.0	7798.0
456.0	458.0
6317.0	9498.0
6717.0	4050.0
9753.0	6576.0
7609.0	5049.0
9314.0	5439.0
102.0	12027.0
4853.0	8285.0
550.0	10598.0
7999.0	11694.0
8982.0	9576.0
7418.0	7784.0
7534.0	12252.0
9483.0	2013.0
2037.0	10391.0
10373.0	4047.0
817.0	831.0
8891.0	3401.0
6173.0	1476.0
6680.0	9965.0
817.0	8620.0
11203.0	7555.0
8814.0	11276.0
3998.0	6824.0
10743.0	10795.0
8988.0	9341.0
9783.0	5745.0
4987.0	9433.0
6957.0	4047.0
7604.0	7851.0
6661.0	5822.0
11492.0	2051.0
5763.0	5326.0
5914.0	7427.0
9631.0	9665.0
3540.0	3568.0
9209.0	5832.0
9243.0	4043.0
11492.0	8218.0
5469.0	4043.0
8682.0	5714.0
4347.0	4627.0
6063.0	9142.0
8217.0	5276.0
6595.0	6753.0
9104.0	6596.0
453.0	8127.0
8842.0	6756.0
4720.0	9028.0
3559.0	10002.0
9089.0	1756.0
9165.0	4209.0
6717.0	5822.0
11178.0	9965.0
5489.0	9971.0
10743.0	11615.0
11027.0	2475.0
11441.0	9971.0
7693.0	12204.0
11670.0	9498.0
5763.0	12329.0
10029.0	4209.0
9140.0	11896.0
4272.0	4841.0
11178.0	11973.0
817.0	7928.0
9334.0	4645.0
6334.0	6470.0
9917.0	7206.0
10378.0	11282.0
8804.0	11611.0
7614.0	3417.0
6485.0	10864.0
3010.0	9576.0
9417.0	6317.0
10539.0	10225.0
6013.0	6125.0
8276.0	10284.0
10831.0	6292.0
6282.0	5302.0
7581.0	7828.0
6164.0	4050.0
5591.0	9188.0
9140.0	11341.0
6511.0	10002.0
11136.0	8074.0
4273.0	4308.0
9768.0	10228.0
455.0	458.0
9572.0	9957.0
2743.0	9971.0
7650.0	4664.0
11150.0	11699.0
9314.0	11699.0
4835.0	7108.0
9865.0	10287.0
2186.0	1238.0
5731.0	7756.0
11193.0	8218.0
8804.0	6528.0
6661.0	10391.0
9417.0	9919.0
1716.0	4100.0
6852.0	7778.0
10817.0	11305.0
10568.0	7522.0
2683.0	11390.0
1923.0	5139.0
8361.0	10391.0
5736.0	11743.0
7823.0	10578.0
2453.0	2470.0
7586.0	11743.0
3998.0	11694.0
6063.0	11716.0
2205.0	2194.0
1053.0	1062.0
10688.0	11158.0
6485.0	9142.0
453.0	1395.0
7679.0	3402.0
9070.0	12329.0
2177.0	4032.0
4738.0	4784.0
4654.0	9057.0
6717.0	3973.0
10497.0	4050.0
9597.0	10132.0
908.0	916.0
7679.0	10078.0
9072.0	10002.0
8217.0	4043.0
5471.0	5555.0
6485.0	9965.0
7659.0	11611.0
9631.0	7162.0
5220.0	4050.0
6063.0	11973.0
2437.0	82.0
4165.0	342.0
9547.0	4047.0
10817.0	5355.0
6209.0	5418.0
3403.0	3430.0
5290.0	11705.0
8833.0	11853.0
8814.0	802.0
8217.0	7647.0
3122.0	3138.0
8056.0	802.0
1915.0	1927.0
7659.0	8331.0
1915.0	4791.0
5971.0	3401.0
8901.0	10391.0
6652.0	3401.0
3789.0	3824.0
8056.0	3974.0
8018.0	27.0
11441.0	9000.0
3587.0	6121.0
10539.0	11615.0
3901.0	3934.0
7662.0	7798.0
10447.0	8553.0
498.0	502.0
7936.0	3973.0
102.0	2158.0
10897.0	1029.0
6237.0	4047.0
7693.0	8734.0
6764.0	10795.0
9075.0	11078.0
3998.0	7784.0
6621.0	5326.0
6922.0	7113.0
11551.0	9000.0
3816.0	4049.0
3010.0	7427.0
8682.0	6596.0
9417.0	5698.0
5866.0	180.0
7659.0	3025.0
6448.0	6588.0
8025.0	10143.0
6196.0	1638.0
6661.0	8507.0
9357.0	6167.0
7659.0	10516.0
3696.0	3731.0
7112.0	253.0
6062.0	5368.0
8720.0	8218.0
6345.0	3394.0
9072.0	9000.0
3938.0	10391.0
8889.0	9239.0
5136.0	5186.0
7534.0	9665.0
10447.0	2289.0
9104.0	2719.0
10665.0	11130.0
10340.0	41.0
8344.0	8650.0
9314.0	6292.0
7660.0	9696.0
9595.0	3023.0
10730.0	10589.0
10497.0	10002.0
6661.0	4050.0
4059.0	991.0
817.0	1899.0
1890.0	11327.0
10970.0	11403.0
1389.0	1394.0
2177.0	11383.0
794.0	9971.0
7705.0	6224.0
11150.0	7508.0
10373.0	802.0
1385.0	1395.0
8626.0	11383.0
5914.0	10202.0
11551.0	9665.0
8525.0	420.0
8740.0	5418.0
9787.0	10202.0
11169.0	10547.0
9075.0	10850.0
570.0	574.0
1447.0	1457.0
3380.0	10189.0
6680.0	11819.0
6063.0	11611.0
10701.0	11156.0
6165.0	6283.0
4656.0	3025.0
6661.0	12056.0
7512.0	7750.0
8025.0	10295.0
10783.0	3417.0
7125.0	11615.0
9089.0	6071.0
8827.0	9473.0
3998.0	5723.0
9089.0	11022.0
2743.0	4047.0
8604.0	5326.0
6890.0	8137.0
340.0	344.0
8682.0	2158.0
7936.0	4050.0
8842.0	5680.0
5380.0	10589.0
8823.0	12013.0
7418.0	3588.0
8604.0	12329.0
8144.0	10228.0
7124.0	7325.0
1714.0	4005.0
5469.0	9427.0
992.0	9053.0
3728.0	1356.0
3938.0	11896.0
10769.0	6232.0
961.0	3227.0
11036.0	11553.0
9610.0	3972.0
674.0	9498.0
6112.0	4209.0
11476.0	9225.0
1077.0	1087.0
5710.0	10422.0
6063.0	6528.0
11412.0	6621.0
5652.0	6824.0
3728.0	4720.0
10077.0	9198.0
10888.0	9352.0
11571.0	8052.0
8525.0	5999.0
6899.0	9665.0
1626.0	1635.0
5703.0	5801.0
7955.0	4724.0
9631.0	9352.0
10373.0	10391.0
9111.0	254.0
6567.0	4047.0
5685.0	7370.0
9314.0	11203.0
5763.0	5439.0
6063.0	9965.0
7534.0	4049.0
11441.0	11383.0
674.0	7784.0
11158.0	11340.0
8934.0	11383.0
10048.0	10491.0
5652.0	3972.0
7125.0	9427.0
2343.0	3502.0
11178.0	8064.0
5268.0	11203.0
1386.0	8877.0
9298.0	9665.0
8745.0	10598.0
5063.0	5112.0
11754.0	12329.0
9216.0	3025.0
8745.0	10913.0
7418.0	11694.0
950.0	1077.0
4916.0	4963.0
255.0	7806.0
3728.0	3417.0
6567.0	12252.0
1386.0	6280.0
1472.0	959.0
1431.0	1439.0
6679.0	5481.0
10148.0	5322.0
3389.0	4720.0
1406.0	1415.0
3380.0	12016.0
7525.0	7509.0
6063.0	3025.0
5652.0	11694.0
8543.0	10211.0
6957.0	9971.0
881.0	2192.0
9165.0	9241.0
5420.0	12082.0
10148.0	11308.0
10233.0	7930.0
9267.0	9633.0
10373.0	9000.0
2330.0	3868.0
6965.0	9156.0
1451.0	1460.0
2934.0	1295.0
6317.0	11383.0
7759.0	9023.0
6448.0	978.0
9532.0	5273.0
3816.0	5822.0
3559.0	4032.0
10801.0	3502.0
2367.0	2383.0
3090.0	3106.0
9072.0	6413.0
8018.0	7928.0
11136.0	5326.0
9610.0	10391.0
10453.0	12217.0
9813.0	10295.0
9186.0	11250.0
7491.0	7662.0
10121.0	4032.0
10028.0	5781.0
5454.0	11743.0
3518.0	3545.0
5871.0	9971.0
6485.0	6177.0
10632.0	6022.0
8181.0	8474.0
3332.0	3357.0
9646.0	10039.0
6163.0	12329.0
2703.0	2158.0
6765.0	5665.0
5577.0	6940.0
8139.0	8965.0
2177.0	10002.0
10539.0	8965.0
7542.0	802.0
9991.0	10429.0
4704.0	4751.0
10888.0	7784.0
5652.0	9352.0
9532.0	222.0
11343.0	4043.0
8217.0	11383.0
9075.0	5984.0
7262.0	8282.0
8361.0	8507.0
9314.0	6130.0
251.0	11069.0
9243.0	5781.0
6679.0	7407.0
8350.0	8656.0
2810.0	2824.0
10886.0	12252.0
4254.0	4290.0
7319.0	7542.0
10364.0	10178.0
6652.0	6232.0
3623.0	3655.0
10888.0	4049.0
8056.0	9352.0
9681.0	1029.0
3998.0	802.0
1801.0	1813.0
6965.0	9498.0
11364.0	6224.0
7213.0	7427.0
8459.0	9580.0
7175.0	10164.0
6661.0	9156.0
8324.0	10078.0
10632.0	9965.0
5270.0	5328.0
8629.0	8965.0
10593.0	2943.0
5175.0	5226.0
1385.0	7078.0
5489.0	4049.0
6461.0	10913.0
7164.0	554.0
11024.0	4047.0
6830.0	9971.0
10121.0	12252.0
3387.0	1396.0
11193.0	10002.0
2743.0	3973.0
11136.0	9856.0
10886.0	8218.0
9146.0	3551.0
5866.0	1829.0
9584.0	7162.0
11371.0	11754.0
823.0	831.0
11343.0	1638.0
11150.0	5328.0
8901.0	9665.0
8682.0	12027.0
5806.0	6281.0
6485.0	11716.0
2683.0	10999.0
9382.0	10913.0
70.0	11902.0
11349.0	71.0
11426.0	10078.0
1629.0	12146.0
2680.0	2696.0
7006.0	7208.0
5220.0	9156.0
968.0	977.0
4017.0	4051.0
10233.0	7261.0
9856.0	4032.0
992.0	8868.0
5469.0	6317.0
3816.0	8218.0
7536.0	11000.0
3350.0	9523.0
9284.0	5333.0
9140.0	10330.0
7999.0	10391.0
9104.0	9452.0
6783.0	4923.0
9650.0	10043.0
9401.0	5439.0
6965.0	3973.0
3010.0	10378.0
6222.0	6081.0
2459.0	2476.0
3350.0	3401.0
945.0	954.0
6764.0	11615.0
1079.0	1090.0
11136.0	12329.0
10447.0	7811.0
6580.0	6735.0
5220.0	9195.0
5545.0	4209.0
6164.0	802.0
4326.0	1029.0
6562.0	6711.0
8050.0	8335.0
2923.0	2938.0
817.0	7511.0
8025.0	5346.0
7023.0	3975.0
9104.0	10282.0
8722.0	5832.0
2722.0	185.0
2743.0	4032.0
6567.0	9665.0
9398.0	9770.0
3938.0	11276.0
7359.0	7582.0
11670.0	4050.0
8217.0	2051.0
9584.0	10391.0
7736.0	3762.0
3778.0	7208.0
4877.0	4923.0
7891.0	6695.0
11492.0	8507.0
7164.0	6317.0
7534.0	9971.0
1387.0	1396.0
11412.0	10078.0
6661.0	3972.0
9401.0	5328.0
8025.0	8429.0
11545.0	3025.0
9075.0	9198.0
5481.0	2593.0
9813.0	7298.0
9307.0	9674.0
1053.0	2702.0
6511.0	9000.0
4875.0	10092.0
9514.0	6071.0
8056.0	11276.0
9610.0	6824.0
7262.0	7642.0
992.0	5276.0
6899.0	7642.0
3559.0	5822.0
10055.0	10499.0
9547.0	9971.0
10447.0	7332.0
1876.0	11402.0
8459.0	11250.0
8604.0	11670.0
11551.0	7162.0
5710.0	10078.0
10497.0	11276.0
4706.0	4752.0
3010.0	11611.0
6535.0	10663.0
5380.0	11327.0
9072.0	8074.0
8314.0	7741.0
674.0	6495.0
1714.0	6415.0
7193.0	9726.0
8139.0	8423.0
10453.0	12329.0
8361.0	9156.0
11412.0	8625.0
3998.0	9352.0
3515.0	3542.0
9659.0	1037.0
3873.0	3908.0
10820.0	4212.0
9584.0	3972.0
11253.0	4047.0
6959.0	7156.0
7490.0	8864.0
992.0	4043.0
9186.0	6232.0
7401.0	6495.0
11256.0	4401.0
3541.0	6705.0
3874.0	7325.0
8626.0	12252.0
11203.0	9079.0
8657.0	7804.0
10730.0	11308.0
8217.0	10278.0
6680.0	11093.0
8682.0	1791.0
7660.0	5822.0
3938.0	7784.0
7660.0	5276.0
8626.0	6880.0
8217.0	12056.0
6237.0	8218.0
11492.0	7784.0
5607.0	10573.0
3492.0	3519.0
9681.0	11987.0
8217.0	9053.0
9595.0	8331.0
9496.0	3401.0
8982.0	9690.0
3728.0	5313.0
11700.0	7654.0
6317.0	4050.0
8814.0	10391.0
9307.0	6528.0
11380.0	8218.0
11027.0	11539.0
6680.0	10202.0
2683.0	2707.0
5368.0	5441.0
10783.0	7861.0
849.0	1494.0
7999.0	802.0
2564.0	2582.0
9917.0	8242.0
9567.0	5680.0
9075.0	7347.0
5806.0	9062.0
9681.0	10264.0
9089.0	11601.0
5765.0	6608.0
7801.0	11615.0
5290.0	6245.0
8261.0	8052.0
11024.0	11383.0
4272.0	4855.0
4903.0	4950.0
3998.0	8282.0
9072.0	8218.0
9280.0	8553.0
8626.0	10999.0
8847.0	9195.0
4326.0	9879.0
3895.0	3928.0
10608.0	11070.0
2177.0	9000.0
9072.0	4047.0
3016.0	3364.0
3496.0	3523.0
10447.0	11894.0
9037.0	11321.0
6315.0	4047.0
7660.0	7784.0
10849.0	8218.0
7542.0	5723.0
11087.0	9580.0
5545.0	9427.0
8720.0	4049.0
8151.0	5326.0
7534.0	9000.0
5290.0	10497.0
3010.0	11973.0
3816.0	7784.0
10743.0	9580.0
8934.0	10391.0
8814.0	7162.0
2455.0	2472.0
8025.0	10070.0
11042.0	9971.0
10364.0	9352.0
5291.0	5356.0
1386.0	5914.0
11545.0	7427.0
4656.0	6528.0
9567.0	11146.0
3344.0	3368.0
10255.0	69.0
3897.0	3930.0
6317.0	5276.0
5736.0	6317.0
1103.0	997.0
9072.0	5276.0
5673.0	11844.0
11042.0	11383.0
5469.0	11670.0
3374.0	3402.0
794.0	4047.0
3759.0	3794.0
9610.0	7162.0
8745.0	6317.0
9783.0	6413.0
11538.0	5630.0
6315.0	9971.0
7905.0	6940.0
6765.0	8186.0
8804.0	6022.0
2239.0	2140.0
10672.0	3401.0
8626.0	8074.0
6689.0	6859.0
11708.0	12288.0
1916.0	1939.0
9314.0	6155.0
992.0	4943.0
102.0	103.0
6171.0	8514.0
1266.0	1271.0
3728.0	7861.0
11603.0	12178.0
9813.0	5418.0
9547.0	6824.0
3529.0	10674.0
6965.0	7642.0
1392.0	3410.0
1392.0	3411.0
1392.0	3413.0
1392.0	3412.0
9584.0	7784.0
11178.0	6528.0
11339.0	10002.0
1812.0	2718.0
10497.0	4032.0
10769.0	3401.0
7542.0	11383.0
5727.0	10913.0
968.0	978.0
7936.0	10002.0
10133.0	10575.0
7693.0	5576.0
8139.0	10225.0
9089.0	10213.0
7993.0	1395.0
6922.0	5568.0
5290.0	3534.0
6755.0	5847.0
10701.0	10701.0
9104.0	5714.0
6196.0	7332.0
9547.0	8218.0
3820.0	6576.0
3386.0	1395.0
6164.0	5822.0
10886.0	9665.0
6899.0	9156.0
6359.0	4049.0
9753.0	4923.0
3938.0	6824.0
7660.0	4050.0
7491.0	11003.0
8804.0	11973.0
9329.0	9696.0
1898.0	1915.0
8626.0	9000.0
9070.0	9912.0
11178.0	9142.0
8901.0	4050.0
3606.0	936.0
3008.0	4457.0
1049.0	1058.0
10568.0	11032.0
6598.0	11146.0
3359.0	3385.0
11371.0	103.0
7542.0	7162.0
5827.0	5925.0
6196.0	5832.0
11220.0	11762.0
10148.0	9696.0
11087.0	10795.0
10955.0	11670.0
2470.0	909.0
4866.0	4911.0
11371.0	1824.0
10364.0	5822.0
5914.0	11716.0
5469.0	11699.0
4875.0	2534.0
6485.0	8064.0
2090.0	1988.0
7504.0	7743.0
6964.0	7160.0
5685.0	1638.0
7536.0	7778.0
5489.0	5822.0
8361.0	3973.0
9813.0	3394.0
8804.0	9965.0
7450.0	7683.0
6621.0	2493.0
11101.0	2707.0
1897.0	3877.0
9787.0	7427.0
7175.0	12217.0
7555.0	10295.0
6511.0	9498.0
1386.0	3410.0
1386.0	3413.0
1386.0	3412.0
1386.0	3411.0
8317.0	959.0
9104.0	11754.0
674.0	8507.0
11136.0	6081.0
200.0	202.0
7420.0	1259.0
11551.0	10391.0
7175.0	9750.0
3181.0	9261.0
5710.0	11495.0
3559.0	10391.0
6606.0	3909.0
8850.0	5418.0
11150.0	10573.0
6707.0	7555.0
2672.0	2688.0
6906.0	4614.0
9089.0	1816.0
102.0	5136.0
8217.0	11143.0
2281.0	1714.0
9753.0	5136.0
9865.0	11217.0
11087.0	11250.0
5286.0	12052.0
5290.0	6211.0
10784.0	7798.0
11684.0	12329.0
11492.0	11276.0
8821.0	1914.0
980.0	989.0
6063.0	8064.0
11178.0	3025.0
6899.0	8625.0
10784.0	10070.0
5914.0	9142.0
11670.0	11308.0
1223.0	2980.0
7418.0	12056.0
7262.0	9665.0
674.0	802.0
8056.0	5723.0
5545.0	7326.0
5673.0	3523.0
5469.0	5554.0
10948.0	11670.0
7662.0	5418.0
8509.0	8835.0
10717.0	6190.0
6783.0	8514.0
8056.0	7162.0
9324.0	9690.0
5710.0	11670.0
6717.0	8507.0
6783.0	6576.0
5229.0	5286.0
2037.0	9971.0
11546.0	9433.0
8211.0	9000.0
11306.0	11853.0
9783.0	11383.0
9610.0	9195.0
10364.0	2744.0
6765.0	9734.0
11380.0	11640.0
817.0	12141.0
8631.0	3025.0
168.0	170.0
5685.0	12146.0
70.0	41.0
9856.0	9498.0
10666.0	9750.0
73.0	7103.0
3389.0	11265.0
5562.0	12217.0
3820.0	12027.0
3010.0	3020.0
6164.0	11276.0
9070.0	6081.0
11511.0	6365.0
5469.0	8432.0
6062.0	8095.0
6102.0	11383.0
7801.0	9580.0
8266.0	12172.0
4326.0	9912.0
6717.0	6824.0
3998.0	11341.0
8196.0	11920.0
10730.0	5322.0
9401.0	9427.0
3375.0	1029.0
8217.0	8868.0
6661.0	7642.0
6626.0	10663.0
7418.0	11383.0
7614.0	11265.0
3003.0	2949.0
9308.0	12217.0
11203.0	8961.0
6680.0	9142.0
10373.0	9971.0
4705.0	2140.0
2729.0	3973.0
3010.0	9965.0
9783.0	5723.0
3010.0	5626.0
992.0	10143.0
5816.0	5914.0
8211.0	10391.0
11290.0	11836.0
5469.0	5781.0
11593.0	6280.0
224.0	437.0
6237.0	4049.0
9856.0	10391.0
11256.0	9390.0
6662.0	6825.0
3395.0	1114.0
8334.0	8639.0
5971.0	9241.0
5577.0	7469.0
8745.0	554.0
7220.0	7433.0
4365.0	4401.0
3938.0	7162.0
9599.0	12146.0
9514.0	1816.0
7727.0	7987.0
5286.0	12205.0
10447.0	9606.0
10364.0	9498.0
849.0	131.0
9209.0	12146.0
4853.0	5813.0
6192.0	6311.0
10730.0	10573.0
5290.0	3535.0
6287.0	10837.0
7717.0	7977.0
6680.0	6130.0
8211.0	4047.0
6511.0	9665.0
992.0	11732.0
5481.0	9532.0
10672.0	7407.0
9856.0	4050.0
9314.0	8625.0
10121.0	4049.0
11269.0	5696.0
9707.0	554.0
3010.0	6022.0
7660.0	802.0
11150.0	8074.0
6947.0	7143.0
7884.0	6929.0
5652.0	802.0
5543.0	3023.0
10801.0	11284.0
1890.0	989.0
6764.0	11250.0
7979.0	10391.0
9075.0	10279.0
1902.0	1910.0
5685.0	6317.0
9417.0	8553.0
9681.0	6081.0
8901.0	9498.0
7783.0	12146.0
6315.0	4050.0
6864.0	7325.0
5448.0	8574.0
11492.0	7642.0
7979.0	12252.0
1347.0	1237.0
3010.0	9142.0
10666.0	12217.0
10373.0	9665.0
4326.0	10078.0
10364.0	9195.0
10304.0	10758.0
444.0	449.0
2928.0	1744.0
6652.0	4209.0
5373.0	5446.0
1874.0	110.0
11380.0	11276.0
8056.0	11340.0
11441.0	6413.0
5428.0	11250.0
8557.0	8890.0
10752.0	11228.0
3559.0	4050.0
9165.0	6081.0
6196.0	554.0
5591.0	7569.0
4910.0	4957.0
7175.0	5576.0
7679.0	4209.0
6157.0	5832.0
10897.0	9580.0
8217.0	11732.0
11094.0	7143.0
8901.0	9696.0
11343.0	12146.0
9783.0	802.0
5871.0	10002.0
75.0	76.0
8629.0	12329.0
4258.0	4100.0
7750.0	8012.0
5577.0	3662.0
6287.0	7902.0
11492.0	3972.0
6890.0	8877.0
10897.0	11670.0
3670.0	3703.0
11371.0	2674.0
6237.0	10002.0
9140.0	3588.0
419.0	1791.0
7999.0	11341.0
10886.0	10391.0
7979.0	3974.0
3953.0	1356.0
11743.0	7037.0
9314.0	12329.0
7418.0	9352.0
6222.0	7326.0
11441.0	12252.0
2913.0	2928.0
7193.0	8703.0
849.0	6110.0
9230.0	10480.0
7491.0	10211.0
8626.0	6320.0
8934.0	12252.0
8608.0	8944.0
10433.0	11368.0
6055.0	9390.0
7.0	9799.0
8447.0	5576.0
6281.0	8584.0
9298.0	11383.0
2553.0	2570.0
7660.0	3973.0
6317.0	7784.0
6777.0	6951.0
10121.0	11383.0
8056.0	11383.0
8682.0	8093.0
8217.0	6493.0
992.0	7009.0
9072.0	10391.0
5520.0	461.0
10364.0	9696.0
9856.0	11276.0
6836.0	7018.0
6906.0	39.0
8211.0	9696.0
11492.0	9156.0
2683.0	11631.0
11042.0	9000.0
8086.0	5740.0
10617.0	11077.0
9584.0	11276.0
1779.0	7745.0
7125.0	3402.0
9547.0	9352.0
6165.0	3447.0
9165.0	9427.0
3257.0	81.0
5469.0	8054.0
9783.0	11341.0
9243.0	8052.0
10888.0	4032.0
4326.0	10422.0
11178.0	6621.0
3010.0	8064.0
8626.0	8218.0
3860.0	3895.0
6485.0	10225.0
11193.0	5822.0
6359.0	8218.0
2185.0	2199.0
6764.0	9580.0
992.0	9665.0
9072.0	9665.0
3929.0	12027.0
6830.0	4047.0
5079.0	6673.0
11551.0	7642.0
10701.0	39.0
4720.0	1294.0
4340.0	4627.0
5652.0	7162.0
11256.0	6292.0
9879.0	3509.0
7693.0	10913.0
700.0	11787.0
7418.0	8282.0
3728.0	9651.0
2177.0	9156.0
7193.0	6130.0
11150.0	11203.0
10722.0	4178.0
8447.0	12217.0
10743.0	6232.0
6666.0	9198.0
9822.0	10237.0
8714.0	9048.0
5930.0	5338.0
10872.0	10893.0
5763.0	11670.0
2706.0	2676.0
11545.0	6528.0
647.0	652.0
5816.0	1395.0
8944.0	9293.0
8914.0	8477.0
6890.0	3414.0
11203.0	10211.0
9584.0	9352.0
6359.0	10002.0
9514.0	11601.0
5891.0	9971.0
6511.0	5822.0
9783.0	10330.0
8966.0	11308.0
9314.0	8074.0
9075.0	10143.0
11203.0	7370.0
11371.0	10686.0
5220.0	3972.0
6222.0	10147.0
8361.0	7642.0
2722.0	10780.0
11024.0	10002.0
9775.0	1395.0
9753.0	8514.0
7418.0	5745.0
1926.0	4226.0
6680.0	8064.0
7807.0	9427.0
6196.0	7393.0
8305.0	8605.0
11441.0	11143.0
6485.0	11973.0
9783.0	12252.0
11380.0	11341.0
6317.0	7642.0
9631.0	3973.0
5707.0	5805.0
6621.0	11670.0
10820.0	11760.0
6160.0	8137.0
7803.0	8074.0
10832.0	9293.0
8217.0	10610.0
7547.0	4663.0
3929.0	5136.0
11380.0	5745.0
7847.0	11880.0
6317.0	3973.0
457.0	179.0
6965.0	8507.0
8025.0	7347.0
8211.0	8218.0
6459.0	6596.0
453.0	1400.0
992.0	6495.0
6899.0	9498.0
7660.0	10178.0
6371.0	7790.0
7939.0	11409.0
5575.0	9142.0
6680.0	6022.0
9104.0	6494.0
7542.0	12252.0
8211.0	11340.0
1914.0	3720.0
10364.0	4050.0
1386.0	10189.0
8615.0	1395.0
3382.0	8877.0
3383.0	8877.0
3385.0	8877.0
3384.0	8877.0
6024.0	6136.0
6272.0	1455.0
10980.0	5034.0
6209.0	10211.0
1490.0	1271.0
2455.0	10170.0
10121.0	5822.0
7679.0	11137.0
5489.0	4050.0
8210.0	8500.0
8937.0	9286.0
5914.0	6528.0
6890.0	7741.0
5698.0	10002.0
9796.0	7555.0
1206.0	1914.0
8740.0	10228.0
3998.0	11276.0
9993.0	8634.0
7979.0	11383.0
9382.0	10893.0
7821.0	9340.0
5277.0	5339.0
10980.0	9433.0
2686.0	2707.0
8804.0	3025.0
6222.0	554.0
6489.0	6626.0
9514.0	3349.0
9059.0	5576.0
3492.0	3540.0
11150.0	5461.0
3929.0	2158.0
11743.0	8651.0
7354.0	4637.0
8626.0	9195.0
6957.0	8218.0
5255.0	1237.0
10769.0	7560.0
8307.0	8605.0
8682.0	8325.0
9813.0	6609.0
8056.0	8238.0
3383.0	1401.0
3385.0	1401.0
3382.0	1401.0
3384.0	1401.0
10536.0	7778.0
11136.0	11699.0
5806.0	10997.0
2722.0	5848.0
5220.0	3973.0
8364.0	2478.0
674.0	11694.0
453.0	1399.0
5562.0	5576.0
6550.0	6571.0
6621.0	9107.0
11178.0	9982.0
8277.0	1986.0
9417.0	7393.0
6102.0	12252.0
7320.0	7543.0
419.0	4923.0
1874.0	107.0
4875.0	5540.0
3181.0	7558.0
6621.0	11699.0
2553.0	2571.0
7563.0	7807.0
6112.0	9523.0
9595.0	9690.0
5914.0	9965.0
7401.0	8218.0
8821.0	3724.0
6196.0	10598.0
11511.0	3402.0
5788.0	5888.0
6765.0	6741.0
9595.0	2950.0
8682.0	10282.0
5332.0	3762.0
11492.0	3973.0
11802.0	3532.0
9072.0	11743.0
2622.0	2955.0
9985.0	7141.0
11551.0	11276.0
9917.0	5396.0
9140.0	7628.0
1622.0	392.0
11492.0	11694.0
8211.0	12329.0
9783.0	2051.0
11193.0	4032.0
9243.0	9079.0
5685.0	7332.0
8663.0	11640.0
10453.0	5576.0
823.0	1829.0
8745.0	12329.0
7660.0	11276.0
9631.0	7642.0
992.0	10330.0
961.0	6700.0
11670.0	7162.0
9104.0	7745.0
3938.0	9352.0
7951.0	3973.0
11193.0	10391.0
10897.0	9879.0
6957.0	11383.0
9220.0	3402.0
2177.0	9498.0
11700.0	3551.0
10955.0	11615.0
10617.0	7325.0
11571.0	7332.0
5365.0	12329.0
9059.0	9750.0
1385.0	8137.0
10783.0	3191.0
8966.0	5322.0
6677.0	6845.0
9284.0	1237.0
4175.0	4212.0
3559.0	9156.0
7905.0	5665.0
5577.0	8186.0
3728.0	7879.0
8804.0	11093.0
5380.0	9696.0
1391.0	1397.0
6783.0	5136.0
9631.0	7784.0
7143.0	7347.0
7660.0	11694.0
10820.0	10264.0
6567.0	8965.0
9070.0	9523.0
8128.0	959.0
9738.0	6399.0
10886.0	4047.0
4015.0	10599.0
3559.0	3973.0
40.0	9367.0
6317.0	9156.0
6957.0	10002.0
7962.0	1638.0
10872.0	11368.0
6511.0	6824.0
7.0	5561.0
5618.0	959.0
11380.0	9498.0
7542.0	8238.0
4363.0	6292.0
5685.0	9079.0
8720.0	9498.0
9917.0	3662.0
6899.0	11276.0
11571.0	554.0
7.0	10478.0
9243.0	8553.0
8804.0	8064.0
3953.0	7879.0
7999.0	3972.0
9401.0	6155.0
4430.0	4466.0
7164.0	9919.0
2500.0	909.0
5710.0	9079.0
9856.0	9156.0
9584.0	802.0
7491.0	7279.0
10888.0	10002.0
8217.0	9665.0
6485.0	8965.0
3402.0	2026.0
1391.0	8127.0
969.0	1232.0
11247.0	11572.0
2646.0	2672.0
6485.0	6528.0
5428.0	5696.0
10148.0	5326.0
9775.0	8137.0
992.0	3588.0
10728.0	3423.0
5220.0	8507.0
10185.0	11250.0
9917.0	1049.0
6680.0	7135.0
6164.0	9352.0
9165.0	10471.0
8217.0	6364.0
6680.0	11716.0
10886.0	9000.0
10822.0	11310.0
5891.0	10002.0
10769.0	7061.0
5698.0	9971.0
3375.0	12019.0
6965.0	8282.0
7962.0	4043.0
9334.0	3268.0
9595.0	6088.0
11670.0	8507.0
916.0	924.0
9060.0	9419.0
7354.0	9865.0
5509.0	3538.0
5798.0	5832.0
3347.0	3371.0
9089.0	9043.0
7555.0	8429.0
10121.0	4047.0
2312.0	2371.0
8390.0	9726.0
8734.0	5326.0
3010.0	11790.0
8447.0	10973.0
9401.0	8074.0
11349.0	10798.0
10340.0	11902.0
9146.0	7770.0
9787.0	11716.0
1708.0	6874.0
9783.0	5276.0
6485.0	11615.0
4500.0	4538.0
4022.0	12056.0
8123.0	9433.0
5652.0	9665.0
9759.0	10168.0
9579.0	7427.0
7951.0	9971.0
5698.0	4049.0
7502.0	3411.0
7502.0	3412.0
7502.0	3410.0
7502.0	3413.0
7899.0	8179.0
1233.0	9261.0
9547.0	9696.0
6164.0	7642.0
5380.0	8944.0
7555.0	7298.0
10337.0	11615.0
9547.0	4049.0
3375.0	9523.0
6511.0	4050.0
2454.0	2471.0
3010.0	9674.0
11551.0	9156.0
6830.0	4049.0
4876.0	4921.0
6104.0	6223.0
9314.0	9726.0
8494.0	8819.0
9599.0	554.0
2925.0	2940.0
7262.0	9352.0
11380.0	4050.0
9856.0	8507.0
7256.0	5233.0
5270.0	12329.0
992.0	11896.0
11684.0	10039.0
4291.0	7332.0
6196.0	11017.0
1386.0	5334.0
11380.0	11939.0
8543.0	6880.0
5652.0	8670.0
8891.0	4209.0
9707.0	11631.0
674.0	3973.0
10232.0	8095.0
9417.0	8052.0
7823.0	10533.0
9209.0	11743.0
2667.0	2672.0
9072.0	4049.0
7993.0	8477.0
5346.0	6334.0
3389.0	5313.0
11220.0	8164.0
4999.0	5047.0
5241.0	5495.0
8523.0	1029.0
9146.0	12280.0
11145.0	12328.0
674.0	7642.0
674.0	4050.0
11158.0	11896.0
9675.0	9432.0
7794.0	7427.0
8211.0	4049.0
10453.0	5808.0
5698.0	4047.0
7939.0	8222.0
6679.0	8243.0
8324.0	12193.0
6315.0	4049.0
11670.0	2744.0
4165.0	343.0
11551.0	9498.0
4874.0	9432.0
6359.0	5822.0
7418.0	11341.0
11150.0	6155.0
10364.0	11276.0
11236.0	5922.0
11741.0	12082.0
7274.0	9293.0
10373.0	8218.0
1970.0	8268.0
6074.0	11385.0
6567.0	10225.0
73.0	10719.0
2177.0	802.0
9298.0	8218.0
9533.0	9912.0
9631.0	9156.0
7195.0	7407.0
8720.0	10002.0
6317.0	8507.0
8056.0	11341.0
9783.0	9000.0
5268.0	11670.0
5200.0	5254.0
7542.0	11341.0
11441.0	8218.0
2312.0	1945.0
8734.0	11670.0
992.0	8282.0
1910.0	4575.0
5914.0	10225.0
6164.0	10178.0
11380.0	10002.0
4875.0	6285.0
9547.0	9498.0
9140.0	5276.0
8217.0	11340.0
11571.0	1638.0
7662.0	9198.0
4917.0	4964.0
3953.0	5313.0
11101.0	4043.0
11634.0	12217.0
5290.0	11867.0
3175.0	7879.0
8525.0	10389.0
10453.0	10973.0
9496.0	11653.0
10029.0	6281.0
5902.0	10168.0
8914.0	1395.0
10473.0	6528.0
6270.0	10255.0
11024.0	9665.0
7981.0	8264.0
11670.0	11385.0
7359.0	3511.0
9631.0	802.0
11412.0	10489.0
6765.0	8358.0
7801.0	4209.0
8314.0	8877.0
11571.0	4043.0
5346.0	6880.0
5710.0	8432.0
9216.0	9576.0
8763.0	11785.0
8682.0	9463.0
674.0	6824.0
11670.0	11694.0
2037.0	7784.0
10684.0	12044.0
8602.0	8937.0
525.0	529.0
8356.0	3402.0
3547.0	3576.0
5459.0	2534.0
6567.0	11615.0
9783.0	4943.0
6957.0	4049.0
11297.0	10180.0
794.0	10002.0
6717.0	9156.0
9845.0	10264.0
5652.0	11341.0
8056.0	12056.0
8056.0	2051.0
674.0	6493.0
3559.0	9498.0
8217.0	7009.0
8361.0	7784.0
5871.0	4050.0
6765.0	11524.0
3010.0	7844.0
9993.0	5984.0
11158.0	10391.0
11715.0	12295.0
9140.0	8282.0
11538.0	10795.0
6165.0	105.0
3623.0	3656.0
6461.0	12329.0
7534.0	4050.0
11087.0	6232.0
1870.0	909.0
11741.0	5495.0
9216.0	9690.0
10692.0	11163.0
3566.0	1347.0
11116.0	10211.0
189.0	191.0
3995.0	4029.0
2940.0	2640.0
74.0	5815.0
2729.0	9971.0
7418.0	802.0
9554.0	11973.0
10888.0	9195.0
6890.0	8477.0
7327.0	11403.0
2258.0	2273.0
10730.0	4212.0
9401.0	11699.0
9738.0	5808.0
10232.0	7963.0
849.0	1718.0
1872.0	1884.0
794.0	4049.0
11219.0	8164.0
9707.0	12146.0
9917.0	9294.0
6765.0	9586.0
9597.0	5535.0
2533.0	2609.0
10992.0	12329.0
9547.0	10002.0
10433.0	11928.0
2202.0	3731.0
6679.0	11989.0
2683.0	10211.0
2743.0	8238.0
7286.0	7508.0
6755.0	2478.0
3929.0	7745.0
6471.0	6609.0
9631.0	8507.0
10332.0	11241.0
5736.0	10598.0
8649.0	5498.0
3350.0	4209.0
11789.0	7156.0
6957.0	4032.0
9243.0	7393.0
8523.0	9912.0
395.0	400.0
1390.0	8127.0
11767.0	12342.0
11136.0	11987.0
6638.0	2868.0
4394.0	4429.0
6957.0	10391.0
6631.0	2705.0
8682.0	2719.0
6662.0	11282.0
6317.0	12252.0
4988.0	5036.0
9059.0	10973.0
10373.0	9352.0
11452.0	10189.0
10831.0	6130.0
11094.0	11623.0
142.0	10701.0
11024.0	12252.0
6890.0	3416.0
8447.0	8734.0
7659.0	6621.0
8655.0	2705.0
674.0	9156.0
6667.0	4983.0
304.0	6682.0
5469.0	5808.0
102.0	6596.0
3697.0	2640.0
73.0	9648.0
4747.0	4793.0
8523.0	9800.0
1779.0	8514.0
950.0	1495.0
8682.0	9452.0
9547.0	5822.0
2483.0	2582.0
10322.0	10777.0
6222.0	6232.0
7979.0	5822.0
3474.0	3582.0
8151.0	5439.0
11153.0	11688.0
11412.0	9134.0
11101.0	554.0
11441.0	9665.0
7274.0	5322.0
11116.0	8074.0
6073.0	6190.0
2722.0	2737.0
10783.0	4720.0
2173.0	1237.0
9707.0	9079.0
10897.0	9912.0
9104.0	9407.0
5591.0	10748.0
10665.0	8699.0
186.0	8010.0
4789.0	82.0
9917.0	435.0
8217.0	6413.0
10730.0	9696.0
8709.0	10836.0
2992.0	2964.0
9209.0	11631.0
5914.0	8965.0
4272.0	4678.0
8447.0	7951.0
10784.0	8429.0
8982.0	10832.0
8242.0	8534.0
7660.0	5723.0
11545.0	9142.0
3383.0	9287.0
3385.0	9287.0
3384.0	9287.0
3382.0	9287.0
7926.0	8207.0
2177.0	9352.0
9783.0	12056.0
11136.0	9523.0
4363.0	2478.0
4490.0	4527.0
8217.0	10197.0
7274.0	11250.0
362.0	4202.0
4397.0	4432.0
6765.0	10389.0
7418.0	11939.0
5492.0	12217.0
11178.0	11611.0
10104.0	11706.0
1925.0	5139.0
9243.0	5832.0
11145.0	38.0
5469.0	8052.0
10029.0	5505.0
5806.0	11250.0
7125.0	11670.0
2518.0	5540.0
6679.0	1237.0
7274.0	10997.0
1622.0	1631.0
9072.0	9971.0
1916.0	1451.0
2922.0	8803.0
4326.0	11615.0
8046.0	9576.0
11042.0	9352.0
11203.0	2707.0
8934.0	8218.0
7999.0	11276.0
5914.0	3025.0
9783.0	2707.0
7354.0	5646.0
6899.0	9352.0
8307.0	8796.0
6237.0	4032.0
11667.0	3192.0
8626.0	3974.0
6024.0	6022.0
7542.0	3974.0
5504.0	5588.0
2635.0	2652.0
9018.0	12217.0
11150.0	10663.0
6550.0	9341.0
8217.0	2707.0
970.0	977.0
2722.0	7845.0
3776.0	3811.0
1385.0	8477.0
6317.0	7528.0
11343.0	5832.0
5641.0	1787.0
7338.0	10624.0
5798.0	7332.0
4679.0	4720.0
4273.0	82.0
3888.0	3921.0
7660.0	9156.0
9631.0	11694.0
6499.0	6640.0
1386.0	3414.0
10029.0	10997.0
1871.0	4766.0
6764.0	4209.0
2928.0	7558.0
11449.0	5300.0
7679.0	9580.0
8901.0	11276.0
2743.0	10002.0
8447.0	2190.0
11253.0	8218.0
1272.0	11608.0
6679.0	1356.0
9314.0	5555.0
5286.0	5585.0
3820.0	5211.0
10077.0	7405.0
5763.0	10589.0
992.0	6493.0
10897.0	9523.0
9417.0	11631.0
8934.0	9000.0
7979.0	9352.0
3010.0	11093.0
6511.0	9352.0
10672.0	6081.0
11116.0	10078.0
8025.0	10850.0
9186.0	3401.0
9049.0	5362.0
4395.0	4430.0
9314.0	8703.0
11670.0	9053.0
10364.0	3973.0
9140.0	8238.0
6228.0	1281.0
7955.0	3417.0
5575.0	10202.0
8740.0	9198.0
7801.0	6232.0
9603.0	5472.0
11468.0	3552.0
9382.0	6130.0
3389.0	3762.0
3846.0	2373.0
6830.0	10002.0
10849.0	4050.0
7182.0	11390.0
102.0	10282.0
6957.0	12252.0
7679.0	10471.0
3010.0	10202.0
11193.0	9498.0
9809.0	7405.0
8056.0	12252.0
4848.0	11326.0
2822.0	2836.0
5575.0	9965.0
1818.0	760.0
8485.0	8809.0
10945.0	11446.0
11802.0	11833.0
2341.0	1452.0
304.0	3773.0
5489.0	10002.0
9104.0	5446.0
1262.0	958.0
11150.0	5555.0
10364.0	7642.0
5652.0	3588.0
2388.0	2404.0
5891.0	4047.0
1397.0	1406.0
8196.0	6224.0
4272.0	4827.0
9579.0	6022.0
8720.0	5822.0
5652.0	11383.0
9383.0	9751.0
11024.0	10391.0
5816.0	1400.0
10364.0	6824.0
11269.0	11250.0
11545.0	10202.0
6759.0	3762.0
2461.0	2480.0
11380.0	8507.0
10497.0	9498.0
10752.0	7078.0
11545.0	11973.0
2455.0	10944.0
3400.0	3428.0
11633.0	10002.0
11253.0	11276.0
6287.0	4007.0
9514.0	7364.0
10337.0	10078.0
9732.0	10139.0
10364.0	7784.0
11492.0	9352.0
2722.0	10475.0
1714.0	7637.0
8604.0	11699.0
2338.0	2355.0
6688.0	8871.0
10148.0	6547.0
3816.0	12252.0
6890.0	3415.0
9809.0	9726.0
11024.0	8218.0
9554.0	10202.0
6485.0	3025.0
11024.0	4049.0
6461.0	10078.0
5914.0	11973.0
10654.0	7778.0
337.0	8865.0
5847.0	12168.0
3929.0	6596.0
5543.0	9690.0
10784.0	5333.0
6317.0	11694.0
4745.0	4791.0
4497.0	4534.0
8626.0	10002.0
3385.0	1395.0
3383.0	1395.0
3384.0	1395.0
3382.0	1395.0
5914.0	8064.0
9186.0	4209.0
7124.0	11033.0
5763.0	11203.0
8626.0	4049.0
4326.0	11137.0
9856.0	3973.0
9579.0	10202.0
10497.0	10391.0
11571.0	7370.0
6621.0	12353.0
9783.0	6493.0
10784.0	1237.0
10453.0	6130.0
9104.0	1049.0
6055.0	6292.0
4272.0	4309.0
6317.0	9352.0
8196.0	10997.0
1387.0	3415.0
2983.0	2998.0
6679.0	5808.0
9610.0	4043.0
6567.0	4049.0
11412.0	12193.0
9539.0	7370.0
7951.0	4049.0
109.0	10782.0
8901.0	9352.0
6683.0	6167.0
11099.0	11628.0
9574.0	9959.0
5070.0	4921.0
102.0	7745.0
9514.0	10213.0
5220.0	5822.0
674.0	12252.0
7262.0	8100.0
5220.0	6824.0
7274.0	11880.0
9514.0	10475.0
5302.0	9877.0
9334.0	8717.0
7418.0	5723.0
282.0	467.0
463.0	284.0
9631.0	10178.0
9220.0	9427.0
6890.0	1399.0
4619.0	4664.0
9045.0	9399.0
8966.0	5326.0
6196.0	8052.0
6621.0	6155.0
5346.0	8961.0
9738.0	10339.0
10453.0	10211.0
798.0	806.0
7331.0	6177.0
856.0	1314.0
11136.0	11395.0
7418.0	8238.0
9401.0	11495.0
7823.0	1917.0
10783.0	1356.0
10701.0	11902.0
11349.0	11172.0
5934.0	6040.0
7175.0	8734.0
5866.0	5510.0
9314.0	11495.0
11468.0	6597.0
11661.0	3523.0
11253.0	4049.0
5241.0	12082.0
5710.0	7326.0
8804.0	6621.0
3820.0	7090.0
7534.0	4032.0
8543.0	7555.0
11042.0	7784.0
10784.0	4720.0
11253.0	10391.0
6317.0	9665.0
550.0	9079.0
9519.0	1281.0
3986.0	4020.0
9712.0	10116.0
8196.0	11250.0
3383.0	10474.0
3385.0	10474.0
3382.0	10474.0
3384.0	10474.0
10121.0	9000.0
10632.0	10202.0
550.0	12146.0
1386.0	8477.0
8934.0	4047.0
10955.0	11137.0
10148.0	8944.0
3376.0	3401.0
1386.0	9264.0
1817.0	180.0
8211.0	8074.0
8.0	8.0
7176.0	7382.0
3174.0	978.0
6680.0	10339.0
212.0	437.0
8842.0	11146.0
10373.0	11308.0
1797.0	7579.0
10743.0	4209.0
11571.0	9079.0
5989.0	10078.0
3816.0	4032.0
4862.0	4908.0
8730.0	6281.0
5290.0	9538.0
9768.0	10391.0
10364.0	9156.0
3559.0	7642.0
8314.0	8477.0
3389.0	1356.0
6196.0	9919.0
7999.0	7784.0
10886.0	4049.0
10453.0	9750.0
2395.0	9971.0
4877.0	2676.0
10378.0	6825.0
6196.0	11894.0
10820.0	8889.0
6461.0	10973.0
9417.0	11017.0
10730.0	11495.0
2729.0	10391.0
7679.0	9879.0
1387.0	8137.0
6102.0	10391.0
6160.0	3415.0
7957.0	8244.0
550.0	4043.0
9595.0	6022.0
9726.0	10132.0
7979.0	11276.0
2037.0	8218.0
6741.0	8634.0
9140.0	11939.0
2452.0	2469.0
11087.0	3401.0
10701.0	7789.0
9925.0	10358.0
6485.0	6299.0
9514.0	10602.0
2675.0	2691.0
5413.0	8619.0
11253.0	9971.0
7401.0	4047.0
6317.0	9000.0
5575.0	11973.0
11158.0	7642.0
8804.0	11716.0
5639.0	7405.0
11145.0	5938.0
8220.0	2281.0
5345.0	9433.0
11380.0	5822.0
3014.0	11151.0
6679.0	9616.0
9027.0	3506.0
7783.0	1638.0
8046.0	6528.0
10805.0	7537.0
9070.0	11395.0
9595.0	10202.0
11670.0	802.0
10886.0	9971.0
9547.0	7784.0
11488.0	12052.0
9584.0	5745.0
6222.0	9241.0
3559.0	8507.0
952.0	11599.0
11371.0	7294.0
7455.0	7688.0
10672.0	4209.0
8330.0	8634.0
11670.0	7642.0
9595.0	7427.0
4087.0	4122.0
9917.0	11460.0
5806.0	6224.0
10148.0	10327.0
8056.0	10278.0
6511.0	7784.0
11193.0	4050.0
5428.0	9293.0
10684.0	3029.0
11670.0	3973.0
8314.0	1397.0
9584.0	4943.0
9631.0	11276.0
9104.0	103.0
9610.0	7784.0
5290.0	9306.0
8217.0	679.0
6485.0	11611.0
6237.0	3973.0
5763.0	11699.0
6422.0	10255.0
11343.0	7332.0
11150.0	10039.0
2395.0	4049.0
9314.0	9390.0
4264.0	4300.0
5489.0	8218.0
5731.0	6932.0
9417.0	2289.0
11428.0	11989.0
9681.0	9912.0
6164.0	6495.0
2055.0	1091.0
5057.0	5106.0
8827.0	12365.0
6666.0	9432.0
11670.0	9156.0
1458.0	1466.0
5891.0	3973.0
11269.0	9293.0
8730.0	11615.0
10337.0	3402.0
6237.0	4050.0
9594.0	12052.0
11380.0	4032.0
3386.0	3407.0
10309.0	7339.0
6317.0	6413.0
7534.0	10002.0
6567.0	8218.0
5562.0	8734.0
11169.0	9225.0
3387.0	8137.0
4622.0	7904.0
6222.0	9679.0
10897.0	11615.0
8734.0	11495.0
10902.0	11402.0
7418.0	12252.0
4476.0	4525.0
7555.0	6299.0
11042.0	4047.0
1389.0	1395.0
9089.0	6002.0
6008.0	11457.0
3501.0	6828.0
5891.0	4049.0
6875.0	9465.0
5575.0	3025.0
8525.0	5665.0
5577.0	8854.0
6717.0	11694.0
11371.0	9407.0
8850.0	8634.0
9889.0	10313.0
6359.0	9156.0
6164.0	9498.0
7534.0	2744.0
2323.0	2339.0
5763.0	11495.0
11037.0	11554.0
5971.0	4209.0
7542.0	9000.0
8211.0	9971.0
8814.0	6824.0
1020.0	9523.0
9554.0	7427.0
5543.0	2950.0
7849.0	8123.0
9584.0	8282.0
11247.0	9690.0
5241.0	11539.0
9037.0	5326.0
5492.0	8734.0
6903.0	7090.0
5380.0	8164.0
9584.0	6413.0
9239.0	10573.0
10364.0	8507.0
5710.0	10827.0
1779.0	6494.0
6680.0	9936.0
4755.0	4800.0
4390.0	4425.0
7.0	11877.0
11150.0	9427.0
9631.0	9696.0
2928.0	2940.0
7783.0	8553.0
5708.0	5806.0
11615.0	10264.0
8990.0	9345.0
10955.0	10078.0
9059.0	8734.0
2177.0	9665.0
102.0	5714.0
8025.0	5418.0
2186.0	200.0
11670.0	10589.0
6567.0	4032.0
1392.0	7078.0
7262.0	9498.0
7175.0	7951.0
3864.0	3899.0
3875.0	3895.0
8682.0	7745.0
992.0	6451.0
68.0	8959.0
8982.0	3025.0
8114.0	8398.0
153.0	155.0
8056.0	10330.0
6024.0	8064.0
7979.0	9000.0
5866.0	831.0
6024.0	9965.0
11024.0	9971.0
4986.0	9160.0
5861.0	7977.0
7614.0	5313.0
5891.0	8507.0
11158.0	802.0
8364.0	12013.0
2703.0	12027.0
992.0	679.0
992.0	7628.0
2777.0	2791.0
9707.0	4043.0
7999.0	6824.0
4065.0	11485.0
9461.0	9840.0
817.0	10359.0
3621.0	3651.0
8877.0	12040.0
10029.0	6735.0
2395.0	6495.0
6196.0	10317.0
642.0	647.0
6237.0	9498.0
2963.0	2978.0
8025.0	10228.0
11343.0	5698.0
3816.0	9352.0
8211.0	9352.0
10784.0	1356.0
794.0	5723.0
5220.0	7784.0
8910.0	9433.0
9813.0	9432.0
7164.0	11631.0
9783.0	10962.0
9584.0	7628.0
9790.0	1400.0
9514.0	11702.0
11684.0	5326.0
9738.0	3813.0
7175.0	10973.0
10632.0	7427.0
5469.0	11987.0
8850.0	7798.0
4165.0	344.0
8966.0	10589.0
5710.0	7407.0
2258.0	3337.0
5914.0	11611.0
8593.0	12379.0
3010.0	11716.0
7386.0	7608.0
11441.0	10391.0
8447.0	5976.0
8814.0	11694.0
9314.0	8937.0
3820.0	2803.0
337.0	340.0
1053.0	11631.0
4258.0	4067.0
8139.0	7798.0
4119.0	11485.0
9547.0	10178.0
7853.0	8127.0
709.0	9706.0
9140.0	8868.0
794.0	5822.0
7957.0	3542.0
11042.0	8218.0
11551.0	3973.0
9610.0	8282.0
8901.0	7162.0
7660.0	8507.0
9599.0	9919.0
9314.0	10224.0
3938.0	11694.0
8361.0	11341.0
11789.0	9168.0
1482.0	8493.0
10677.0	11143.0
453.0	5914.0
7525.0	9570.0
7092.0	9432.0
6890.0	9264.0
5806.0	6735.0
4326.0	9580.0
8814.0	7784.0
5891.0	8218.0
8299.0	7995.0
6717.0	3972.0
9694.0	10092.0
8056.0	6495.0
2965.0	2980.0
11306.0	9175.0
6764.0	6232.0
