1049.0	1054.0
6219.0	6379.0
9981.0	10520.0
5004.0	5027.0
8930.0	9347.0
2170.0	2173.0
7735.0	8046.0
8330.0	8696.0
9294.0	1054.0
3567.0	3578.0
12052.0	12812.0
8651.0	9047.0
10359.0	10929.0
9230.0	9685.0
8325.0	8689.0
6588.0	6795.0
3572.0	3583.0
144.0	145.0
9294.0	9754.0
449.0	451.0
10578.0	11188.0
8315.0	8677.0
3569.0	3580.0
1964.0	1966.0
11107.0	11781.0
7791.0	8106.0
5384.0	5432.0
8160.0	8500.0
6376.0	6558.0
10815.0	11451.0
12365.0	13157.0
7948.0	8270.0
2732.0	2742.0
10246.0	10808.0
2700.0	2709.0
198.0	199.0
12089.0	12853.0
7480.0	7773.0
5574.0	5648.0
11759.0	12493.0
2720.0	2730.0
326.0	328.0
1384.0	1385.0
8980.0	9401.0
7894.0	8219.0
10752.0	11377.0
5396.0	5444.0
7339.0	7620.0
3568.0	3579.0
105.0	107.0
5544.0	5613.0
8335.0	8704.0
3832.0	3846.0
7741.0	8052.0
9032.0	9459.0
2166.0	2169.0
10301.0	10867.0
3544.0	3555.0
3489.0	3500.0
98.0	100.0
1661.0	1662.0
4010.0	4027.0
10358.0	10928.0
671.0	674.0
3705.0	3716.0
9041.0	9471.0
3538.0	3549.0
4210.0	4228.0
3551.0	3562.0
8686.0	9084.0
6409.0	5733.0
5909.0	6029.0
11259.0	11950.0
1905.0	1907.0
8537.0	8932.0
3516.0	3527.0
569.0	571.0
3560.0	3571.0
12060.0	12821.0
77.0	79.0
8095.0	8433.0
2496.0	2502.0
5792.0	5887.0
3979.0	3996.0
2436.0	2442.0
4676.0	4698.0
9947.0	10485.0
3028.0	3039.0
9985.0	10524.0
10013.0	10553.0
4064.0	4081.0
254.0	256.0
9527.0	10021.0
7596.0	7899.0
7542.0	7840.0
7204.0	7466.0
11618.0	12335.0
3196.0	3207.0
7963.0	8290.0
9737.0	10254.0
11760.0	12494.0
9976.0	10515.0
6957.0	7189.0
7613.0	7916.0
3528.0	3539.0
3543.0	3554.0
5840.0	5943.0
3513.0	3523.0
9859.0	10381.0
6756.0	6978.0
6409.0	11781.0
3572.0	3565.0
8851.0	9256.0
2242.0	2245.0
3476.0	3487.0
6301.0	6475.0
9023.0	9450.0
4299.0	4318.0
6476.0	6671.0
9950.0	10488.0
6355.0	6534.0
3039.0	3050.0
2839.0	2850.0
1390.0	1391.0
7583.0	7885.0
3558.0	3569.0
3115.0	3126.0
7105.0	7359.0
9836.0	10359.0
1289.0	1290.0
7156.0	7418.0
6357.0	6536.0
3547.0	3558.0
6501.0	6701.0
9232.0	9687.0
2733.0	2743.0
6697.0	6914.0
8889.0	9296.0
11440.0	12145.0
9188.0	9637.0
6458.0	6651.0
7963.0	8433.0
420.0	422.0
11092.0	11766.0
1049.0	9754.0
8242.0	8589.0
9093.0	9528.0
5295.0	5327.0
6650.0	6863.0
4684.0	4706.0
12027.0	12787.0
3123.0	3134.0
12195.0	12969.0
87.0	89.0
9473.0	9957.0
2312.0	2316.0
7081.0	7332.0
7213.0	7475.0
3554.0	3583.0
5591.0	5667.0
408.0	410.0
11833.0	12578.0
9018.0	9444.0
10554.0	11157.0
2497.0	2503.0
10748.0	11373.0
7540.0	7838.0
11515.0	12227.0
5792.0	12493.0
5680.0	5761.0
12078.0	12842.0
2026.0	2028.0
9985.0	10867.0
1705.0	1706.0
5975.0	6102.0
9672.0	10181.0
3984.0	4001.0
7174.0	7439.0
1389.0	1390.0
9747.0	10264.0
3939.0	3955.0
3554.0	3565.0
41.0	43.0
10214.0	10773.0
11146.0	5761.0
8126.0	8469.0
3744.0	3755.0
9562.0	10059.0
6370.0	6550.0
3787.0	3800.0
5924.0	6045.0
7083.0	7334.0
5937.0	6062.0
6938.0	7170.0
8047.0	8381.0
8498.0	8890.0
11146.0	11823.0
3685.0	3696.0
256.0	258.0
8398.0	8780.0
217.0	219.0
1310.0	1311.0
5744.0	5833.0
3564.0	3575.0
3180.0	3191.0
2321.0	2325.0
3121.0	3132.0
7473.0	7764.0
9953.0	10491.0
421.0	423.0
29.0	30.0
5038.0	5061.0
11787.0	12525.0
2496.0	2503.0
2497.0	2502.0
11106.0	11780.0
6177.0	6326.0
8689.0	9087.0
11655.0	12375.0
6677.0	6888.0
1376.0	1377.0
9378.0	9850.0
11412.0	12112.0
3941.0	3957.0
6756.0	5761.0
5904.0	6023.0
12317.0	13100.0
8051.0	8385.0
6016.0	6143.0
8291.0	8645.0
7960.0	8285.0
11176.0	11854.0
4726.0	4748.0
7770.0	8086.0
3966.0	3982.0
2884.0	2895.0
9508.0	9998.0
3522.0	3533.0
436.0	438.0
8784.0	9185.0
11308.0	11998.0
9735.0	10250.0
6056.0	6187.0
11759.0	5887.0
6209.0	6365.0
2885.0	2896.0
2614.0	2621.0
1626.0	1627.0
3983.0	4000.0
7543.0	7841.0
2871.0	2882.0
6944.0	7176.0
4202.0	4220.0
8698.0	9094.0
9261.0	9719.0
27.0	28.0
4276.0	4295.0
3515.0	3526.0
4728.0	4750.0
3410.0	3423.0
3413.0	3424.0
3413.0	3423.0
3411.0	3421.0
3410.0	3421.0
3410.0	3424.0
3411.0	3423.0
3412.0	3423.0
3412.0	3422.0
3411.0	3424.0
3411.0	3422.0
3413.0	3422.0
3413.0	3421.0
3410.0	3422.0
3412.0	3421.0
3412.0	3424.0
9294.0	10898.0
11042.0	11705.0
7867.0	8187.0
7145.0	7405.0
8039.0	8373.0
6597.0	6805.0
953.0	959.0
3525.0	3536.0
6929.0	7161.0
5390.0	5438.0
10701.0	11321.0
559.0	561.0
7773.0	8090.0
5714.0	5800.0
10301.0	10524.0
2661.0	2670.0
9900.0	10430.0
9151.0	9590.0
11955.0	12707.0
11705.0	12428.0
3796.0	3809.0
9951.0	10489.0
9042.0	9472.0
10327.0	10894.0
8593.0	8988.0
8387.0	8766.0
9504.0	9992.0
6906.0	7135.0
6506.0	6708.0
7310.0	7590.0
12078.0	9256.0
9445.0	9924.0
107.0	109.0
3748.0	3759.0
8963.0	9383.0
2164.0	2167.0
5427.0	5475.0
2013.0	2015.0
6596.0	6804.0
8095.0	8290.0
3510.0	3520.0
12181.0	12955.0
3537.0	3548.0
10323.0	10890.0
6066.0	6197.0
8761.0	9160.0
4835.0	4858.0
4681.0	4703.0
11282.0	11973.0
2338.0	2342.0
3566.0	3577.0
4570.0	4591.0
6770.0	6994.0
9448.0	9927.0
6331.0	6508.0
11014.0	11673.0
3514.0	3525.0
338.0	340.0
7204.0	12821.0
2463.0	2469.0
590.0	592.0
8243.0	8590.0
11705.0	12493.0
9564.0	10062.0
4720.0	4742.0
2652.0	2660.0
11266.0	11957.0
10957.0	11612.0
371.0	373.0
8369.0	8744.0
9039.0	9468.0
6578.0	6783.0
2231.0	2234.0
735.0	738.0
6210.0	6366.0
3124.0	3135.0
1423.0	1424.0
10832.0	11470.0
5136.0	5160.0
419.0	421.0
1959.0	1961.0
6470.0	6664.0
7424.0	7713.0
6084.0	6222.0
7582.0	7884.0
2716.0	2726.0
7239.0	7506.0
9950.0	11294.0
2561.0	2568.0
4003.0	4020.0
9888.0	10415.0
6116.0	6259.0
2056.0	2058.0
8185.0	8527.0
3977.0	3994.0
7382.0	7666.0
243.0	245.0
3181.0	3192.0
1296.0	1297.0
5338.0	5377.0
4839.0	4862.0
3123.0	3135.0
3124.0	3134.0
8048.0	8382.0
2757.0	2767.0
8207.0	8550.0
8488.0	8878.0
8151.0	8491.0
7576.0	7875.0
3549.0	3560.0
2094.0	2096.0
9595.0	10097.0
11405.0	12104.0
7572.0	7871.0
3867.0	3881.0
3555.0	3566.0
6592.0	6799.0
5355.0	5398.0
10333.0	10901.0
4687.0	4709.0
9236.0	9691.0
6989.0	7223.0
12188.0	12962.0
8809.0	9211.0
11166.0	11844.0
11611.0	12328.0
11653.0	12373.0
7263.0	7532.0
12030.0	12791.0
8157.0	8497.0
1473.0	1476.0
3563.0	3574.0
5621.0	5701.0
3561.0	3572.0
3525.0	6671.0
5729.0	5817.0
4730.0	4752.0
7146.0	7406.0
8153.0	8493.0
1652.0	1652.0
6383.0	6564.0
2681.0	2690.0
5028.0	5051.0
10727.0	11348.0
5055.0	5080.0
4160.0	4178.0
11362.0	12058.0
4350.0	4369.0
422.0	424.0
6258.0	6421.0
6551.0	6757.0
9724.0	10237.0
6140.0	6286.0
5064.0	5089.0
8179.0	8521.0
9473.0	13157.0
58.0	60.0
8359.0	8731.0
1470.0	1473.0
8331.0	8698.0
5834.0	5938.0
3833.0	3846.0
3027.0	3038.0
2539.0	2546.0
1962.0	2167.0
10244.0	10806.0
11759.0	12428.0
4828.0	4851.0
10262.0	10827.0
63.0	65.0
7270.0	7541.0
5697.0	5781.0
7777.0	8094.0
12135.0	12903.0
4875.0	4897.0
2753.0	2763.0
659.0	662.0
11624.0	12342.0
4786.0	4809.0
8052.0	8386.0
2257.0	2260.0
7890.0	8215.0
369.0	371.0
8616.0	9012.0
11818.0	12561.0
5439.0	5490.0
9864.0	10386.0
8335.0	10515.0
4004.0	4021.0
5418.0	5468.0
2527.0	2533.0
8904.0	9314.0
11633.0	12351.0
7821.0	8136.0
2246.0	2249.0
6697.0	6508.0
9152.0	9591.0
1693.0	1694.0
4923.0	4945.0
113.0	115.0
10835.0	11474.0
115.0	117.0
5583.0	5657.0
10880.0	11524.0
6486.0	6683.0
308.0	310.0
276.0	278.0
7555.0	7854.0
38.0	39.0
3943.0	3959.0
10182.0	10734.0
11942.0	12693.0
7776.0	8093.0
9063.0	9496.0
12054.0	12815.0
8844.0	9249.0
3394.0	3404.0
186.0	187.0
3517.0	3583.0
2491.0	2497.0
10497.0	11095.0
3873.0	3887.0
10893.0	11539.0
11790.0	12529.0
104.0	106.0
6697.0	6534.0
2014.0	2016.0
8690.0	9088.0
7212.0	7474.0
1293.0	1294.0
10968.0	11624.0
6331.0	6914.0
5368.0	5414.0
4528.0	4549.0
11641.0	12359.0
9949.0	10487.0
10674.0	10488.0
4088.0	4105.0
8309.0	8669.0
6365.0	6545.0
902.0	907.0
11158.0	11835.0
8851.0	6545.0
2567.0	2574.0
354.0	356.0
6248.0	6410.0
11146.0	6978.0
30.0	31.0
10045.0	10588.0
11743.0	12474.0
8865.0	9272.0
9747.0	7332.0
5986.0	6113.0
10420.0	11003.0
6424.0	6608.0
9340.0	9805.0
2631.0	2638.0
11705.0	5887.0
6355.0	6914.0
565.0	567.0
7646.0	7950.0
10237.0	10798.0
2853.0	2864.0
5204.0	5235.0
10380.0	10955.0
1624.0	1625.0
11629.0	12347.0
8181.0	8523.0
384.0	386.0
9315.0	9778.0
8767.0	9167.0
6650.0	3571.0
3523.0	3534.0
5867.0	5974.0
11788.0	12527.0
6859.0	7086.0
3559.0	3570.0
9256.0	9714.0
1019.0	1024.0
6476.0	3536.0
8463.0	8852.0
3365.0	3376.0
3921.0	3937.0
3526.0	3537.0
3743.0	3754.0
12365.0	9957.0
6257.0	6418.0
11677.0	12401.0
139.0	140.0
12280.0	13062.0
3652.0	3664.0
4367.0	4386.0
10010.0	10550.0
2850.0	2861.0
8165.0	8506.0
2484.0	2490.0
5097.0	5121.0
3997.0	4014.0
11062.0	11729.0
5908.0	6028.0
3666.0	3678.0
6571.0	6777.0
12361.0	13154.0
11764.0	12498.0
4211.0	4229.0
5680.0	11823.0
2991.0	3002.0
3373.0	3384.0
11960.0	12712.0
11555.0	12268.0
598.0	600.0
12379.0	13172.0
9600.0	10102.0
2842.0	2853.0
7037.0	7286.0
3778.0	3791.0
7048.0	7297.0
6811.0	7040.0
4784.0	4807.0
10079.0	10628.0
1966.0	1968.0
10674.0	11294.0
10729.0	11350.0
6697.0	10489.0
11163.0	11841.0
8222.0	8568.0
10724.0	8381.0
5824.0	5923.0
5879.0	5987.0
7413.0	7701.0
2278.0	2282.0
9822.0	10344.0
9604.0	10105.0
7123.0	7379.0
3535.0	3546.0
7747.0	8061.0
9877.0	10402.0
11107.0	5733.0
2412.0	2418.0
9926.0	10461.0
11762.0	12496.0
1695.0	1696.0
8231.0	8577.0
8428.0	8813.0
12060.0	7466.0
5740.0	5828.0
3524.0	3535.0
11734.0	9084.0
12172.0	12945.0
2908.0	2919.0
8241.0	8588.0
2097.0	2098.0
2098.0	2099.0
2095.0	2099.0
2096.0	2097.0
2097.0	2099.0
2098.0	2100.0
2098.0	2098.0
2095.0	2097.0
2095.0	2100.0
2097.0	2097.0
2095.0	2098.0
2098.0	2097.0
2096.0	2098.0
2096.0	2100.0
2096.0	2099.0
2097.0	2100.0
7117.0	7372.0
1407.0	1408.0
8095.0	2638.0
54.0	56.0
10791.0	11424.0
5680.0	6978.0
11461.0	12168.0
2203.0	2206.0
237.0	239.0
5767.0	5860.0
6137.0	6283.0
6820.0	7050.0
12172.0	9450.0
6901.0	7131.0
11649.0	12368.0
10769.0	11397.0
4966.0	4988.0
9951.0	6914.0
3534.0	3545.0
7983.0	8313.0
11137.0	11815.0
6631.0	3527.0
2631.0	8433.0
2834.0	2845.0
194.0	195.0
9429.0	9904.0
8616.0	12911.0
3564.0	12903.0
10716.0	11336.0
7242.0	7509.0
2705.0	2714.0
7798.0	8114.0
2512.0	2518.0
110.0	112.0
2909.0	2920.0
8851.0	12842.0
5301.0	5333.0
10313.0	10880.0
8155.0	8494.0
7356.0	7638.0
4447.0	4467.0
11268.0	11959.0
11703.0	12426.0
1932.0	1934.0
7304.0	7583.0
47.0	49.0
7723.0	8034.0
6557.0	6763.0
2548.0	2555.0
8835.0	9239.0
9177.0	9622.0
11631.0	12349.0
10549.0	11152.0
9912.0	10445.0
7081.0	10264.0
11827.0	12570.0
7569.0	7868.0
8178.0	8520.0
4119.0	4136.0
3531.0	3542.0
7099.0	7352.0
8077.0	8413.0
6756.0	11823.0
6793.0	7018.0
7460.0	7749.0
7569.0	5761.0
5326.0	5362.0
9976.0	8704.0
3602.0	3613.0
262.0	264.0
9568.0	10067.0
4575.0	4596.0
10282.0	10848.0
8263.0	8614.0
7963.0	2638.0
10553.0	11156.0
2099.0	2101.0
11766.0	12502.0
11252.0	11943.0
11843.0	12589.0
9591.0	10093.0
5884.0	7838.0
8601.0	8998.0
3798.0	3811.0
502.0	505.0
9194.0	9644.0
9188.0	5761.0
137.0	138.0
8508.0	8901.0
11305.0	9924.0
8083.0	8419.0
3792.0	3805.0
3560.0	6863.0
7638.0	7942.0
5792.0	12428.0
3527.0	3538.0
3109.0	3120.0
4775.0	4797.0
4586.0	4608.0
5313.0	5348.0
4963.0	4985.0
10132.0	10683.0
5969.0	6093.0
2543.0	2550.0
12087.0	12850.0
9887.0	10414.0
5283.0	5315.0
3446.0	3457.0
2868.0	2879.0
11045.0	11711.0
8627.0	9022.0
9600.0	6914.0
1658.0	1659.0
3509.0	3519.0
11952.0	12704.0
357.0	359.0
2341.0	2345.0
10395.0	10972.0
12219.0	12994.0
7534.0	7831.0
3512.0	3522.0
9543.0	10038.0
11032.0	11694.0
525.0	527.0
1294.0	1295.0
7134.0	7393.0
4899.0	4921.0
6361.0	6541.0
10828.0	11466.0
10260.0	10824.0
8976.0	9397.0
5508.0	5572.0
7261.0	7530.0
6331.0	10489.0
10699.0	11319.0
11382.0	12079.0
7522.0	7818.0
2674.0	2683.0
550.0	552.0
5374.0	5421.0
12047.0	12807.0
2938.0	2949.0
5604.0	5681.0
8821.0	9223.0
6705.0	3580.0
11305.0	11995.0
3527.0	10030.0
6152.0	6297.0
162.0	163.0
4854.0	4877.0
11689.0	12412.0
7608.0	7912.0
2470.0	2476.0
3439.0	3450.0
3958.0	3974.0
3206.0	3217.0
9515.0	10007.0
6324.0	6500.0
3170.0	3181.0
9800.0	10321.0
7335.0	7617.0
7775.0	8092.0
5485.0	5541.0
6866.0	7093.0
8663.0	9058.0
9690.0	10201.0
3004.0	3015.0
7090.0	7343.0
6864.0	7091.0
10452.0	11040.0
2439.0	2445.0
4058.0	4075.0
11615.0	12332.0
3007.0	3018.0
11929.0	12678.0
1431.0	1433.0
3546.0	3557.0
4215.0	4233.0
11409.0	12108.0
6980.0	7212.0
5717.0	5803.0
3923.0	3939.0
4392.0	4411.0
6940.0	7172.0
3536.0	3547.0
3540.0	3551.0
9951.0	6508.0
7235.0	7501.0
11327.0	12021.0
7292.0	7567.0
5046.0	5070.0
9698.0	10211.0
4185.0	4203.0
12168.0	12940.0
9633.0	10137.0
9535.0	10029.0
2249.0	2252.0
677.0	680.0
11785.0	12522.0
841.0	845.0
9445.0	7332.0
219.0	221.0
7172.0	7436.0
10647.0	11265.0
3111.0	3122.0
7031.0	7277.0
6115.0	6258.0
4442.0	4462.0
10782.0	11414.0
11867.0	9924.0
9475.0	9959.0
11558.0	12271.0
6331.0	6534.0
9333.0	9798.0
8178.0	7666.0
10555.0	11159.0
12078.0	6545.0
3517.0	3565.0
4433.0	4453.0
7573.0	7872.0
5780.0	5873.0
12135.0	3575.0
10153.0	10706.0
2158.0	2161.0
3348.0	3358.0
5007.0	5030.0
3558.0	10075.0
5041.0	5065.0
10450.0	11038.0
4092.0	4109.0
6650.0	6222.0
3025.0	3036.0
5252.0	5283.0
11901.0	12649.0
9811.0	10332.0
6191.0	6340.0
5355.0	11984.0
4660.0	4682.0
5951.0	6076.0
8203.0	8546.0
11280.0	11971.0
9936.0	10473.0
7088.0	7341.0
4930.0	4952.0
7347.0	7629.0
7081.0	9924.0
5616.0	5695.0
2206.0	2209.0
11057.0	11724.0
8727.0	9124.0
6280.0	6449.0
3522.0	9256.0
4051.0	4068.0
11148.0	11825.0
8967.0	9388.0
6705.0	6922.0
4731.0	4753.0
7857.0	8176.0
6062.0	6193.0
4443.0	4463.0
9951.0	6534.0
10241.0	10803.0
10211.0	10770.0
6523.0	6728.0
2562.0	2569.0
9563.0	10061.0
8325.0	1826.0
2885.0	2895.0
2884.0	2896.0
11146.0	9637.0
9115.0	9555.0
8012.0	8348.0
8106.0	8446.0
10302.0	10868.0
3754.0	3765.0
454.0	457.0
9600.0	8330.0
9445.0	10264.0
12172.0	8954.0
10025.0	10565.0
11293.0	11982.0
8358.0	8730.0
9367.0	9838.0
6041.0	6171.0
5417.0	5467.0
42.0	44.0
6084.0	6863.0
6355.0	10489.0
6586.0	6792.0
5250.0	5281.0
4236.0	4254.0
6355.0	6508.0
5551.0	5620.0
6602.0	6810.0
435.0	437.0
57.0	59.0
6949.0	7181.0
2190.0	2193.0
4221.0	4239.0
11095.0	11769.0
6935.0	7167.0
10736.0	12570.0
8073.0	8409.0
8173.0	8514.0
6366.0	6546.0
9432.0	9910.0
7204.0	7793.0
6763.0	6985.0
11867.0	12614.0
6211.0	6367.0
5233.0	5264.0
6816.0	7046.0
344.0	346.0
11974.0	12729.0
4451.0	4471.0
2833.0	2844.0
80.0	82.0
12333.0	13121.0
4748.0	4770.0
7262.0	7531.0
209.0	210.0
8851.0	3533.0
4091.0	4108.0
4918.0	4940.0
12163.0	12933.0
421.0	422.0
420.0	423.0
4577.0	4598.0
11256.0	11947.0
9579.0	10078.0
343.0	345.0
12329.0	13118.0
368.0	370.0
10721.0	11342.0
3169.0	3180.0
5026.0	5049.0
6273.0	6439.0
9614.0	10118.0
9790.0	10309.0
6756.0	7868.0
11264.0	11954.0
9892.0	10420.0
5070.0	5095.0
4027.0	4044.0
7190.0	7453.0
3933.0	3949.0
6756.0	9637.0
3039.0	3191.0
3180.0	3050.0
1395.0	1396.0
5984.0	6111.0
9552.0	10048.0
4600.0	4622.0
11760.0	11998.0
5680.0	9637.0
6899.0	7129.0
10422.0	11005.0
3790.0	3803.0
4826.0	4849.0
8625.0	9020.0
12077.0	12841.0
569.0	4748.0
4726.0	571.0
5995.0	6122.0
9036.0	9465.0
7612.0	7915.0
8370.0	8745.0
5635.0	5715.0
9079.0	9512.0
2969.0	2980.0
7169.0	7434.0
7156.0	13157.0
11947.0	12698.0
5477.0	5531.0
10938.0	11590.0
2575.0	2582.0
3373.0	4027.0
4010.0	3384.0
3525.0	13146.0
8021.0	9450.0
8345.0	8717.0
8816.0	9218.0
3416.0	3427.0
5267.0	5298.0
11006.0	11664.0
8796.0	9197.0
11407.0	12106.0
7750.0	8064.0
486.0	489.0
4212.0	4230.0
2912.0	2923.0
6303.0	6478.0
5976.0	6103.0
9445.0	11995.0
2557.0	2564.0
11516.0	12228.0
3523.0	11551.0
3164.0	3175.0
2878.0	2889.0
5384.0	9930.0
9414.0	9886.0
8349.0	8721.0
187.0	188.0
6621.0	6833.0
7502.0	7798.0
6697.0	10102.0
8160.0	7357.0
10966.0	11622.0
5884.0	5994.0
11652.0	12372.0
8285.0	8639.0
9600.0	6508.0
7538.0	7836.0
633.0	635.0
9147.0	9586.0
10876.0	11518.0
6697.0	9472.0
3834.0	3846.0
7851.0	8171.0
3694.0	3705.0
9107.0	9543.0
6441.0	6630.0
8176.0	8518.0
7659.0	7964.0
3142.0	3153.0
6697.0	8527.0
1393.0	1394.0
5429.0	5479.0
8283.0	8636.0
11241.0	11927.0
5525.0	5591.0
586.0	588.0
5778.0	5871.0
9379.0	9851.0
3527.0	8111.0
3180.0	3207.0
3196.0	3191.0
36.0	37.0
6668.0	6428.0
12219.0	10447.0
10306.0	10873.0
9747.0	9924.0
6355.0	9472.0
342.0	344.0
9260.0	9718.0
1961.0	1963.0
8850.0	9255.0
3534.0	12255.0
7926.0	8249.0
660.0	663.0
2988.0	2999.0
11213.0	11896.0
9168.0	9612.0
9968.0	10507.0
9756.0	10273.0
7540.0	5994.0
600.0	602.0
3562.0	3573.0
1049.0	10898.0
7729.0	8040.0
6159.0	9249.0
10839.0	11478.0
7294.0	7570.0
3736.0	3747.0
8211.0	8556.0
7326.0	7608.0
2886.0	2897.0
7123.0	8330.0
6508.0	6710.0
4686.0	4708.0
6687.0	6903.0
9696.0	10209.0
5680.0	7868.0
10897.0	11546.0
9328.0	9792.0
7082.0	7333.0
12083.0	12846.0
6512.0	6715.0
4530.0	4551.0
4214.0	4232.0
12101.0	12865.0
6074.0	6210.0
8744.0	9142.0
6883.0	7111.0
10868.0	7332.0
10484.0	11079.0
6051.0	6182.0
9984.0	10523.0
4677.0	4699.0
374.0	376.0
7786.0	8102.0
9499.0	9987.0
9853.0	10375.0
2212.0	2215.0
10243.0	10805.0
8931.0	9348.0
6863.0	7090.0
11447.0	12156.0
9189.0	9638.0
11017.0	11677.0
5119.0	5143.0
3417.0	3428.0
10771.0	11400.0
9445.0	12614.0
11456.0	12164.0
1356.0	1357.0
6828.0	3569.0
3523.0	5859.0
11114.0	11789.0
9089.0	9523.0
5689.0	5772.0
179.0	180.0
4226.0	4244.0
5067.0	5092.0
10698.0	11318.0
5609.0	5686.0
10816.0	11452.0
8984.0	9406.0
4769.0	4791.0
8888.0	9295.0
9856.0	10378.0
10868.0	10826.0
40.0	41.0
612.0	614.0
1029.0	1034.0
8748.0	9146.0
7716.0	8026.0
11376.0	12073.0
9121.0	9561.0
10130.0	10680.0
5495.0	5554.0
5223.0	5254.0
11036.0	11698.0
9313.0	9776.0
9340.0	8087.0
3822.0	3836.0
12046.0	12806.0
5627.0	5707.0
3980.0	3997.0
2857.0	2868.0
4064.0	571.0
569.0	4081.0
10174.0	10727.0
4198.0	4216.0
2760.0	2770.0
8977.0	9398.0
8088.0	8426.0
3510.0	10118.0
1398.0	1399.0
4435.0	4455.0
8584.0	8979.0
5852.0	5958.0
3464.0	3475.0
9730.0	10244.0
7537.0	7835.0
6016.0	6060.0
2680.0	2689.0
2593.0	2600.0
9873.0	10397.0
5714.0	11792.0
7918.0	8241.0
8201.0	8544.0
11816.0	12559.0
6047.0	6178.0
2584.0	2591.0
1933.0	1935.0
2534.0	2541.0
10503.0	11103.0
58.0	59.0
57.0	60.0
11479.0	12187.0
9747.0	8381.0
9750.0	10267.0
6476.0	13146.0
286.0	288.0
5488.0	6922.0
11935.0	12685.0
7051.0	7300.0
8780.0	9181.0
8189.0	8531.0
405.0	407.0
1387.0	1388.0
9213.0	9666.0
1642.0	1642.0
3755.0	3766.0
6525.0	6730.0
6640.0	6852.0
249.0	251.0
10913.0	11563.0
3017.0	3028.0
11100.0	11774.0
7156.0	9957.0
6376.0	9227.0
11387.0	12086.0
4046.0	3996.0
6121.0	6265.0
985.0	990.0
2059.0	2061.0
8114.0	8456.0
7410.0	7697.0
10263.0	10828.0
1361.0	1362.0
6190.0	6338.0
4891.0	4913.0
11305.0	5398.0
7688.0	7995.0
2165.0	2168.0
1805.0	1807.0
7962.0	8289.0
11381.0	5695.0
9441.0	9919.0
10301.0	5807.0
5423.0	5473.0
11356.0	12052.0
1958.0	1960.0
78.0	80.0
7018.0	7256.0
10253.0	10817.0
9985.0	3519.0
10719.0	11339.0
6874.0	7101.0
5443.0	5495.0
1957.0	1959.0
6746.0	6968.0
10339.0	10907.0
11424.0	12127.0
3527.0	3537.0
4458.0	4478.0
2383.0	2389.0
9377.0	9849.0
10918.0	11568.0
5488.0	5545.0
2797.0	2807.0
11196.0	11878.0
620.0	622.0
10663.0	11282.0
5349.0	5392.0
6167.0	6315.0
8731.0	9128.0
4326.0	4345.0
3106.0	3117.0
9042.0	6914.0
11381.0	10565.0
1013.0	1018.0
6154.0	6299.0
10850.0	11488.0
7569.0	11823.0
9747.0	5887.0
1333.0	1334.0
10667.0	11286.0
6332.0	6509.0
11542.0	12255.0
3511.0	3521.0
12121.0	12888.0
3566.0	7575.0
1323.0	1324.0
3521.0	3532.0
9264.0	9722.0
2260.0	2263.0
2438.0	2444.0
6490.0	6687.0
12075.0	6113.0
9710.0	10221.0
2631.0	8290.0
1988.0	1990.0
3785.0	3798.0
3528.0	8093.0
9042.0	6534.0
8230.0	8576.0
8836.0	9240.0
8741.0	9139.0
7646.0	10075.0
7296.0	7572.0
8318.0	8681.0
9069.0	9502.0
11274.0	11965.0
6365.0	9256.0
7976.0	8304.0
6510.0	6712.0
8145.0	8485.0
5731.0	5819.0
5989.0	6116.0
10295.0	10861.0
3519.0	3530.0
11894.0	12642.0
5940.0	6065.0
9600.0	6534.0
4211.0	3765.0
3754.0	4229.0
289.0	291.0
12302.0	13084.0
8809.0	6558.0
7143.0	7403.0
10575.0	11184.0
9037.0	9466.0
9900.0	3126.0
3115.0	10430.0
9600.0	10489.0
7776.0	3539.0
12060.0	7793.0
6679.0	6890.0
6319.0	6495.0
1307.0	1308.0
12211.0	12988.0
6422.0	6606.0
8842.0	9247.0
9951.0	9472.0
6896.0	7125.0
9113.0	9552.0
11870.0	12617.0
4856.0	4879.0
8026.0	8361.0
10025.0	5695.0
7589.0	7892.0
8178.0	8648.0
11699.0	12422.0
6355.0	8527.0
9865.0	10387.0
7114.0	7368.0
4208.0	4226.0
3537.0	9666.0
9387.0	9859.0
3023.0	3034.0
6697.0	8330.0
8818.0	9220.0
11623.0	12340.0
9886.0	10413.0
8833.0	9237.0
10868.0	12493.0
11146.0	7868.0
4598.0	4620.0
10361.0	10931.0
8210.0	8381.0
2418.0	2424.0
2309.0	2313.0
7493.0	7786.0
9297.0	9757.0
11305.0	11984.0
7952.0	8276.0
8529.0	8924.0
3687.0	3698.0
8164.0	8505.0
4471.0	4492.0
874.0	879.0
11146.0	11373.0
7753.0	8068.0
109.0	111.0
3932.0	3948.0
4452.0	4472.0
3039.0	3207.0
3196.0	3050.0
8084.0	8421.0
11308.0	12494.0
5925.0	6046.0
214.0	215.0
9230.0	5393.0
12268.0	13049.0
7489.0	7782.0
3550.0	3561.0
597.0	599.0
10748.0	5761.0
10284.0	10850.0
10541.0	11143.0
8339.0	8709.0
1239.0	1239.0
7928.0	8251.0
11265.0	11955.0
5554.0	5623.0
5259.0	5289.0
9989.0	10528.0
10301.0	8648.0
10554.0	10955.0
200.0	201.0
8148.0	8488.0
569.0	1385.0
1384.0	571.0
7154.0	7416.0
3553.0	10105.0
11660.0	12381.0
9606.0	10109.0
11374.0	12071.0
8504.0	8896.0
6802.0	7030.0
5419.0	5469.0
5535.0	3519.0
10261.0	10825.0
4836.0	4859.0
11713.0	12437.0
4983.0	5005.0
10979.0	11635.0
4223.0	4241.0
8244.0	8591.0
9023.0	8358.0
12075.0	10565.0
11305.0	12614.0
11644.0	12363.0
7393.0	7678.0
9978.0	10517.0
3824.0	3838.0
4401.0	4420.0
178.0	179.0
5553.0	5622.0
12217.0	12992.0
4609.0	4631.0
3553.0	3548.0
11120.0	11797.0
8412.0	8798.0
12096.0	12860.0
1093.0	1098.0
10474.0	11068.0
2927.0	2938.0
7472.0	7763.0
6098.0	6236.0
10805.0	11441.0
5789.0	5883.0
9576.0	10074.0
4400.0	4419.0
1229.0	1229.0
10968.0	7416.0
9296.0	9756.0
10380.0	11157.0
10655.0	11273.0
575.0	577.0
7420.0	7709.0
4469.0	4490.0
9879.0	10404.0
10287.0	10853.0
6065.0	6195.0
4413.0	4433.0
4473.0	4494.0
12250.0	13028.0
8902.0	9312.0
8676.0	9072.0
5832.0	5935.0
8177.0	8519.0
8900.0	9310.0
12078.0	3533.0
11368.0	12064.0
7569.0	6978.0
11705.0	9924.0
8501.0	8893.0
3889.0	3903.0
4483.0	4504.0
6245.0	6406.0
3961.0	3977.0
8318.0	6683.0
3463.0	3474.0
10276.0	10841.0
9951.0	8527.0
4426.0	4446.0
6454.0	6646.0
6504.0	6705.0
8068.0	8403.0
11417.0	12117.0
10230.0	10791.0
1403.0	1404.0
9051.0	6914.0
5792.0	8381.0
6176.0	6324.0
9887.0	11397.0
2712.0	2721.0
10270.0	10834.0
3780.0	3793.0
6597.0	9249.0
9463.0	9947.0
11845.0	12591.0
11381.0	5541.0
7079.0	7330.0
11030.0	11692.0
12247.0	13024.0
10942.0	11594.0
2691.0	2700.0
4370.0	4389.0
3522.0	6545.0
6312.0	6487.0
5328.0	5364.0
4941.0	4963.0
4533.0	4554.0
5901.0	6017.0
7064.0	7314.0
10180.0	10733.0
231.0	233.0
9604.0	9666.0
10441.0	11029.0
5576.0	5650.0
11867.0	11995.0
9218.0	9672.0
6022.0	6151.0
5333.0	5372.0
8853.0	9259.0
5680.0	11373.0
12176.0	12949.0
8651.0	13107.0
6278.0	6447.0
8195.0	8537.0
5647.0	5727.0
7953.0	8277.0
3538.0	8851.0
11553.0	12266.0
9993.0	10532.0
4004.0	4020.0
4003.0	4021.0
10547.0	11149.0
7841.0	8155.0
7349.0	7631.0
11197.0	11880.0
3797.0	3810.0
7382.0	8520.0
8828.0	9232.0
9877.0	8420.0
835.0	13016.0
9668.0	10176.0
10497.0	9924.0
6421.0	6914.0
4277.0	4296.0
372.0	374.0
2744.0	2754.0
9213.0	3548.0
7644.0	6113.0
2022.0	2024.0
9188.0	6978.0
3655.0	3667.0
2362.0	2366.0
8844.0	6805.0
5355.0	11995.0
10473.0	11067.0
7291.0	7566.0
6930.0	7162.0
4404.0	4423.0
3403.0	3413.0
3985.0	4002.0
8351.0	8723.0
4935.0	4957.0
3512.0	6113.0
3538.0	3567.0
9551.0	10047.0
5210.0	5240.0
5209.0	5238.0
5208.0	5241.0
5207.0	5238.0
5208.0	5239.0
5209.0	5240.0
5207.0	5239.0
5207.0	5241.0
5208.0	5238.0
5208.0	5240.0
5209.0	5239.0
5207.0	5240.0
5210.0	5239.0
5209.0	5241.0
5210.0	5238.0
5210.0	5241.0
12255.0	13033.0
1977.0	1979.0
6331.0	10102.0
10372.0	10944.0
4777.0	4799.0
4525.0	4546.0
341.0	343.0
2001.0	2003.0
8789.0	9190.0
11777.0	12514.0
5568.0	5639.0
12126.0	12894.0
2929.0	2940.0
6355.0	8330.0
6796.0	7021.0
11993.0	12750.0
9473.0	7418.0
6496.0	6693.0
5038.0	680.0
677.0	5061.0
7160.0	7424.0
3572.0	6305.0
10078.0	10627.0
3524.0	5817.0
5616.0	10565.0
12219.0	5541.0
10720.0	11340.0
10043.0	10586.0
3526.0	3558.0
2242.0	9622.0
1109.0	1114.0
6617.0	6828.0
4430.0	4450.0
10634.0	11252.0
8185.0	6914.0
8322.0	8685.0
6231.0	5432.0
7785.0	8101.0
5613.0	5691.0
9026.0	9453.0
7204.0	8520.0
4183.0	4201.0
576.0	578.0
5371.0	5418.0
8874.0	9281.0
10653.0	11271.0
7811.0	8127.0
527.0	529.0
11000.0	11658.0
10745.0	11370.0
2035.0	2037.0
1969.0	1971.0
7569.0	9637.0
8320.0	8683.0
3553.0	9666.0
10032.0	10573.0
7204.0	9776.0
7662.0	7967.0
7333.0	7615.0
2756.0	2766.0
8772.0	9172.0
11867.0	10264.0
6505.0	6707.0
10968.0	8560.0
2411.0	2417.0
7227.0	7495.0
11910.0	12658.0
8854.0	9260.0
6756.0	11373.0
7006.0	7840.0
9360.0	9829.0
11670.0	12394.0
10881.0	11525.0
5453.0	5507.0
2085.0	2087.0
5355.0	9924.0
5356.0	5399.0
9445.0	12428.0
10716.0	9957.0
5254.0	5284.0
2516.0	2522.0
9604.0	3548.0
11381.0	6922.0
3662.0	3674.0
8429.0	8815.0
10485.0	11080.0
5485.0	5695.0
8613.0	9009.0
7003.0	7242.0
10994.0	11652.0
9727.0	10240.0
2173.0	2176.0
5592.0	5668.0
9051.0	6508.0
11488.0	12198.0
9457.0	9937.0
3010.0	3021.0
12015.0	12772.0
9042.0	10489.0
4752.0	4774.0
9433.0	9911.0
4432.0	4452.0
6519.0	6724.0
1599.0	1600.0
2582.0	2589.0
4121.0	4138.0
4899.0	4311.0
9972.0	10510.0
9177.0	2245.0
7527.0	7824.0
2471.0	2477.0
3984.0	4081.0
4064.0	4001.0
10070.0	10617.0
9097.0	9532.0
7201.0	7463.0
9116.0	9556.0
4468.0	4488.0
7382.0	11959.0
4917.0	4939.0
4679.0	4701.0
7256.0	7524.0
327.0	329.0
3537.0	10105.0
9959.0	10497.0
8185.0	6534.0
8651.0	6478.0
1049.0	2730.0
2720.0	1054.0
3751.0	3762.0
7070.0	7319.0
317.0	319.0
6245.0	9924.0
3447.0	3458.0
9064.0	9497.0
12134.0	12902.0
450.0	452.0
9188.0	7868.0
2457.0	2463.0
6084.0	3571.0
569.0	2920.0
2909.0	571.0
8844.0	6306.0
10854.0	11493.0
7702.0	8011.0
12365.0	11336.0
6697.0	9481.0
8465.0	8854.0
2601.0	2608.0
6832.0	7063.0
2468.0	2474.0
7788.0	8103.0
9092.0	9527.0
5008.0	5031.0
52.0	54.0
1001.0	1006.0
9188.0	11823.0
10716.0	13157.0
8136.0	8476.0
939.0	944.0
8014.0	8350.0
6421.0	6508.0
6088.0	6226.0
9051.0	9481.0
10090.0	10638.0
6126.0	6270.0
9832.0	10355.0
7405.0	7690.0
11663.0	12384.0
10217.0	10777.0
3407.0	3417.0
1917.0	1919.0
2154.0	2157.0
1400.0	1401.0
9388.0	9860.0
6206.0	6361.0
5431.0	5481.0
2812.0	2822.0
5038.0	1423.0
1422.0	5061.0
10450.0	6324.0
4576.0	4597.0
2469.0	2475.0
3055.0	3066.0
4765.0	4787.0
8317.0	8679.0
568.0	570.0
2191.0	2194.0
7387.0	7672.0
10825.0	11463.0
5616.0	5541.0
9982.0	10521.0
8813.0	9215.0
7688.0	9896.0
4835.0	4862.0
4839.0	4858.0
3990.0	4007.0
6709.0	6927.0
5266.0	5297.0
10868.0	11510.0
2252.0	2255.0
6310.0	6485.0
6320.0	6496.0
4745.0	4767.0
3721.0	3732.0
427.0	429.0
3456.0	3467.0
4462.0	4482.0
9473.0	11336.0
11542.0	3545.0
389.0	391.0
6355.0	10102.0
9211.0	9664.0
3941.0	4228.0
4210.0	3957.0
10025.0	5541.0
3666.0	6572.0
2420.0	2426.0
9213.0	10105.0
2234.0	2237.0
6020.0	6149.0
2480.0	2486.0
1421.0	1422.0
11867.0	7332.0
9030.0	9457.0
9198.0	9648.0
7349.0	12570.0
449.0	283.0
396.0	398.0
705.0	708.0
6331.0	8527.0
3630.0	3642.0
12075.0	5695.0
12030.0	9249.0
9635.0	10139.0
9662.0	10170.0
8055.0	8389.0
3266.0	3277.0
3569.0	6922.0
9042.0	8527.0
8664.0	9059.0
1071.0	1076.0
3873.0	3765.0
3754.0	3887.0
6678.0	9172.0
2538.0	2545.0
7370.0	7653.0
5539.0	5608.0
6231.0	9930.0
10031.0	10572.0
5729.0	3535.0
2508.0	2514.0
6351.0	6530.0
10863.0	11504.0
2277.0	2281.0
10141.0	10695.0
3062.0	3073.0
9311.0	9774.0
1441.0	1443.0
3553.0	6914.0
9538.0	10033.0
9172.0	9616.0
8131.0	8473.0
9230.0	12112.0
5355.0	10264.0
3414.0	3425.0
11243.0	11929.0
8185.0	9472.0
8236.0	8583.0
5337.0	5376.0
10018.0	10558.0
4029.0	4046.0
3549.0	3554.0
3398.0	3408.0
7831.0	8145.0
864.0	868.0
12330.0	340.0
2554.0	2561.0
12286.0	13069.0
11929.0	9666.0
10724.0	12493.0
11667.0	12388.0
5785.0	5878.0
11517.0	12230.0
10573.0	11182.0
10631.0	11248.0
11852.0	12598.0
4450.0	4470.0
4067.0	4084.0
3566.0	5883.0
6137.0	8098.0
8210.0	7332.0
10937.0	11589.0
2531.0	2538.0
11288.0	11977.0
2972.0	2983.0
3582.0	3593.0
7492.0	7785.0
11117.0	11793.0
8185.0	10489.0
7298.0	7574.0
9132.0	9573.0
3487.0	3498.0
3547.0	3537.0
5405.0	5453.0
8432.0	8818.0
3140.0	3151.0
9604.0	3564.0
2781.0	2791.0
6331.0	9472.0
12016.0	12773.0
471.0	474.0
1824.0	8689.0
9466.0	9950.0
6331.0	9481.0
2949.0	2960.0
11305.0	6406.0
8576.0	8969.0
10703.0	11323.0
8007.0	8341.0
2357.0	2361.0
2479.0	2485.0
2251.0	2254.0
7011.0	7249.0
9951.0	10102.0
4054.0	4071.0
2236.0	2239.0
12241.0	13018.0
5535.0	3541.0
685.0	688.0
11103.0	11777.0
3261.0	3272.0
2672.0	2681.0
2087.0	2089.0
6893.0	7121.0
10707.0	11327.0
6634.0	6845.0
6590.0	6797.0
7703.0	8012.0
11305.0	12428.0
3537.0	3564.0
8914.0	9327.0
5034.0	5057.0
6390.0	6571.0
12365.0	7418.0
3444.0	3455.0
9445.0	5398.0
11305.0	10264.0
3537.0	12678.0
1974.0	1976.0
7086.0	7338.0
5367.0	5413.0
8166.0	8507.0
1599.0	9058.0
12055.0	12816.0
8277.0	8629.0
7926.0	10093.0
3515.0	8420.0
9875.0	10400.0
12220.0	12995.0
7691.0	7998.0
5948.0	6073.0
4603.0	4625.0
9142.0	9583.0
185.0	186.0
12044.0	12804.0
976.0	981.0
11841.0	12587.0
12111.0	12876.0
569.0	4952.0
4930.0	571.0
11539.0	12252.0
2778.0	2788.0
3555.0	9047.0
9011.0	9437.0
11484.0	7036.0
9023.0	12945.0
8047.0	5887.0
1022.0	1027.0
3486.0	3497.0
2165.0	792.0
11509.0	5327.0
7081.0	12493.0
6176.0	11038.0
8715.0	9113.0
6915.0	7144.0
11025.0	3034.0
3013.0	3024.0
9761.0	10278.0
11258.0	11949.0
3532.0	3543.0
4436.0	4456.0
5485.0	10565.0
2578.0	2585.0
11345.0	12040.0
2717.0	2727.0
5792.0	10264.0
12219.0	8648.0
10014.0	10554.0
9600.0	7379.0
5755.0	5846.0
4409.0	4428.0
585.0	587.0
9213.0	12678.0
8953.0	9373.0
6656.0	6869.0
5813.0	5910.0
246.0	248.0
11571.0	12285.0
2556.0	2563.0
9846.0	10368.0
9445.0	11984.0
1966.0	2167.0
10204.0	10760.0
9791.0	10310.0
10494.0	11091.0
2511.0	2517.0
4336.0	4355.0
12204.0	12979.0
6281.0	6453.0
1701.0	1702.0
11409.0	8568.0
8222.0	12108.0
9614.0	3520.0
617.0	619.0
596.0	598.0
2478.0	2484.0
3564.0	7793.0
7785.0	3519.0
10999.0	11657.0
1314.0	1315.0
5341.0	5380.0
3026.0	2169.0
2976.0	2987.0
7898.0	8223.0
6130.0	6274.0
11700.0	12423.0
12075.0	5541.0
9009.0	9435.0
5258.0	5288.0
8178.0	5807.0
5156.0	5180.0
7062.0	7312.0
4928.0	4950.0
618.0	620.0
1444.0	1446.0
4565.0	4586.0
4899.0	5910.0
11867.0	5398.0
6954.0	7186.0
6212.0	6368.0
5404.0	5452.0
5715.0	5801.0
8754.0	9153.0
4588.0	4610.0
8526.0	8920.0
10764.0	11390.0
5355.0	9316.0
4524.0	4545.0
4856.0	4862.0
4839.0	4879.0
1100.0	1105.0
3535.0	9924.0
6217.0	6376.0
5552.0	5621.0
899.0	904.0
9636.0	10140.0
7164.0	5859.0
1237.0	1237.0
9514.0	10005.0
4731.0	4752.0
4730.0	4753.0
12030.0	6805.0
7382.0	3519.0
11929.0	3548.0
5384.0	3571.0
7006.0	6283.0
11929.0	7531.0
10301.0	8520.0
3526.0	11959.0
6299.0	6473.0
11710.0	12433.0
6331.0	8330.0
10234.0	10795.0
18.0	19.0
1640.0	1640.0
11403.0	12102.0
8157.0	10869.0
10138.0	10690.0
10322.0	10889.0
2953.0	2964.0
8283.0	12284.0
3560.0	6222.0
9294.0	6379.0
6899.0	3540.0
7395.0	7680.0
2937.0	2948.0
3540.0	3530.0
9985.0	11959.0
2325.0	2329.0
6767.0	6990.0
9455.0	9935.0
7327.0	7609.0
5106.0	5130.0
6841.0	7069.0
366.0	368.0
8497.0	8889.0
3819.0	3833.0
6170.0	6318.0
2317.0	2321.0
10301.0	8381.0
3560.0	3569.0
361.0	363.0
11003.0	11661.0
534.0	536.0
3178.0	3189.0
6921.0	7151.0
11827.0	7631.0
8178.0	7317.0
5669.0	5750.0
2171.0	2173.0
3553.0	12678.0
11399.0	12098.0
1927.0	1929.0
7081.0	11507.0
5972.0	6097.0
1468.0	1471.0
9744.0	10261.0
6303.0	13107.0
4963.0	12131.0
1879.0	1882.0
4164.0	4182.0
9505.0	9994.0
9445.0	6406.0
11797.0	12538.0
11066.0	11736.0
10730.0	11351.0
6307.0	6482.0
498.0	501.0
9969.0	10508.0
10301.0	5370.0
3540.0	7947.0
11116.0	11791.0
6975.0	7207.0
9029.0	9456.0
6697.0	10105.0
11344.0	12039.0
11381.0	3547.0
6595.0	6802.0
9950.0	8851.0
8362.0	8735.0
1965.0	1967.0
8946.0	9364.0
2731.0	2741.0
3522.0	5923.0
3395.0	3405.0
9028.0	9455.0
8691.0	6914.0
10717.0	11337.0
12082.0	12845.0
4856.0	4858.0
4835.0	4879.0
6672.0	6883.0
5231.0	5262.0
10610.0	11226.0
10497.0	9591.0
9005.0	9429.0
1928.0	1930.0
7356.0	5887.0
9048.0	9478.0
11183.0	11861.0
8560.0	8956.0
7647.0	7952.0
11412.0	9685.0
585.0	588.0
586.0	587.0
4187.0	4205.0
4574.0	4595.0
6253.0	6415.0
8830.0	9234.0
817.0	821.0
8367.0	8742.0
8021.0	8358.0
2342.0	2346.0
3529.0	3540.0
4579.0	4601.0
6303.0	9047.0
8080.0	8416.0
4758.0	4780.0
1746.0	1748.0
12327.0	13114.0
2523.0	2529.0
2319.0	2323.0
10868.0	9924.0
11025.0	11685.0
8335.0	3537.0
1978.0	1980.0
11511.0	12223.0
11453.0	12161.0
11168.0	11846.0
95.0	97.0
9213.0	3564.0
4405.0	4424.0
10301.0	12839.0
8485.0	8875.0
7582.0	3521.0
8819.0	9221.0
9225.0	9679.0
3558.0	3571.0
3105.0	3116.0
3024.0	3035.0
6177.0	9904.0
9522.0	10016.0
1409.0	1410.0
5355.0	5887.0
9469.0	9953.0
10604.0	11220.0
12248.0	13026.0
3527.0	8704.0
3526.0	3538.0
10769.0	10414.0
83.0	85.0
8925.0	9341.0
11121.0	11798.0
7276.0	7548.0
5922.0	6042.0
11958.0	12710.0
3396.0	3406.0
11810.0	12553.0
6678.0	8851.0
4534.0	4555.0
4070.0	4087.0
5670.0	5751.0
4292.0	4311.0
2445.0	2451.0
8441.0	8829.0
4537.0	4558.0
10512.0	11113.0
7123.0	12791.0
10492.0	11089.0
1299.0	1300.0
8178.0	10867.0
4511.0	4532.0
6469.0	6663.0
9661.0	10169.0
6475.0	6670.0
2773.0	2783.0
10533.0	11135.0
5769.0	5862.0
9052.0	9483.0
4922.0	4944.0
11780.0	12517.0
492.0	495.0
1966.0	5121.0
5097.0	1968.0
11973.0	12728.0
3060.0	3071.0
6597.0	12791.0
9570.0	10069.0
6016.0	9172.0
6159.0	6306.0
4520.0	4541.0
12116.0	12882.0
11305.0	3546.0
7929.0	8252.0
12353.0	13143.0
3360.0	3371.0
10162.0	10716.0
10108.0	10656.0
12135.0	7793.0
580.0	582.0
6695.0	6912.0
11175.0	11853.0
8644.0	9040.0
7998.0	8331.0
2071.0	2073.0
3113.0	3124.0
5937.0	7536.0
9747.0	11995.0
9600.0	7332.0
9726.0	10239.0
5051.0	5075.0
4325.0	4344.0
3535.0	11995.0
2737.0	2747.0
7785.0	11959.0
9481.0	9965.0
8965.0	9386.0
5924.0	10250.0
1369.0	1370.0
6956.0	7188.0
8603.0	9000.0
12019.0	12776.0
5588.0	5663.0
6497.0	6694.0
9231.0	9686.0
4772.0	4794.0
6155.0	6301.0
8185.0	8420.0
5355.0	6406.0
8070.0	8405.0
6040.0	6170.0
415.0	417.0
160.0	161.0
2088.0	2090.0
8335.0	3538.0
4784.0	6819.0
11447.0	3537.0
2250.0	2253.0
2687.0	2696.0
5733.0	5821.0
7644.0	3519.0
11407.0	6113.0
3718.0	3729.0
9927.0	10462.0
3522.0	12842.0
11361.0	12057.0
3502.0	3512.0
7613.0	3887.0
3873.0	7916.0
5488.0	3580.0
11563.0	12276.0
10934.0	11586.0
12030.0	8776.0
4161.0	4179.0
3547.0	8704.0
4590.0	4612.0
3540.0	5859.0
1415.0	1416.0
11867.0	6406.0
5789.0	3577.0
8462.0	8851.0
11966.0	12721.0
9951.0	8330.0
5357.0	5400.0
5295.0	9930.0
2849.0	2860.0
3532.0	6683.0
9023.0	6202.0
9340.0	8433.0
1428.0	1429.0
4438.0	4458.0
8754.0	6545.0
4911.0	4933.0
1976.0	1978.0
11928.0	12675.0
8809.0	9227.0
2162.0	2165.0
7764.0	8079.0
6431.0	6616.0
6705.0	5545.0
4222.0	4240.0
138.0	139.0
8651.0	3566.0
7540.0	12112.0
3553.0	3564.0
10593.0	11207.0
5333.0	1357.0
7644.0	10059.0
5532.0	5601.0
8185.0	6508.0
9591.0	8249.0
6421.0	10489.0
1667.0	1668.0
6245.0	11995.0
8641.0	9035.0
10651.0	11269.0
9985.0	8101.0
5038.0	6665.0
6219.0	10898.0
420.0	421.0
419.0	422.0
8335.0	3558.0
11268.0	3537.0
4563.0	4584.0
1422.0	1423.0
9700.0	10213.0
2724.0	2734.0
8637.0	9031.0
9317.0	9780.0
10132.0	10176.0
9427.0	9901.0
7542.0	11023.0
2532.0	2539.0
7262.0	12678.0
7154.0	8560.0
5396.0	6644.0
6331.0	9172.0
8730.0	9127.0
11412.0	8245.0
726.0	729.0
574.0	576.0
554.0	556.0
287.0	289.0
11227.0	11912.0
11132.0	11809.0
8329.0	8695.0
6840.0	7068.0
7332.0	7614.0
9560.0	10057.0
9600.0	9481.0
10742.0	11367.0
10497.0	3546.0
10589.0	11201.0
777.0	729.0
5914.0	6035.0
8178.0	10332.0
10104.0	10651.0
6105.0	6243.0
10718.0	11338.0
9829.0	10352.0
10480.0	11075.0
4045.0	4062.0
1347.0	1348.0
7861.0	8180.0
10392.0	10969.0
11294.0	12994.0
6697.0	9045.0
8125.0	8468.0
12166.0	12938.0
3829.0	3843.0
8047.0	10264.0
11656.0	3558.0
425.0	427.0
11440.0	6305.0
9621.0	10126.0
5485.0	12994.0
1666.0	1667.0
5848.0	5953.0
9562.0	6914.0
3928.0	3944.0
7933.0	8256.0
186.0	188.0
187.0	187.0
147.0	148.0
6668.0	6880.0
3174.0	3185.0
9600.0	8527.0
5311.0	5346.0
5555.0	5625.0
8178.0	12994.0
5040.0	5064.0
12075.0	3547.0
8674.0	9071.0
6245.0	12614.0
7081.0	12614.0
11633.0	6805.0
9445.0	12493.0
5643.0	5723.0
3529.0	3542.0
11495.0	12207.0
11305.0	7332.0
4595.0	4617.0
8395.0	8777.0
5355.0	12614.0
9445.0	5887.0
10109.0	10657.0
6393.0	6574.0
7123.0	10102.0
9453.0	9933.0
8326.0	8690.0
5385.0	5433.0
9042.0	6508.0
3527.0	10315.0
7842.0	8157.0
5275.0	5306.0
6712.0	6930.0
3196.0	3039.0
3028.0	3207.0
7785.0	7666.0
11705.0	11995.0
3002.0	3013.0
400.0	402.0
3384.0	3395.0
12315.0	13098.0
4517.0	4538.0
11722.0	12448.0
5355.0	11291.0
8754.0	9256.0
44.0	46.0
9847.0	10369.0
1016.0	1021.0
10466.0	11057.0
8210.0	12493.0
5935.0	6058.0
6213.0	10929.0
9686.0	10197.0
7311.0	7591.0
7489.0	3537.0
6828.0	7058.0
10390.0	10966.0
12078.0	10332.0
2024.0	2026.0
10562.0	11168.0
5522.0	5588.0
6697.0	10059.0
834.0	838.0
5362.0	5408.0
9747.0	12614.0
728.0	731.0
2360.0	2364.0
3154.0	3165.0
210.0	211.0
348.0	350.0
9046.0	9476.0
6697.0	11493.0
4664.0	4686.0
9489.0	9976.0
11991.0	12748.0
10653.0	6281.0
4593.0	4615.0
12321.0	13103.0
4210.0	3955.0
3939.0	4228.0
9985.0	8064.0
7823.0	8138.0
1915.0	1917.0
1962.0	1968.0
10633.0	11251.0
7827.0	8142.0
1910.0	1912.0
10724.0	7332.0
6800.0	7027.0
2909.0	1385.0
1384.0	2920.0
683.0	686.0
11759.0	7332.0
333.0	335.0
10102.0	10649.0
10132.0	11959.0
8686.0	3561.0
7165.0	7429.0
4416.0	4436.0
8087.0	8424.0
307.0	309.0
11657.0	12377.0
678.0	681.0
8179.0	12454.0
9600.0	9472.0
11430.0	12135.0
10120.0	10669.0
540.0	542.0
2553.0	2560.0
10645.0	11262.0
5488.0	5695.0
5198.0	5228.0
10936.0	11588.0
10973.0	11629.0
6048.0	3542.0
8255.0	8606.0
11570.0	12283.0
2698.0	2707.0
5022.0	5045.0
6421.0	6534.0
5038.0	571.0
569.0	5061.0
12260.0	13040.0
7542.0	12122.0
8574.0	8968.0
7694.0	8002.0
8579.0	8973.0
8898.0	9308.0
2675.0	2684.0
8517.0	8911.0
3569.0	5545.0
5686.0	5768.0
6408.0	6590.0
8285.0	4921.0
5470.0	5524.0
6231.0	6390.0
7951.0	8273.0
10301.0	5669.0
10836.0	11475.0
2609.0	2616.0
1316.0	1317.0
7081.0	11995.0
9041.0	5258.0
9041.0	5261.0
9041.0	5259.0
9041.0	5260.0
8809.0	6045.0
6016.0	9392.0
8178.0	10447.0
3538.0	10488.0
3559.0	10169.0
10497.0	12841.0
10056.0	10600.0
3518.0	3529.0
9602.0	10104.0
5488.0	10565.0
5461.0	5514.0
6241.0	7416.0
3484.0	3495.0
5823.0	5922.0
11867.0	11984.0
3523.0	5414.0
8462.0	12647.0
2258.0	2261.0
10884.0	11528.0
6597.0	8776.0
6507.0	6709.0
9042.0	8330.0
4847.0	4870.0
3553.0	6508.0
9604.0	12678.0
2272.0	2276.0
3535.0	12614.0
10530.0	11132.0
4821.0	4844.0
3770.0	3759.0
11447.0	6914.0
4839.0	4877.0
3468.0	3479.0
6327.0	6504.0
11728.0	5621.0
66.0	68.0
1514.0	1516.0
10748.0	11823.0
4722.0	4744.0
6697.0	7332.0
5808.0	5904.0
6671.0	6882.0
3340.0	3350.0
6294.0	6468.0
11977.0	12732.0
7609.0	7913.0
7547.0	7846.0
3834.0	3762.0
5779.0	5872.0
4323.0	4342.0
6536.0	6742.0
6148.0	6292.0
7736.0	8047.0
9076.0	9509.0
10410.0	10991.0
6697.0	9172.0
9799.0	10320.0
7808.0	8124.0
8437.0	8824.0
8477.0	8866.0
10908.0	11558.0
6377.0	6559.0
12039.0	12799.0
8478.0	8867.0
8686.0	8560.0
2732.0	2807.0
2797.0	2742.0
10314.0	10881.0
6245.0	5398.0
10286.0	10852.0
11656.0	12376.0
5004.0	571.0
569.0	5027.0
6678.0	3567.0
11579.0	12293.0
4338.0	4357.0
11766.0	7457.0
8844.0	8560.0
1646.0	1646.0
11669.0	12390.0
7920.0	8243.0
10301.0	3519.0
11864.0	12611.0
6159.0	6805.0
7581.0	7882.0
3547.0	10515.0
1938.0	1940.0
6581.0	6786.0
10301.0	12994.0
11861.0	12607.0
12205.0	12981.0
9153.0	9592.0
635.0	637.0
4880.0	4902.0
8522.0	8915.0
1356.0	5372.0
2875.0	2886.0
552.0	554.0
5836.0	5940.0
12077.0	9591.0
11432.0	12137.0
5875.0	5982.0
11088.0	11761.0
5300.0	5332.0
8910.0	9323.0
7397.0	7682.0
9471.0	9955.0
65.0	67.0
3823.0	3837.0
3529.0	7129.0
11268.0	3558.0
5732.0	5820.0
7379.0	7663.0
9051.0	6534.0
11296.0	11986.0
5616.0	6922.0
5107.0	5131.0
10710.0	11330.0
12075.0	6898.0
9575.0	10073.0
11525.0	12239.0
10868.0	11507.0
9985.0	7666.0
9985.0	10683.0
7204.0	7666.0
3547.0	7767.0
5230.0	9471.0
5227.0	9471.0
5228.0	9471.0
5229.0	9471.0
8376.0	8752.0
12100.0	12864.0
3555.0	13107.0
11110.0	11784.0
9051.0	10489.0
3163.0	3174.0
1423.0	571.0
569.0	1424.0
5866.0	5973.0
6355.0	9481.0
2394.0	2400.0
10380.0	1433.0
7476.0	7769.0
8442.0	8830.0
11253.0	11944.0
3901.0	3915.0
8740.0	9138.0
11294.0	10447.0
1049.0	11781.0
11107.0	1054.0
7015.0	7253.0
3535.0	6406.0
11767.0	12503.0
11385.0	12083.0
5235.0	5266.0
9747.0	5398.0
6623.0	6835.0
611.0	613.0
10568.0	11176.0
1643.0	1643.0
3559.0	6060.0
2502.0	2508.0
11867.0	3546.0
8123.0	8466.0
3784.0	3797.0
3020.0	3031.0
3082.0	3093.0
8316.0	8678.0
12034.0	12795.0
8325.0	11252.0
90.0	92.0
11817.0	12560.0
10500.0	11100.0
8686.0	9249.0
5762.0	5853.0
4276.0	2325.0
2321.0	4295.0
265.0	267.0
7750.0	7575.0
6697.0	9666.0
3616.0	3629.0
4545.0	4566.0
4254.0	4272.0
11593.0	12307.0
422.0	5049.0
4016.0	4033.0
7558.0	7858.0
7948.0	120.0
11748.0	12480.0
7926.0	10072.0
8844.0	12791.0
12178.0	12952.0
6926.0	7155.0
11225.0	11910.0
9965.0	10503.0
3230.0	3241.0
5814.0	5912.0
6000.0	6128.0
9301.0	9762.0
5023.0	5046.0
12227.0	13003.0
5789.0	7575.0
5620.0	5700.0
6697.0	7379.0
3038.0	3049.0
1071.0	1077.0
6489.0	6686.0
6678.0	6060.0
4721.0	4743.0
569.0	3050.0
3039.0	571.0
9445.0	11095.0
9661.0	3570.0
10679.0	11298.0
8157.0	11064.0
4569.0	4590.0
12007.0	7878.0
3527.0	3558.0
8398.0	10488.0
9023.0	11352.0
3019.0	3030.0
6081.0	6219.0
8949.0	9369.0
11656.0	3542.0
11697.0	12420.0
9496.0	9984.0
3560.0	5432.0
5603.0	5680.0
8318.0	6281.0
773.0	776.0
8264.0	8615.0
8172.0	8513.0
7540.0	12242.0
6828.0	3539.0
8649.0	6914.0
9023.0	8954.0
6678.0	12647.0
11245.0	11931.0
4210.0	729.0
4625.0	4647.0
6279.0	6448.0
10025.0	6922.0
5243.0	5275.0
3061.0	3072.0
11929.0	10105.0
8196.0	8539.0
2471.0	9070.0
10497.0	12428.0
7394.0	7679.0
2527.0	4027.0
4010.0	2533.0
3852.0	3866.0
4529.0	4550.0
8031.0	8365.0
3547.0	11959.0
6597.0	12351.0
5682.0	5764.0
10228.0	10789.0
7081.0	6914.0
9747.0	11984.0
4854.0	4862.0
9445.0	3546.0
6815.0	7044.0
12040.0	12800.0
11109.0	11783.0
1030.0	1035.0
2775.0	2785.0
5384.0	9450.0
4839.0	3207.0
3196.0	4862.0
4567.0	4588.0
2982.0	2993.0
9604.0	5414.0
12334.0	13122.0
3537.0	10826.0
8591.0	8986.0
11901.0	9172.0
11600.0	12314.0
8491.0	8881.0
8541.0	8936.0
12088.0	12851.0
5614.0	5692.0
12002.0	12760.0
199.0	200.0
2121.0	2124.0
11294.0	11984.0
10301.0	7317.0
10301.0	10332.0
9880.0	10405.0
11316.0	12007.0
1302.0	1303.0
2201.0	2204.0
10497.0	11995.0
5355.0	3546.0
343.0	346.0
344.0	345.0
8178.0	11959.0
5368.0	10105.0
4419.0	4439.0
8691.0	10489.0
10233.0	10794.0
7864.0	8183.0
10292.0	10858.0
5369.0	5415.0
11305.0	5887.0
5506.0	5569.0
10389.0	10965.0
6775.0	6999.0
7078.0	7328.0
7164.0	7428.0
6048.0	3540.0
2803.0	2813.0
7683.0	7989.0
6241.0	11624.0
12245.0	13022.0
3526.0	7782.0
9474.0	9958.0
9079.0	5935.0
9177.0	5370.0
2172.0	2175.0
8462.0	9172.0
7785.0	10524.0
7540.0	11397.0
3924.0	3940.0
8226.0	8572.0
7081.0	10102.0
7186.0	7450.0
529.0	531.0
9206.0	9657.0
5097.0	2167.0
8562.0	8958.0
10923.0	11574.0
3523.0	10402.0
7356.0	10264.0
10968.0	5541.0
8619.0	9015.0
3535.0	5398.0
10682.0	11301.0
4950.0	4972.0
9604.0	6914.0
5956.0	6080.0
8814.0	9216.0
10953.0	11608.0
7378.0	7662.0
7785.0	6508.0
1279.0	1280.0
3042.0	3053.0
8500.0	8892.0
907.0	912.0
12075.0	11624.0
10132.0	8064.0
11572.0	12286.0
2187.0	2190.0
8961.0	9381.0
2481.0	2487.0
8175.0	8517.0
4786.0	3207.0
3196.0	4809.0
12030.0	6306.0
6419.0	6601.0
5159.0	5183.0
9121.0	12838.0
12023.0	12783.0
8599.0	8995.0
2795.0	2805.0
7995.0	8327.0
2865.0	2876.0
2437.0	2443.0
23.0	24.0
11169.0	11847.0
10481.0	11076.0
5355.0	10033.0
2783.0	2793.0
5701.0	5785.0
3535.0	11095.0
8074.0	8410.0
10795.0	11428.0
4276.0	4809.0
4786.0	4295.0
5070.0	495.0
5813.0	4921.0
6473.0	6667.0
4876.0	4898.0
8157.0	6113.0
12157.0	12927.0
10551.0	11154.0
3361.0	3372.0
2473.0	2479.0
9429.0	6326.0
5037.0	5060.0
11412.0	7838.0
10617.0	11232.0
5368.0	6323.0
9501.0	9989.0
1937.0	1939.0
5368.0	10402.0
12189.0	12963.0
9747.0	12493.0
9877.0	5859.0
3572.0	10059.0
9562.0	3583.0
9042.0	10102.0
9252.0	9709.0
7828.0	8143.0
9568.0	6629.0
7313.0	7594.0
9951.0	9045.0
10521.0	10773.0
6331.0	10105.0
3538.0	6143.0
7243.0	7510.0
3579.0	3590.0
11294.0	10264.0
9945.0	10483.0
8425.0	8810.0
9023.0	8554.0
5560.0	5631.0
8691.0	6508.0
9795.0	10315.0
3738.0	3749.0
7044.0	7293.0
2299.0	2303.0
9431.0	9907.0
10770.0	11398.0
10736.0	7631.0
9152.0	12841.0
8050.0	8384.0
10335.0	10903.0
10132.0	7575.0
183.0	184.0
6616.0	6827.0
2242.0	5370.0
6245.0	3546.0
7921.0	8244.0
3553.0	6534.0
3959.0	3975.0
5481.0	5537.0
4604.0	4626.0
6650.0	10869.0
3526.0	8704.0
9709.0	10220.0
4428.0	4448.0
2587.0	2594.0
12356.0	13148.0
9306.0	9767.0
10768.0	11395.0
6241.0	8560.0
6355.0	9172.0
2544.0	2551.0
419.0	423.0
421.0	421.0
10301.0	10447.0
7356.0	8381.0
2199.0	2202.0
7511.0	7807.0
9792.0	10312.0
449.0	10415.0
9888.0	451.0
10337.0	10905.0
9051.0	10102.0
4968.0	4990.0
8649.0	9045.0
9951.0	11493.0
7963.0	10737.0
9716.0	10229.0
958.0	964.0
5021.0	5044.0
3563.0	10826.0
12252.0	13030.0
9495.0	9982.0
7569.0	11373.0
1019.0	1027.0
1431.0	10955.0
6016.0	3549.0
1423.0	1385.0
1384.0	1424.0
7296.0	7416.0
11313.0	12004.0
7960.0	6683.0
3291.0	3302.0
3198.0	3209.0
3442.0	3453.0
6016.0	12647.0
7757.0	8072.0
754.0	757.0
5832.0	9512.0
8390.0	8770.0
5504.0	5565.0
11724.0	12450.0
7745.0	8059.0
752.0	755.0
4792.0	4815.0
5626.0	5706.0
9134.0	9575.0
10170.0	10723.0
8388.0	8768.0
3435.0	3446.0
12219.0	5695.0
11626.0	5994.0
4050.0	4067.0
9287.0	9747.0
9654.0	10159.0
10449.0	11037.0
6355.0	10105.0
4482.0	4503.0
3552.0	6306.0
2814.0	2824.0
8602.0	8999.0
9976.0	3558.0
3107.0	3118.0
9008.0	9433.0
9971.0	10509.0
3538.0	5669.0
5824.0	3533.0
3526.0	10315.0
7143.0	5556.0
9242.0	9698.0
6479.0	6675.0
9340.0	6825.0
5593.0	5669.0
11662.0	12383.0
11046.0	11712.0
10332.0	10899.0
12219.0	5807.0
9933.0	10470.0
6158.0	6304.0
8362.0	1516.0
3849.0	3863.0
5229.0	5261.0
5228.0	5261.0
5230.0	5261.0
5229.0	5258.0
5229.0	5259.0
5228.0	5259.0
5230.0	5260.0
5228.0	5258.0
5227.0	5258.0
5227.0	5260.0
5230.0	5258.0
5227.0	5261.0
5229.0	5260.0
5228.0	5260.0
5230.0	5259.0
5227.0	5259.0
5384.0	6863.0
2551.0	2558.0
85.0	87.0
4211.0	3887.0
3873.0	4229.0
6657.0	9767.0
12078.0	8648.0
7779.0	10181.0
3555.0	6478.0
9957.0	10495.0
212.0	213.0
9887.0	5541.0
10330.0	10897.0
9532.0	10026.0
10390.0	8636.0
2321.0	4809.0
4786.0	2325.0
8848.0	9253.0
12075.0	8560.0
7427.0	7716.0
8378.0	8754.0
9117.0	9557.0
8691.0	8527.0
5879.0	8272.0
6331.0	7332.0
10748.0	6978.0
5442.0	5494.0
9023.0	9930.0
10534.0	11136.0
8645.0	9041.0
12149.0	12918.0
2129.0	2132.0
7800.0	8116.0
569.0	4809.0
4786.0	571.0
12370.0	13163.0
9887.0	7838.0
294.0	296.0
599.0	601.0
8691.0	6222.0
11294.0	8648.0
7177.0	7442.0
4465.0	4485.0
11759.0	9924.0
6597.0	6306.0
6048.0	7129.0
5485.0	11624.0
9747.0	11507.0
2237.0	2240.0
10854.0	6914.0
9928.0	10463.0
7777.0	8527.0
8688.0	9086.0
5322.0	5357.0
6421.0	10102.0
8433.0	8819.0
4527.0	4548.0
7112.0	7366.0
8381.0	8758.0
11230.0	11915.0
6048.0	7424.0
12219.0	5370.0
6245.0	11984.0
6331.0	6222.0
10497.0	11984.0
11656.0	10105.0
10132.0	3519.0
2464.0	2470.0
6697.0	6222.0
6177.0	9381.0
10507.0	11107.0
3510.0	6113.0
7714.0	8025.0
3511.0	7884.0
6355.0	10059.0
6288.0	6462.0
1962.0	592.0
7223.0	7491.0
7382.0	6222.0
48.0	50.0
5665.0	5746.0
6241.0	6401.0
4551.0	4572.0
232.0	234.0
1473.0	12550.0
161.0	162.0
12316.0	13099.0
2909.0	4748.0
4726.0	2920.0
9811.0	3558.0
3563.0	7332.0
7930.0	8253.0
9244.0	9700.0
5161.0	5185.0
203.0	204.0
2970.0	2981.0
6790.0	7015.0
12190.0	12964.0
2971.0	2982.0
12217.0	11629.0
2702.0	2711.0
9562.0	6534.0
4874.0	4896.0
5593.0	12839.0
7777.0	6914.0
7081.0	6508.0
5385.0	10105.0
10301.0	7666.0
11339.0	12034.0
3526.0	7767.0
11626.0	7838.0
10599.0	11215.0
6899.0	7424.0
5648.0	5728.0
7374.0	7657.0
2402.0	2408.0
3969.0	3985.0
7803.0	8119.0
10301.0	11959.0
11913.0	12660.0
4467.0	4487.0
4717.0	4739.0
3854.0	3868.0
3546.0	7583.0
3546.0	3555.0
9887.0	11624.0
7981.0	8311.0
10132.0	7666.0
3546.0	3566.0
11172.0	11850.0
8844.0	3561.0
1903.0	1905.0
7486.0	7779.0
10868.0	10264.0
590.0	2167.0
5590.0	5666.0
4684.0	4698.0
4676.0	4706.0
6629.0	6841.0
1958.0	2167.0
6478.0	6674.0
3980.0	3996.0
91.0	93.0
7500.0	7797.0
8691.0	6534.0
7785.0	6914.0
10868.0	11995.0
1511.0	3578.0
10356.0	10926.0
5103.0	5127.0
9267.0	9725.0
11381.0	11624.0
12075.0	12106.0
12313.0	13095.0
10534.0	6060.0
5593.0	5370.0
9951.0	9481.0
5446.0	9880.0
11833.0	8245.0
4209.0	4227.0
10813.0	11449.0
9096.0	9531.0
5368.0	9930.0
7123.0	6914.0
10301.0	8064.0
6080.0	6218.0
5263.0	5294.0
10917.0	11567.0
3553.0	10489.0
11851.0	12597.0
2167.0	2170.0
9600.0	11397.0
8797.0	9198.0
12075.0	6222.0
4561.0	4582.0
6084.0	8064.0
3943.0	4228.0
4210.0	3959.0
6048.0	6179.0
7255.0	7523.0
11554.0	12267.0
7382.0	8101.0
5241.0	5273.0
3744.0	6572.0
10497.0	6406.0
10264.0	10829.0
5699.0	5783.0
11447.0	11959.0
11533.0	9536.0
5910.0	6030.0
11123.0	11800.0
5355.0	12428.0
8185.0	10102.0
6818.0	7048.0
10550.0	11153.0
4422.0	4442.0
7750.0	5807.0
6331.0	6060.0
11647.0	12366.0
1962.0	4014.0
9473.0	11932.0
11305.0	11095.0
5974.0	6101.0
8691.0	8330.0
7961.0	8286.0
12357.0	13149.0
122.0	124.0
2612.0	2619.0
3515.0	10515.0
11447.0	3558.0
11268.0	6222.0
6650.0	8527.0
11871.0	12618.0
11305.0	12493.0
10025.0	6113.0
8786.0	9187.0
11294.0	5807.0
916.0	921.0
6421.0	10105.0
8185.0	3526.0
6486.0	6281.0
12075.0	10105.0
2856.0	2867.0
6421.0	6604.0
7448.0	7738.0
6697.0	5541.0
10968.0	6401.0
12348.0	13138.0
8852.0	9257.0
5986.0	3522.0
10666.0	11285.0
11305.0	6367.0
8646.0	9042.0
5912.0	6033.0
6137.0	8527.0
4930.0	5061.0
5038.0	4952.0
5421.0	5471.0
10301.0	9776.0
9950.0	8780.0
10686.0	11305.0
9688.0	10199.0
3535.0	11984.0
10280.0	10845.0
2446.0	2452.0
7830.0	8144.0
1394.0	1395.0
9023.0	5432.0
4215.0	2234.0
2231.0	4233.0
11267.0	11958.0
7296.0	8560.0
10243.0	12911.0
3547.0	3538.0
11716.0	12441.0
11070.0	11740.0
11381.0	6113.0
9464.0	9948.0
11583.0	12297.0
9103.0	9538.0
6971.0	7204.0
3540.0	3583.0
5189.0	5214.0
5188.0	5215.0
5188.0	5216.0
5190.0	5213.0
5191.0	5214.0
5191.0	5213.0
5189.0	5213.0
5191.0	5216.0
5188.0	5214.0
5190.0	5215.0
5189.0	5216.0
5190.0	5214.0
5190.0	5216.0
5191.0	5215.0
5188.0	5213.0
5189.0	5215.0
2315.0	2319.0
9577.0	10076.0
10025.0	10447.0
9604.0	10826.0
4956.0	4978.0
10646.0	11264.0
4314.0	4333.0
7168.0	7433.0
12075.0	6922.0
11479.0	2689.0
2680.0	12187.0
3547.0	7782.0
9810.0	10331.0
9238.0	9693.0
6650.0	5432.0
11656.0	12678.0
4186.0	4204.0
6650.0	13157.0
3997.0	2167.0
10051.0	10595.0
5488.0	5541.0
9562.0	11493.0
6828.0	3571.0
10269.0	10833.0
9291.0	9751.0
6654.0	6867.0
12063.0	12824.0
1996.0	1998.0
11217.0	11900.0
12156.0	12925.0
2149.0	2152.0
6461.0	6654.0
3742.0	3753.0
497.0	500.0
9600.0	9172.0
2779.0	2789.0
8803.0	9205.0
962.0	12911.0
5036.0	5059.0
11294.0	8381.0
11681.0	12405.0
1423.0	2920.0
2909.0	1424.0
8185.0	6863.0
11390.0	12089.0
6697.0	11959.0
6801.0	7028.0
12338.0	13126.0
12106.0	12870.0
8772.0	6060.0
8099.0	8437.0
7960.0	6281.0
7396.0	7681.0
10039.0	10581.0
7055.0	7304.0
6652.0	6865.0
1962.0	5121.0
8185.0	6283.0
6331.0	11493.0
9230.0	8420.0
11447.0	6508.0
11576.0	12290.0
11093.0	11767.0
12217.0	8273.0
3526.0	12156.0
4839.0	4014.0
3997.0	4862.0
7382.0	8064.0
166.0	167.0
11203.0	5490.0
11086.0	11759.0
7037.0	6478.0
347.0	349.0
11929.0	3564.0
3515.0	8527.0
6847.0	7075.0
9188.0	11373.0
11706.0	12429.0
3378.0	3389.0
7154.0	11624.0
6936.0	7168.0
10854.0	10059.0
8691.0	9172.0
3005.0	3016.0
989.0	994.0
6554.0	6760.0
5616.0	6113.0
6214.0	6370.0
2010.0	2012.0
8462.0	6060.0
3123.0	7040.0
6811.0	3134.0
6941.0	7173.0
7113.0	7367.0
6676.0	6887.0
3539.0	3550.0
3529.0	7424.0
7181.0	7445.0
336.0	338.0
5789.0	11054.0
5441.0	5493.0
9609.0	10112.0
3239.0	3250.0
3114.0	3125.0
6633.0	6844.0
5535.0	6222.0
11656.0	9666.0
12193.0	12967.0
1962.0	4862.0
11102.0	11776.0
10132.0	6222.0
6303.0	7286.0
9834.0	10357.0
11381.0	6898.0
10497.0	5398.0
10769.0	7838.0
11476.0	12184.0
8699.0	9095.0
7442.0	7732.0
6266.0	6433.0
96.0	98.0
3542.0	3553.0
3400.0	3410.0
3566.0	11054.0
7562.0	7862.0
7204.0	8648.0
4513.0	4546.0
8335.0	8111.0
8178.0	12839.0
4417.0	4437.0
1678.0	1679.0
3081.0	3092.0
9620.0	10125.0
3538.0	5370.0
3970.0	3986.0
9556.0	10053.0
783.0	786.0
316.0	318.0
11425.0	12130.0
5671.0	5752.0
3028.0	3191.0
3180.0	3039.0
1836.0	1838.0
10009.0	10548.0
6899.0	3542.0
8764.0	9163.0
6243.0	6403.0
590.0	1968.0
1966.0	592.0
4854.0	4879.0
1022.0	1024.0
8185.0	10402.0
8157.0	5333.0
8651.0	7286.0
12283.0	13066.0
7615.0	7918.0
9600.0	10414.0
1669.0	1670.0
5439.0	5362.0
8844.0	8776.0
11355.0	12051.0
8844.0	7416.0
2678.0	2687.0
248.0	250.0
6994.0	7229.0
7586.0	7888.0
9600.0	5541.0
8614.0	9010.0
8518.0	8912.0
577.0	579.0
3997.0	4879.0
4856.0	4014.0
1962.0	1960.0
6084.0	9172.0
9906.0	10437.0
8209.0	8552.0
11268.0	8064.0
8877.0	9284.0
12219.0	7317.0
8534.0	8929.0
9294.0	5733.0
2493.0	2499.0
10868.0	5887.0
5647.0	8272.0
12075.0	7416.0
1973.0	1975.0
3532.0	9334.0
1208.0	1206.0
8640.0	9034.0
8747.0	9145.0
11026.0	11686.0
11202.0	6508.0
3523.0	9930.0
11001.0	11659.0
3996.0	4013.0
4807.0	4830.0
8047.0	12493.0
4425.0	4445.0
1474.0	1477.0
11134.0	11811.0
11705.0	11984.0
5605.0	5682.0
6048.0	5923.0
7084.0	7336.0
6045.0	6175.0
2173.0	1961.0
1959.0	2176.0
6204.0	6359.0
7785.0	8527.0
12056.0	12817.0
2618.0	2625.0
4931.0	256.0
6981.0	7213.0
7785.0	6222.0
5792.0	9924.0
9976.0	3526.0
11656.0	11959.0
543.0	545.0
1824.0	1826.0
10685.0	11304.0
9811.0	8648.0
3563.0	9924.0
11305.0	9316.0
7750.0	6222.0
10639.0	11258.0
11929.0	10826.0
4872.0	4894.0
10732.0	11354.0
9394.0	9866.0
11381.0	6222.0
8844.0	11624.0
10025.0	5283.0
4276.0	3207.0
3196.0	4295.0
11633.0	9249.0
1991.0	1993.0
8691.0	6143.0
4486.0	4507.0
11624.0	12821.0
10531.0	11133.0
8561.0	8957.0
3527.0	11959.0
12365.0	11932.0
3538.0	12839.0
11867.0	12428.0
6421.0	9481.0
3989.0	4006.0
225.0	227.0
4084.0	4101.0
2621.0	2628.0
7081.0	5887.0
5966.0	6090.0
12077.0	9924.0
7123.0	12994.0
1396.0	1397.0
6164.0	6311.0
6016.0	11718.0
11547.0	12261.0
11110.0	4573.0
260.0	262.0
10270.0	12079.0
815.0	818.0
3967.0	3983.0
6355.0	11493.0
7235.0	1968.0
1966.0	7501.0
6961.0	7194.0
3530.0	3541.0
9445.0	11507.0
5017.0	5040.0
1679.0	1680.0
8555.0	8950.0
3245.0	3256.0
8178.0	5370.0
7037.0	9047.0
9763.0	10280.0
10132.0	6922.0
5941.0	6066.0
1291.0	1292.0
9604.0	6534.0
8064.0	10503.0
4726.0	1385.0
1384.0	4748.0
7611.0	7914.0
4957.0	4979.0
3406.0	3416.0
9877.0	5414.0
9118.0	9558.0
8988.0	9410.0
7327.0	8527.0
2762.0	2772.0
3556.0	9172.0
9604.0	6508.0
3749.0	3760.0
3557.0	7995.0
12060.0	12903.0
6001.0	6129.0
10534.0	3570.0
10834.0	11473.0
6650.0	8330.0
11990.0	12747.0
7235.0	2167.0
11294.0	11397.0
3553.0	10059.0
6535.0	6741.0
12075.0	9666.0
9747.0	10102.0
7531.0	7828.0
11091.0	11765.0
6923.0	7153.0
7081.0	8381.0
4064.0	4748.0
4726.0	4081.0
10196.0	10752.0
7465.0	7754.0
8040.0	8374.0
10510.0	11111.0
10025.0	6898.0
10973.0	12992.0
9811.0	7317.0
9298.0	9758.0
3039.0	3696.0
3685.0	3050.0
4879.0	4901.0
7819.0	8133.0
3554.0	6305.0
5238.0	5270.0
5616.0	10447.0
6211.0	9924.0
5485.0	10447.0
5464.0	5517.0
8085.0	9904.0
7751.0	8066.0
6292.0	6466.0
2598.0	2605.0
5322.0	5362.0
5344.0	5383.0
3830.0	3844.0
7204.0	12903.0
5740.0	5152.0
5641.0	5721.0
9600.0	10105.0
8185.0	8330.0
9473.0	9612.0
9951.0	10105.0
4930.0	1423.0
1422.0	4952.0
3536.0	6113.0
3352.0	3362.0
6365.0	3533.0
5884.0	12242.0
870.0	874.0
2321.0	3207.0
3196.0	2325.0
11381.0	5545.0
5538.0	5607.0
2805.0	2815.0
10497.0	12614.0
11202.0	6914.0
12007.0	12765.0
9099.0	9534.0
6355.0	7379.0
7382.0	10683.0
1489.0	12640.0
5355.0	12255.0
9152.0	11095.0
7516.0	7812.0
2158.0	4945.0
3533.0	3544.0
8310.0	8671.0
3535.0	12428.0
10002.0	10541.0
8210.0	9924.0
10025.0	6222.0
8283.0	8264.0
2892.0	2903.0
8569.0	8964.0
4558.0	4579.0
12075.0	3548.0
6179.0	6328.0
6365.0	12842.0
7356.0	8493.0
43.0	45.0
11268.0	3519.0
6084.0	6060.0
3984.0	7777.0
5355.0	6367.0
8951.0	9371.0
6355.0	6060.0
6084.0	11959.0
3043.0	3054.0
7143.0	12340.0
5781.0	5874.0
10557.0	3525.0
4728.0	4014.0
3997.0	4750.0
564.0	566.0
1422.0	680.0
677.0	1423.0
3618.0	3631.0
5368.0	5859.0
835.0	839.0
1315.0	1316.0
6331.0	6604.0
8253.0	8603.0
12295.0	13078.0
7777.0	6534.0
6175.0	5414.0
9951.0	10565.0
9668.0	11959.0
4337.0	4356.0
7777.0	10489.0
7987.0	8318.0
11654.0	12374.0
10954.0	11609.0
9156.0	9595.0
6697.0	6604.0
7688.0	9632.0
3567.0	7575.0
7968.0	8295.0
7123.0	5807.0
6992.0	8348.0
3302.0	3313.0
1962.0	7501.0
3548.0	3559.0
6245.0	12428.0
8461.0	8850.0
9201.0	9651.0
3064.0	3075.0
6211.0	11995.0
9345.0	9809.0
12217.0	5650.0
9795.0	3537.0
9229.0	9684.0
3537.0	3523.0
6016.0	8851.0
6495.0	6692.0
7081.0	10489.0
2588.0	2595.0
3496.0	3507.0
4459.0	4479.0
7218.0	7483.0
3196.0	1919.0
1917.0	3207.0
962.0	9012.0
11163.0	13157.0
8147.0	8487.0
3778.0	3881.0
3867.0	3791.0
3534.0	9924.0
8185.0	8064.0
5432.0	5482.0
8038.0	8372.0
4444.0	4464.0
10868.0	12428.0
12172.0	8358.0
8894.0	9303.0
7382.0	6914.0
11294.0	7317.0
9339.0	9804.0
8923.0	9339.0
9951.0	10059.0
8095.0	9805.0
6497.0	6914.0
5062.0	5087.0
7690.0	7997.0
8752.0	9151.0
10232.0	10793.0
8335.0	10030.0
8879.0	9286.0
7499.0	7796.0
5120.0	5144.0
8649.0	10489.0
10912.0	11562.0
6137.0	12660.0
2459.0	2465.0
10798.0	11432.0
1793.0	1795.0
9852.0	10374.0
2019.0	2021.0
227.0	229.0
9562.0	10105.0
10358.0	9047.0
4079.0	4096.0
4970.0	4992.0
9685.0	10196.0
5368.0	3547.0
12078.0	7317.0
2235.0	2238.0
8683.0	5765.0
8832.0	9236.0
9562.0	10489.0
2483.0	2489.0
6219.0	9754.0
5331.0	5369.0
11436.0	12141.0
3513.0	3548.0
4839.0	2167.0
2719.0	2729.0
46.0	48.0
3536.0	5414.0
3020.0	12718.0
10922.0	11573.0
5792.0	11984.0
6600.0	6808.0
7368.0	7651.0
9747.0	6914.0
10773.0	11402.0
6705.0	5695.0
8886.0	9293.0
1397.0	1398.0
9213.0	10826.0
9919.0	10454.0
3972.0	3988.0
6023.0	6152.0
4232.0	4250.0
11656.0	3537.0
11304.0	11994.0
10988.0	11645.0
11014.0	12454.0
553.0	555.0
12004.0	12762.0
8095.0	6825.0
9887.0	12112.0
8430.0	8816.0
7954.0	8279.0
12060.0	12342.0
5102.0	5126.0
4786.0	4952.0
4930.0	4809.0
6355.0	6283.0
6084.0	3519.0
7026.0	7268.0
3536.0	10565.0
1897.0	1899.0
6331.0	9045.0
12365.0	8330.0
11293.0	888.0
656.0	659.0
3414.0	8052.0
7741.0	3425.0
8851.0	10321.0
7123.0	10264.0
7013.0	7251.0
3531.0	3540.0
11719.0	12444.0
1053.0	1058.0
5541.0	5610.0
3984.0	7916.0
7613.0	4001.0
53.0	55.0
1812.0	1814.0
9973.0	10511.0
7963.0	8520.0
6328.0	6505.0
4969.0	4991.0
8044.0	8378.0
6869.0	11943.0
10427.0	11012.0
3568.0	3580.0
9213.0	7531.0
3547.0	10332.0
10968.0	10414.0
9000.0	9424.0
652.0	655.0
11226.0	11911.0
8178.0	9776.0
11790.0	6833.0
3513.0	12678.0
4046.0	4108.0
1917.0	4862.0
4839.0	1919.0
1027.0	1032.0
9951.0	7332.0
9340.0	8290.0
7754.0	8069.0
4786.0	561.0
559.0	4809.0
6650.0	9930.0
4275.0	4294.0
3180.0	4862.0
4839.0	3191.0
7469.0	7758.0
4258.0	4276.0
10724.0	11507.0
3549.0	5414.0
6084.0	10565.0
11769.0	12506.0
9650.0	10155.0
4891.0	11802.0
4808.0	4831.0
9465.0	9949.0
6697.0	13107.0
9380.0	9852.0
1385.0	1386.0
11759.0	8381.0
6147.0	6291.0
7204.0	5370.0
5709.0	5795.0
4860.0	4883.0
10696.0	11316.0
7524.0	7821.0
3572.0	3571.0
5425.0	5474.0
7960.0	8074.0
6437.0	6625.0
3939.0	1959.0
1957.0	3955.0
5535.0	10649.0
10381.0	10956.0
7785.0	8064.0
6084.0	6508.0
8405.0	8787.0
9109.0	9545.0
9286.0	9746.0
5607.0	5684.0
7382.0	10524.0
3997.0	4858.0
4835.0	4014.0
3196.0	2767.0
2757.0	3207.0
4856.0	4845.0
3572.0	3523.0
6611.0	6822.0
9523.0	10017.0
3523.0	8420.0
12365.0	9612.0
6331.0	9666.0
10301.0	8101.0
9887.0	7416.0
8507.0	8900.0
8691.0	10102.0
3980.0	4108.0
6048.0	3541.0
3481.0	3492.0
6055.0	6186.0
8401.0	8783.0
7568.0	7867.0
1232.0	1232.0
11305.0	11291.0
1959.0	1968.0
1966.0	1961.0
10301.0	2245.0
5981.0	6108.0
10202.0	10757.0
7329.0	7611.0
8651.0	10928.0
8649.0	11493.0
1028.0	1033.0
6589.0	6796.0
7944.0	8267.0
108.0	110.0
9051.0	8527.0
12075.0	10414.0
9861.0	10383.0
5500.0	5562.0
4572.0	4593.0
5792.0	7332.0
12060.0	9776.0
2435.0	2441.0
6697.0	10565.0
11413.0	12113.0
6331.0	10565.0
4526.0	4547.0
8651.0	9172.0
7905.0	8229.0
538.0	540.0
4257.0	4275.0
3537.0	7531.0
8398.0	8851.0
9604.0	7531.0
7644.0	6222.0
4829.0	4862.0
7644.0	3583.0
9591.0	10072.0
7540.0	8245.0
1758.0	1760.0
5355.0	12994.0
9023.0	11263.0
9950.0	3549.0
8178.0	5669.0
4733.0	4755.0
12077.0	11095.0
6280.0	5560.0
2909.0	4081.0
4064.0	2920.0
12223.0	12998.0
3902.0	3916.0
9562.0	6113.0
8084.0	3558.0
11294.0	5398.0
9562.0	5541.0
188.0	189.0
11294.0	5887.0
10025.0	3547.0
10874.0	11516.0
9555.0	10052.0
1869.0	1871.0
9604.0	10059.0
12219.0	10565.0
9550.0	10046.0
10369.0	10941.0
2447.0	2453.0
11447.0	9172.0
12219.0	12839.0
8127.0	1396.0
6697.0	7838.0
5576.0	12992.0
9552.0	6945.0
8178.0	3519.0
6697.0	11397.0
3541.0	10414.0
7147.0	7407.0
4862.0	4862.0
9562.0	9666.0
1791.0	2729.0
1665.0	1666.0
10025.0	11624.0
9600.0	10264.0
11268.0	3538.0
9213.0	3519.0
6943.0	7175.0
11705.0	12614.0
8734.0	12992.0
679.0	682.0
10898.0	11547.0
11705.0	6406.0
3196.0	571.0
569.0	3207.0
9480.0	9964.0
2431.0	2437.0
6697.0	8094.0
5880.0	5988.0
11484.0	12193.0
4411.0	4431.0
7268.0	7538.0
11929.0	3523.0
5723.0	5811.0
8857.0	9263.0
4568.0	4589.0
3553.0	6222.0
6331.0	10059.0
2167.0	2167.0
4076.0	4093.0
2086.0	2088.0
766.0	769.0
7296.0	11624.0
7370.0	5935.0
3546.0	8493.0
1236.0	1236.0
5038.0	4809.0
4786.0	5061.0
10854.0	10489.0
12060.0	7666.0
2209.0	2212.0
2238.0	2241.0
7302.0	7579.0
8034.0	8368.0
2893.0	2904.0
4862.0	3308.0
8210.0	11507.0
12217.0	11563.0
9407.0	2161.0
10390.0	8493.0
11919.0	12666.0
9604.0	6222.0
4418.0	4438.0
6381.0	6562.0
4847.0	4879.0
4856.0	4870.0
4472.0	4493.0
8300.0	8655.0
8864.0	9271.0
9950.0	3567.0
5663.0	5744.0
12217.0	9131.0
9811.0	10030.0
11481.0	12190.0
5993.0	6120.0
6159.0	8560.0
3379.0	3390.0
8691.0	6863.0
2475.0	2481.0
3450.0	3461.0
6991.0	7225.0
12272.0	13053.0
4431.0	4451.0
9800.0	9256.0
646.0	649.0
6220.0	7838.0
6944.0	6922.0
9562.0	8527.0
9600.0	6222.0
926.0	931.0
9672.0	9220.0
8818.0	10181.0
11447.0	7782.0
1971.0	1973.0
11050.0	11716.0
11901.0	6060.0
11621.0	12338.0
11981.0	12737.0
6697.0	6060.0
1984.0	1986.0
11098.0	9992.0
7540.0	9666.0
2282.0	2286.0
6697.0	8064.0
6799.0	7024.0
8185.0	6222.0
12030.0	11291.0
9612.0	10114.0
10116.0	10664.0
11268.0	10332.0
6136.0	6282.0
8244.0	3553.0
10968.0	10565.0
7006.0	11023.0
9765.0	10282.0
6650.0	8064.0
6430.0	6615.0
3563.0	11507.0
5792.0	11995.0
3930.0	3946.0
9051.0	5541.0
3997.0	4845.0
4854.0	7500.0
7457.0	7746.0
11294.0	10414.0
6778.0	7002.0
11623.0	7403.0
3553.0	7838.0
9263.0	9721.0
7262.0	9666.0
11882.0	12628.0
7204.0	12839.0
5765.0	5857.0
325.0	327.0
11094.0	11768.0
557.0	559.0
1962.0	4858.0
4786.0	1391.0
1390.0	4809.0
10450.0	11841.0
2210.0	2213.0
9622.0	10127.0
7330.0	7612.0
10769.0	12112.0
10708.0	11328.0
1716.0	1718.0
6355.0	5859.0
570.0	572.0
1303.0	1304.0
9704.0	10216.0
6697.0	6283.0
5439.0	11885.0
2793.0	2803.0
3180.0	4295.0
4276.0	3191.0
3536.0	5695.0
2845.0	2856.0
10748.0	9637.0
11479.0	12423.0
11700.0	12187.0
2165.0	2167.0
6175.0	6323.0
11728.0	97.0
1467.0	1470.0
5192.0	5217.0
12075.0	6401.0
1395.0	1402.0
1401.0	1396.0
7542.0	11847.0
12093.0	12857.0
6084.0	10105.0
6745.0	6967.0
9538.0	5398.0
6084.0	8527.0
9616.0	10121.0
11705.0	11095.0
2565.0	2572.0
6137.0	8420.0
12365.0	7379.0
5871.0	5978.0
11705.0	5398.0
5355.0	8381.0
569.0	4750.0
4728.0	571.0
5827.0	5930.0
11402.0	12101.0
2321.0	2400.0
8768.0	9168.0
6317.0	6493.0
3520.0	3531.0
2960.0	2971.0
3553.0	8527.0
3915.0	3931.0
9580.0	10079.0
2994.0	3005.0
11531.0	12246.0
7517.0	7813.0
8178.0	12821.0
2040.0	2042.0
9600.0	7838.0
7382.0	5604.0
9230.0	8074.0
7370.0	9512.0
2419.0	2425.0
5129.0	5153.0
3550.0	9249.0
11305.0	10826.0
6211.0	5398.0
11656.0	5414.0
2974.0	2985.0
11542.0	5398.0
6849.0	7077.0
8285.0	5910.0
10870.0	11512.0
9051.0	8330.0
5322.0	11201.0
5528.0	5597.0
5304.0	5337.0
3563.0	6406.0
12224.0	13000.0
7156.0	11336.0
4100.0	4117.0
3180.0	571.0
569.0	3191.0
7826.0	8141.0
3537.0	3519.0
4719.0	4741.0
10827.0	11465.0
11264.0	7875.0
7576.0	11954.0
2321.0	2503.0
2497.0	2325.0
10350.0	10919.0
10989.0	11646.0
7644.0	5541.0
4064.0	1385.0
1384.0	4081.0
3547.0	8421.0
6159.0	12791.0
5139.0	5163.0
3550.0	8560.0
8178.0	8064.0
21.0	22.0
9985.0	8648.0
7963.0	11064.0
8519.0	12718.0
6788.0	7013.0
2600.0	2607.0
9747.0	7379.0
8955.0	9375.0
6180.0	6329.0
196.0	197.0
12075.0	5283.0
3018.0	3029.0
4607.0	4629.0
365.0	367.0
11987.0	12743.0
2166.0	2919.0
2908.0	2169.0
6497.0	3519.0
3939.0	4234.0
10301.0	6608.0
3319.0	3329.0
6650.0	3558.0
5485.0	6922.0
10769.0	9172.0
6645.0	6858.0
9804.0	10325.0
5503.0	5564.0
95.0	5621.0
4923.0	9072.0
1389.0	5061.0
5038.0	1390.0
4839.0	4870.0
4847.0	4862.0
3558.0	6060.0
4210.0	1959.0
1957.0	4228.0
589.0	591.0
3124.0	7040.0
6811.0	3135.0
9877.0	8527.0
3513.0	3583.0
7148.0	7408.0
6355.0	9045.0
12049.0	12809.0
7777.0	6508.0
3180.0	2325.0
2321.0	3191.0
3095.0	3106.0
7123.0	13157.0
8185.0	11959.0
3547.0	10315.0
9460.0	9944.0
4835.0	4877.0
10854.0	9045.0
5097.0	8911.0
8517.0	5121.0
5353.0	5396.0
857.0	861.0
8613.0	3424.0
3413.0	9009.0
3410.0	9009.0
8613.0	3421.0
8613.0	3422.0
3412.0	9009.0
8613.0	3423.0
3411.0	9009.0
9600.0	9249.0
10653.0	8285.0
9520.0	10014.0
7461.0	7750.0
7157.0	9569.0
5930.0	6052.0
1807.0	1809.0
8254.0	8604.0
2855.0	2866.0
4899.0	8639.0
4602.0	4624.0
10301.0	7658.0
5368.0	7838.0
6044.0	6174.0
9445.0	8381.0
8379.0	8755.0
11656.0	7129.0
11867.0	5887.0
10621.0	11236.0
6697.0	8834.0
10046.0	10589.0
9857.0	10379.0
9205.0	9656.0
1736.0	1738.0
3560.0	9930.0
9719.0	10232.0
7644.0	9666.0
3553.0	5414.0
9445.0	6367.0
7513.0	7809.0
11412.0	11397.0
7054.0	7303.0
2430.0	2436.0
565.0	571.0
569.0	567.0
7382.0	8527.0
5884.0	9666.0
3590.0	3601.0
10325.0	10892.0
7382.0	5541.0
6513.0	6716.0
10557.0	9172.0
3529.0	3541.0
9767.0	10284.0
2089.0	2091.0
9445.0	12841.0
5322.0	11998.0
3995.0	4012.0
9319.0	9782.0
3526.0	10030.0
11381.0	11397.0
12066.0	12827.0
11268.0	8648.0
7173.0	7437.0
9168.0	13157.0
11901.0	13107.0
9573.0	8249.0
4954.0	4976.0
10328.0	10895.0
4445.0	4465.0
4835.0	2167.0
11705.0	3546.0
10968.0	6922.0
9811.0	11959.0
3548.0	7583.0
11656.0	3519.0
10724.0	5887.0
7296.0	5541.0
10653.0	8074.0
3553.0	7531.0
593.0	595.0
6084.0	8330.0
10557.0	13107.0
10968.0	5695.0
3791.0	3804.0
10769.0	8245.0
4854.0	11286.0
569.0	1423.0
1422.0	571.0
4476.0	4497.0
3563.0	12614.0
6150.0	6294.0
3531.0	7129.0
9562.0	6508.0
11656.0	3540.0
11565.0	12278.0
10170.0	9070.0
5707.0	5793.0
3527.0	7782.0
5130.0	5154.0
517.0	520.0
3560.0	3583.0
4152.0	4169.0
6137.0	9896.0
9816.0	10339.0
11759.0	11995.0
5368.0	3519.0
3515.0	3539.0
590.0	5121.0
5097.0	592.0
10301.0	8851.0
8691.0	9472.0
6516.0	6720.0
3531.0	7424.0
9306.0	5398.0
9213.0	10059.0
9985.0	5807.0
8462.0	3567.0
4856.0	4877.0
7654.0	13062.0
4839.0	7314.0
7064.0	4862.0
6719.0	6937.0
1473.0	9467.0
9887.0	8560.0
11656.0	6914.0
4835.0	2469.0
2463.0	4858.0
2636.0	2643.0
2514.0	2520.0
9600.0	10059.0
6084.0	9666.0
11890.0	12638.0
12030.0	12351.0
6331.0	5541.0
8822.0	9224.0
9562.0	10565.0
9257.0	9715.0
8795.0	9196.0
10024.0	10564.0
8734.0	9131.0
6016.0	3567.0
7382.0	8648.0
2007.0	2009.0
9295.0	9755.0
9747.0	12994.0
7204.0	10972.0
9604.0	10489.0
11530.0	12245.0
8318.0	9334.0
8600.0	8996.0
2889.0	2900.0
2755.0	2765.0
11789.0	12528.0
6241.0	5541.0
3569.0	3579.0
9199.0	9649.0
10790.0	11423.0
1057.0	1062.0
11633.0	12791.0
9562.0	10102.0
10557.0	11161.0
7785.0	10683.0
8548.0	8943.0
2156.0	2159.0
1277.0	1278.0
8991.0	9414.0
4726.0	5027.0
5004.0	4748.0
8433.0	10489.0
11485.0	12194.0
6285.0	6458.0
6650.0	12340.0
7003.0	536.0
534.0	7242.0
7963.0	6825.0
3039.0	4081.0
4064.0	3050.0
7951.0	12992.0
10132.0	6914.0
10769.0	6222.0
6241.0	9249.0
9363.0	9833.0
8140.0	8480.0
5343.0	5382.0
9668.0	6922.0
1344.0	1345.0
6421.0	9172.0
8094.0	8432.0
10132.0	5414.0
5964.0	6088.0
3540.0	3571.0
6355.0	5541.0
9445.0	9591.0
11110.0	6353.0
12075.0	11397.0
3537.0	8581.0
8514.0	4945.0
3572.0	9666.0
3563.0	12493.0
11182.0	11860.0
4937.0	4959.0
2496.0	3207.0
3196.0	2502.0
8691.0	11959.0
3526.0	6222.0
8754.0	12493.0
7909.0	8233.0
7792.0	8107.0
4667.0	4689.0
964.0	970.0
4676.0	4699.0
4677.0	4698.0
10082.0	10631.0
10137.0	10689.0
6421.0	8330.0
5368.0	9666.0
6697.0	12678.0
7903.0	8227.0
7230.0	8554.0
3547.0	6863.0
6697.0	10264.0
6139.0	6285.0
3000.0	3011.0
6955.0	7187.0
7970.0	8297.0
7382.0	6508.0
8153.0	7583.0
8851.0	8420.0
6848.0	7076.0
4553.0	4574.0
2128.0	2131.0
10132.0	10524.0
2451.0	2457.0
8623.0	9018.0
5535.0	11959.0
11978.0	12733.0
3551.0	3539.0
5761.0	5852.0
1962.0	11982.0
11305.0	9591.0
11605.0	12319.0
3547.0	5859.0
9014.0	9440.0
6901.0	80.0
12184.0	12958.0
291.0	293.0
4168.0	4186.0
594.0	596.0
11759.0	11507.0
7750.0	8514.0
164.0	165.0
10595.0	11209.0
11204.0	11887.0
3517.0	6305.0
4889.0	4911.0
154.0	155.0
2042.0	2044.0
10491.0	11088.0
8185.0	7609.0
3551.0	5859.0
8098.0	8436.0
7540.0	5414.0
7476.0	12718.0
11447.0	10102.0
7356.0	11984.0
11886.0	12632.0
11119.0	11795.0
11163.0	11038.0
5326.0	5490.0
2314.0	2318.0
5485.0	6113.0
6933.0	7165.0
6714.0	6932.0
8754.0	10826.0
9213.0	6914.0
9213.0	10414.0
3512.0	12106.0
479.0	482.0
3553.0	10414.0
9515.0	5254.0
5223.0	10007.0
5787.0	5880.0
12188.0	3579.0
4388.0	4407.0
11388.0	12087.0
2738.0	2748.0
9668.0	6222.0
3182.0	3193.0
3167.0	3178.0
3196.0	4952.0
4930.0	3207.0
4835.0	4854.0
6582.0	6787.0
12219.0	5398.0
1401.0	1402.0
3542.0	8591.0
3555.0	7286.0
5368.0	12293.0
8155.0	5923.0
7356.0	12493.0
4490.0	4511.0
4839.0	4845.0
9352.0	9817.0
9985.0	8851.0
4781.0	4804.0
3546.0	5859.0
6016.0	6222.0
2992.0	3003.0
8185.0	10059.0
10591.0	11205.0
411.0	413.0
1959.0	792.0
5792.0	5398.0
12236.0	13013.0
4862.0	4879.0
12030.0	7379.0
4835.0	4845.0
7576.0	11809.0
11132.0	7875.0
9795.0	3538.0
1389.0	1388.0
1387.0	1390.0
11305.0	12841.0
6497.0	11959.0
11294.0	9776.0
4854.0	4858.0
4507.0	4528.0
6697.0	3564.0
7004.0	7243.0
8714.0	9112.0
3563.0	9591.0
2684.0	2670.0
526.0	528.0
3549.0	3547.0
6697.0	6863.0
3152.0	3163.0
2901.0	2912.0
1423.0	1391.0
1390.0	1424.0
12219.0	9776.0
614.0	616.0
7110.0	2734.0
10674.0	8851.0
1391.0	1392.0
11755.0	12488.0
4839.0	4859.0
4836.0	4862.0
5577.0	5651.0
11656.0	10059.0
7151.0	7412.0
2640.0	3743.0
9213.0	7838.0
8249.0	8597.0
3471.0	3482.0
5301.0	8497.0
7777.0	10102.0
6895.0	7124.0
12365.0	6863.0
453.0	456.0
4562.0	4583.0
5485.0	10414.0
11580.0	12294.0
7688.0	8098.0
3196.0	5061.0
5038.0	3207.0
9152.0	9924.0
7732.0	8043.0
7307.0	7586.0
6241.0	10414.0
3032.0	3043.0
7204.0	12342.0
5384.0	6390.0
3537.0	10414.0
12118.0	12884.0
4408.0	4427.0
1735.0	1737.0
10406.0	10984.0
7738.0	8049.0
3402.0	3412.0
8644.0	9255.0
9091.0	9526.0
131.0	132.0
9538.0	9316.0
712.0	2167.0
10301.0	10264.0
8076.0	8412.0
7123.0	6222.0
7922.0	8245.0
9051.0	9172.0
3553.0	10826.0
12219.0	10332.0
370.0	372.0
11203.0	5362.0
559.0	4750.0
4728.0	561.0
10255.0	10819.0
816.0	820.0
10663.0	7009.0
4728.0	4809.0
4786.0	4750.0
8598.0	8994.0
2899.0	2910.0
5792.0	9316.0
11899.0	12646.0
12326.0	13113.0
9079.0	7653.0
11308.0	5362.0
10868.0	9153.0
8433.0	6914.0
9674.0	10183.0
12075.0	8421.0
9295.0	2167.0
7960.0	9334.0
9340.0	10737.0
9366.0	9837.0
7081.0	6534.0
7785.0	9481.0
11268.0	6863.0
3568.0	10683.0
4541.0	4562.0
7382.0	12821.0
9681.0	10191.0
9303.0	9763.0
345.0	347.0
5355.0	9767.0
11839.0	12585.0
6528.0	3036.0
7204.0	5669.0
11293.0	2167.0
4728.0	4295.0
4276.0	4750.0
11027.0	11687.0
7668.0	7973.0
11381.0	10447.0
6488.0	6685.0
9989.0	8723.0
8351.0	10528.0
9230.0	8285.0
4811.0	4834.0
9051.0	7332.0
4234.0	4252.0
9215.0	9668.0
6146.0	429.0
4496.0	4517.0
6472.0	6666.0
6894.0	7122.0
671.0	743.0
2183.0	2186.0
11406.0	12105.0
9887.0	9666.0
9985.0	10176.0
2872.0	2883.0
10920.0	11571.0
10092.0	10641.0
8047.0	7332.0
3510.0	6889.0
6678.0	6143.0
8514.0	6691.0
5109.0	5133.0
9152.0	11507.0
6678.0	6222.0
5029.0	5052.0
6421.0	9666.0
7081.0	10826.0
10243.0	9012.0
10854.0	6508.0
9437.0	9915.0
11369.0	12065.0
8513.0	8907.0
9604.0	3544.0
4306.0	4325.0
7474.0	7765.0
9985.0	3541.0
6828.0	8420.0
9213.0	6222.0
2928.0	2939.0
12075.0	5414.0
8616.0	12601.0
10769.0	9666.0
9552.0	7438.0
555.0	557.0
6486.0	9334.0
6280.0	3418.0
8285.0	4311.0
8085.0	6326.0
5884.0	11397.0
2497.0	4295.0
4276.0	2503.0
8823.0	9225.0
7078.0	1396.0
1395.0	7328.0
3553.0	8421.0
11305.0	3545.0
10868.0	10105.0
10534.0	9172.0
9830.0	10353.0
10407.0	10986.0
5485.0	6898.0
7296.0	6222.0
9476.0	9960.0
667.0	670.0
7644.0	10565.0
11917.0	12664.0
5590.0	11348.0
4856.0	2167.0
5422.0	5472.0
6678.0	10488.0
5552.0	97.0
2607.0	2614.0
11203.0	11885.0
7664.0	7969.0
10132.0	10565.0
8084.0	11959.0
11080.0	11753.0
9600.0	8245.0
1959.0	5121.0
5097.0	1961.0
5488.0	7176.0
1228.0	1228.0
8936.0	9354.0
12078.0	10321.0
9549.0	10045.0
9562.0	7838.0
7540.0	10414.0
9699.0	10212.0
1733.0	1735.0
5884.0	3548.0
3560.0	9392.0
8318.0	8285.0
9600.0	10565.0
4518.0	4539.0
7154.0	6113.0
7441.0	9249.0
6529.0	6734.0
7184.0	7448.0
11268.0	10030.0
3566.0	3578.0
12344.0	13134.0
8574.0	11847.0
9257.0	3134.0
10230.0	12601.0
5567.0	5638.0
5968.0	6092.0
7164.0	8420.0
9600.0	9666.0
11381.0	10414.0
11901.0	12647.0
8517.0	2167.0
6458.0	2743.0
2733.0	6651.0
4599.0	4621.0
11268.0	8527.0
11268.0	8421.0
8127.0	10761.0
4666.0	4688.0
6355.0	7332.0
7262.0	3548.0
12075.0	12678.0
6576.0	6781.0
4259.0	4277.0
2962.0	2973.0
7356.0	5398.0
3997.0	4849.0
4826.0	4014.0
8802.0	9204.0
5355.0	11095.0
8751.0	9150.0
7644.0	8064.0
3522.0	8494.0
5494.0	5553.0
7549.0	7848.0
11447.0	9481.0
3537.0	10059.0
12075.0	10059.0
8185.0	9256.0
10317.0	10884.0
6421.0	8527.0
2194.0	2197.0
4939.0	4961.0
3537.0	7838.0
4592.0	4614.0
10025.0	5545.0
9230.0	10515.0
2498.0	2504.0
10132.0	8527.0
5902.0	6018.0
10132.0	5541.0
1966.0	1960.0
1958.0	1968.0
11579.0	5414.0
5385.0	5414.0
11130.0	11807.0
7204.0	12994.0
8734.0	5650.0
7785.0	10489.0
2871.0	2743.0
2733.0	2882.0
12162.0	12932.0
10817.0	11454.0
4870.0	4893.0
7262.0	10105.0
