6287.0	6762.0
8018.0	9035.0
3902.0	3977.0
260.0	266.0
5866.0	6201.0
6765.0	7383.0
41.0	45.0
11349.0	13414.0
1915.0	1946.0
5286.0	5442.0
70.0	74.0
1440.0	1463.0
8525.0	9695.0
222.0	228.0
9917.0	11534.0
8821.0	10076.0
3846.0	3977.0
7525.0	8382.0
6287.0	12827.0
198.0	203.0
11687.0	13858.0
5577.0	5824.0
10701.0	12546.0
2312.0	2349.0
2202.0	2236.0
42.0	46.0
10340.0	12097.0
7687.0	8600.0
10158.0	11855.0
7440.0	8273.0
1925.0	1956.0
9721.0	11264.0
465.0	474.0
251.0	257.0
1708.0	1737.0
68.0	72.0
1923.0	1954.0
3846.0	3921.0
463.0	472.0
2281.0	2318.0
8821.0	11855.0
9334.0	10752.0
6586.0	7148.0
9104.0	10452.0
186.0	191.0
1897.0	1928.0
9917.0	7838.0
1923.0	1956.0
5091.0	5195.0
8004.0	9014.0
9063.0	9112.0
967.0	985.0
118.0	122.0
10158.0	10076.0
2989.0	3035.0
1262.0	1283.0
7905.0	8893.0
1455.0	1478.0
11371.0	2747.0
40.0	44.0
3847.0	3922.0
2178.0	2212.0
10210.0	11918.0
281.0	287.0
969.0	987.0
155.0	160.0
1925.0	1954.0
3331.0	3387.0
170.0	175.0
3344.0	3400.0
2590.0	2633.0
884.0	899.0
3902.0	5761.0
10805.0	12692.0
5481.0	601.0
9337.0	10756.0
3474.0	3535.0
1434.0	1456.0
6287.0	110.0
6667.0	7254.0
2186.0	11855.0
1429.0	1451.0
5552.0	5792.0
8821.0	1250.0
2622.0	2666.0
8523.0	13629.0
1272.0	1294.0
435.0	444.0
1273.0	1295.0
3847.0	3977.0
4861.0	4957.0
3173.0	3220.0
849.0	864.0
1501.0	1524.0
3794.0	3869.0
3850.0	3977.0
75.0	79.0
8523.0	9691.0
6287.0	4958.0
7163.0	7920.0
1103.0	1123.0
222.0	9564.0
10912.0	12841.0
8821.0	3223.0
11145.0	13152.0
282.0	288.0
9724.0	11267.0
1808.0	1837.0
1926.0	1957.0
6287.0	4959.0
3648.0	3717.0
8497.0	2821.0
9063.0	1529.0
5641.0	6485.0
7354.0	8163.0
10984.0	12929.0
3402.0	3463.0
3689.0	3760.0
16.0	18.0
8004.0	3637.0
6535.0	7071.0
186.0	203.0
3340.0	3396.0
3902.0	3921.0
950.0	968.0
3850.0	3925.0
198.0	191.0
5556.0	5796.0
5731.0	6019.0
2703.0	2747.0
6122.0	6544.0
2981.0	3027.0
604.0	7478.0
11802.0	13992.0
2186.0	2220.0
3330.0	3386.0
10568.0	3223.0
6001.0	6375.0
8523.0	6692.0
1272.0	4656.0
2050.0	2082.0
189.0	1898.0
3847.0	3921.0
1914.0	1945.0
4862.0	4958.0
10158.0	1250.0
3374.0	3433.0
4840.0	4936.0
1270.0	1292.0
9828.0	11411.0
2928.0	2974.0
7547.0	8413.0
9594.0	11095.0
6695.0	7292.0
1223.0	1244.0
10158.0	3223.0
8004.0	3386.0
7.0	8.0
3395.0	3456.0
8827.0	10086.0
2992.0	3038.0
1446.0	1469.0
5527.0	5761.0
3974.0	4051.0
6932.0	7622.0
4705.0	4799.0
3949.0	4026.0
6287.0	11325.0
2239.0	2274.0
212.0	218.0
427.0	436.0
7609.0	11254.0
3016.0	3062.0
3626.0	3694.0
6287.0	12498.0
3822.0	3897.0
1270.0	10413.0
1779.0	1808.0
775.0	789.0
8821.0	3653.0
74.0	78.0
251.0	12546.0
10701.0	257.0
2940.0	2986.0
4132.0	4212.0
3846.0	5761.0
4720.0	4814.0
273.0	279.0
455.0	464.0
4716.0	4810.0
3551.0	3614.0
221.0	227.0
3541.0	3603.0
130.0	135.0
3397.0	3458.0
10569.0	12380.0
8317.0	13706.0
5902.0	6248.0
8745.0	9977.0
6558.0	7104.0
9027.0	10348.0
5906.0	6254.0
8644.0	9858.0
4875.0	4971.0
282.0	287.0
281.0	288.0
5346.0	5523.0
174.0	179.0
1871.0	1901.0
5939.0	6294.0
11751.0	13932.0
545.0	554.0
2124.0	2156.0
5527.0	3977.0
5753.0	6050.0
9745.0	11299.0
3402.0	6135.0
10277.0	12007.0
3851.0	3926.0
8317.0	9420.0
7853.0	8823.0
454.0	463.0
10098.0	11781.0
10593.0	12409.0
1923.0	4157.0
11789.0	13977.0
4059.0	4137.0
2989.0	2995.0
6287.0	113.0
4716.0	4837.0
457.0	466.0
253.0	259.0
5195.0	5319.0
1856.0	1886.0
4835.0	4931.0
817.0	832.0
3685.0	3756.0
3331.0	3389.0
10447.0	5692.0
2186.0	10076.0
10447.0	12234.0
3332.0	3388.0
41.0	46.0
42.0	45.0
10255.0	11977.0
4142.0	4222.0
6765.0	11840.0
4165.0	4246.0
3696.0	2236.0
5481.0	604.0
951.0	969.0
881.0	896.0
2028.0	2060.0
1870.0	1900.0
5481.0	603.0
4347.0	4428.0
1906.0	1937.0
41.0	44.0
1266.0	1287.0
3696.0	3768.0
1206.0	1227.0
5079.0	5181.0
955.0	973.0
3386.0	8353.0
3020.0	3066.0
2010.0	2042.0
849.0	1737.0
3566.0	3629.0
1925.0	4157.0
1797.0	1826.0
1223.0	987.0
3690.0	3761.0
11052.0	13031.0
10411.0	12187.0
6667.0	12935.0
1269.0	1291.0
6906.0	7578.0
1269.0	1292.0
5847.0	6175.0
2388.0	2428.0
6536.0	7073.0
9681.0	3434.0
457.0	450.0
223.0	229.0
11767.0	13950.0
3399.0	3460.0
2982.0	3028.0
3902.0	3925.0
2037.0	2069.0
2343.0	2382.0
2564.0	2607.0
3505.0	3566.0
8516.0	9684.0
4119.0	4198.0
1928.0	1959.0
5086.0	5188.0
1228.0	1249.0
11511.0	13629.0
2180.0	2214.0
5469.0	5692.0
4619.0	4711.0
11593.0	13736.0
456.0	465.0
6287.0	7263.0
5817.0	6135.0
432.0	441.0
2989.0	3022.0
4676.0	8958.0
4272.0	4353.0
8523.0	9294.0
6063.0	6452.0
9070.0	3434.0
3379.0	3439.0
11080.0	4656.0
1222.0	1243.0
7675.0	8587.0
875.0	890.0
3175.0	3222.0
6287.0	6686.0
4291.0	4372.0
7256.0	8040.0
972.0	990.0
5940.0	7926.0
1620.0	1644.0
2178.0	896.0
4746.0	4843.0
4569.0	4656.0
6171.0	6607.0
8523.0	9583.0
7845.0	8815.0
3181.0	2974.0
9917.0	6745.0
6287.0	1502.0
10493.0	12291.0
5085.0	5187.0
8821.0	3760.0
8626.0	9835.0
4676.0	4768.0
2131.0	2164.0
4660.0	4752.0
11136.0	3434.0
222.0	12606.0
1447.0	1470.0
2777.0	2821.0
4874.0	4970.0
6345.0	6839.0
10142.0	11835.0
1479.0	1502.0
3172.0	3219.0
7308.0	8103.0
3395.0	6843.0
11098.0	13090.0
4746.0	4841.0
1937.0	1968.0
142.0	147.0
37.0	40.0
11203.0	13228.0
8823.0	10079.0
4341.0	4422.0
1907.0	1938.0
1911.0	1942.0
3388.0	3449.0
521.0	530.0
6112.0	6527.0
7609.0	6759.0
5286.0	3003.0
4142.0	12576.0
2173.0	2207.0
11136.0	13142.0
10158.0	3653.0
4311.0	13914.0
1269.0	10413.0
3941.0	4018.0
3623.0	3691.0
4084.0	4162.0
2395.0	2436.0
5290.0	5449.0
515.0	524.0
4853.0	4949.0
6485.0	13284.0
1902.0	1933.0
5520.0	5753.0
11234.0	13267.0
3386.0	3447.0
5002.0	5102.0
5220.0	9835.0
10158.0	3760.0
3587.0	3652.0
950.0	12544.0
935.0	951.0
10784.0	12665.0
9681.0	11206.0
1389.0	1411.0
2533.0	2690.0
6112.0	3434.0
9917.0	7553.0
2500.0	2541.0
2646.0	2690.0
11247.0	13284.0
10447.0	7921.0
2564.0	12325.0
5784.0	6095.0
3010.0	3056.0
4861.0	4959.0
3728.0	3800.0
9879.0	11479.0
41.0	43.0
1901.0	1932.0
2728.0	2772.0
8217.0	10492.0
6989.0	7701.0
5979.0	6349.0
4865.0	4961.0
5220.0	2735.0
3794.0	13687.0
3778.0	3853.0
3382.0	3445.0
3385.0	3444.0
3384.0	3445.0
3383.0	3445.0
3385.0	3443.0
3385.0	3445.0
3384.0	3444.0
3384.0	3446.0
3382.0	3446.0
3383.0	3443.0
3383.0	3444.0
3385.0	3446.0
3382.0	3443.0
3382.0	3444.0
3383.0	3446.0
3384.0	3443.0
3902.0	3922.0
8317.0	11411.0
8128.0	9177.0
10340.0	74.0
70.0	12097.0
2396.0	2437.0
3846.0	3922.0
11087.0	13077.0
10363.0	12129.0
9597.0	11099.0
41.0	41.0
11715.0	13889.0
1636.0	1660.0
505.0	514.0
10817.0	12709.0
8516.0	10624.0
8217.0	10069.0
8317.0	971.0
6890.0	3443.0
6890.0	3444.0
6890.0	3445.0
6890.0	3446.0
9514.0	10913.0
8217.0	9291.0
11511.0	9691.0
4575.0	4662.0
4311.0	4392.0
990.0	1008.0
11118.0	13119.0
7955.0	8958.0
39.0	42.0
10888.0	12806.0
3375.0	3433.0
1250.0	1271.0
11080.0	1294.0
3846.0	3925.0
10769.0	12648.0
7116.0	7859.0
8747.0	9980.0
845.0	860.0
3697.0	3769.0
7914.0	8903.0
1446.0	3885.0
11465.0	13572.0
1674.0	1700.0
8705.0	9932.0
40.0	41.0
1233.0	2974.0
10181.0	1493.0
700.0	2974.0
4015.0	4092.0
9476.0	10940.0
11667.0	10076.0
170.0	6703.0
6558.0	3603.0
9917.0	12473.0
901.0	917.0
8626.0	2735.0
11136.0	10406.0
1666.0	1692.0
9076.0	10416.0
7.0	645.0
6222.0	3434.0
8011.0	9023.0
10893.0	12814.0
3375.0	3434.0
6683.0	4444.0
6683.0	6610.0
10897.0	3434.0
41.0	42.0
6485.0	7009.0
11256.0	13297.0
1386.0	1408.0
8409.0	9550.0
7323.0	8123.0
949.0	967.0
9070.0	10406.0
5274.0	5421.0
8217.0	4093.0
3340.0	3062.0
10672.0	3434.0
8217.0	11083.0
5264.0	5406.0
1447.0	1471.0
4256.0	4337.0
3495.0	3556.0
4999.0	8815.0
6862.0	7520.0
1708.0	864.0
3941.0	7743.0
4523.0	4608.0
10029.0	12648.0
8217.0	11869.0
5469.0	12234.0
8842.0	10114.0
2540.0	2583.0
6254.0	6716.0
3679.0	3749.0
7124.0	7867.0
3680.0	3750.0
3501.0	3562.0
7164.0	7921.0
6485.0	6452.0
4334.0	4415.0
5420.0	5619.0
1501.0	1937.0
5509.0	5740.0
3173.0	968.0
11218.0	13248.0
11452.0	13556.0
2169.0	2203.0
6377.0	6881.0
3851.0	3921.0
7093.0	7833.0
8558.0	9737.0
5469.0	7921.0
1923.0	4224.0
5185.0	3632.0
2312.0	2410.0
4083.0	4161.0
1276.0	1298.0
6989.0	1305.0
5726.0	6011.0
4525.0	4610.0
4326.0	3434.0
3026.0	3072.0
5628.0	5889.0
8217.0	11116.0
5220.0	5348.0
11468.0	13576.0
1487.0	1510.0
1812.0	1841.0
9045.0	10371.0
4935.0	5032.0
6598.0	7162.0
11101.0	13094.0
4258.0	12927.0
6683.0	10362.0
10568.0	1250.0
9037.0	6610.0
8523.0	3433.0
2274.0	2311.0
817.0	6833.0
11222.0	6980.0
4065.0	4143.0
5274.0	9332.0
5591.0	5840.0
4935.0	5034.0
10672.0	12507.0
7761.0	8702.0
6324.0	6815.0
9089.0	10431.0
3527.0	3588.0
4862.0	4957.0
1080.0	1100.0
1925.0	4224.0
11789.0	8775.0
7781.0	8734.0
4110.0	4189.0
2258.0	2295.0
8046.0	9073.0
8217.0	8930.0
5509.0	13626.0
1779.0	12926.0
7806.0	8763.0
4569.0	1294.0
1871.0	1305.0
7821.0	8785.0
3773.0	3847.0
10554.0	1083.0
7610.0	8495.0
1434.0	1900.0
1469.0	1492.0
3008.0	3056.0
6989.0	8192.0
3020.0	13932.0
3330.0	9014.0
6377.0	8607.0
5373.0	5559.0
2671.0	2715.0
341.0	348.0
3902.0	6135.0
3657.0	3726.0
6683.0	7276.0
3851.0	3977.0
8514.0	9681.0
7028.0	7037.0
6074.0	6467.0
1247.0	1268.0
8250.0	9332.0
6474.0	6998.0
8217.0	7569.0
11112.0	13112.0
10568.0	2220.0
4523.0	4609.0
3021.0	13932.0
9063.0	5641.0
5085.0	8284.0
6287.0	12078.0
8955.0	10255.0
9496.0	10967.0
8217.0	13688.0
9383.0	10814.0
8314.0	9417.0
8293.0	9391.0
9879.0	11099.0
5481.0	602.0
7884.0	8862.0
9519.0	4656.0
10769.0	3434.0
9037.0	10362.0
2989.0	3038.0
8523.0	3434.0
863.0	878.0
4258.0	4339.0
9140.0	10492.0
5391.0	11327.0
518.0	527.0
1241.0	1262.0
10701.0	74.0
70.0	12546.0
6470.0	6993.0
9514.0	1720.0
8314.0	3444.0
8314.0	3446.0
8314.0	3445.0
8314.0	3443.0
11751.0	3066.0
6047.0	6431.0
2173.0	3222.0
8516.0	6432.0
10158.0	2220.0
9610.0	11116.0
6160.0	6593.0
4524.0	4609.0
9496.0	3434.0
2183.0	2217.0
2687.0	2731.0
67.0	71.0
11371.0	2750.0
10312.0	12057.0
6652.0	3434.0
1401.0	1423.0
457.0	5753.0
11218.0	13179.0
11412.0	13505.0
8453.0	9605.0
7955.0	4768.0
4592.0	4680.0
11345.0	13409.0
5591.0	7162.0
2281.0	1335.0
3010.0	3054.0
935.0	952.0
7942.0	8940.0
8217.0	8986.0
11511.0	6692.0
4986.0	5085.0
8217.0	11709.0
6040.0	6423.0
11667.0	11855.0
4861.0	4958.0
748.0	761.0
5940.0	6013.0
3728.0	1249.0
9334.0	383.0
1470.0	1493.0
9917.0	7365.0
1906.0	1524.0
8002.0	9011.0
3569.0	3632.0
1065.0	1083.0
2124.0	12079.0
3456.0	3517.0
5509.0	5419.0
8821.0	4136.0
10012.0	11668.0
6890.0	7557.0
8217.0	4075.0
1251.0	1272.0
9603.0	3847.0
9040.0	10365.0
8523.0	3556.0
7.0	7133.0
1233.0	2972.0
5695.0	13179.0
9566.0	11058.0
1870.0	1456.0
1652.0	2349.0
5469.0	11374.0
6989.0	1901.0
9597.0	3542.0
8217.0	4015.0
1434.0	3062.0
7704.0	8625.0
2605.0	2648.0
8709.0	9937.0
6590.0	4656.0
2254.0	2291.0
8217.0	11850.0
6169.0	6604.0
8217.0	8396.0
1347.0	1369.0
3670.0	3739.0
9817.0	11397.0
7401.0	8219.0
2533.0	2576.0
3467.0	3528.0
9597.0	11479.0
1647.0	1673.0
2186.0	3223.0
9985.0	11628.0
7823.0	9335.0
8217.0	11139.0
3850.0	5761.0
8217.0	4014.0
9165.0	3434.0
68.0	12546.0
10701.0	72.0
3529.0	5740.0
1806.0	1835.0
1823.0	1852.0
4158.0	4238.0
1872.0	1305.0
3422.0	3483.0
3518.0	3579.0
11101.0	13228.0
6272.0	1469.0
5332.0	5507.0
9111.0	10459.0
1708.0	134.0
5685.0	5962.0
9186.0	3434.0
2917.0	2963.0
9813.0	11393.0
5674.0	5947.0
40.0	11977.0
8459.0	6527.0
9070.0	13077.0
2034.0	2066.0
9771.0	11335.0
8250.0	5421.0
2983.0	3029.0
9070.0	13142.0
7491.0	8341.0
8687.0	9911.0
5255.0	5394.0
2202.0	3768.0
9417.0	11374.0
7845.0	5102.0
3575.0	2963.0
11218.0	5976.0
2108.0	2140.0
7512.0	5889.0
9140.0	11083.0
3938.0	10492.0
9417.0	10858.0
9220.0	10594.0
9681.0	6527.0
1442.0	1947.0
4476.0	4560.0
8682.0	5914.0
3527.0	3606.0
677.0	688.0
1103.0	2887.0
3537.0	3598.0
6228.0	4656.0
7.0	63.0
8217.0	4017.0
1652.0	1678.0
5648.0	5914.0
4644.0	4736.0
9917.0	11128.0
2461.0	2502.0
10332.0	12085.0
10037.0	11704.0
2729.0	2773.0
9917.0	6068.0
7931.0	8925.0
8217.0	3689.0
2106.0	2138.0
7823.0	12152.0
3026.0	943.0
340.0	4246.0
11049.0	12340.0
9140.0	11869.0
2935.0	2981.0
3016.0	3396.0
7314.0	8111.0
7821.0	8625.0
1890.0	1920.0
3010.0	6900.0
3953.0	4030.0
10568.0	3760.0
5391.0	5582.0
3941.0	2986.0
5866.0	1382.0
7895.0	8881.0
6287.0	1515.0
10135.0	11827.0
2672.0	2716.0
1262.0	1287.0
5695.0	5976.0
6063.0	13284.0
8433.0	9580.0
11042.0	13018.0
3624.0	3692.0
1897.0	1933.0
2178.0	4212.0
6605.0	7173.0
5673.0	5946.0
7525.0	10265.0
6209.0	6656.0
9140.0	10069.0
5736.0	9977.0
3598.0	3663.0
4291.0	717.0
4654.0	4746.0
922.0	938.0
6062.0	3557.0
642.0	653.0
6272.0	3885.0
955.0	967.0
3296.0	3351.0
3294.0	3349.0
8030.0	9054.0
6489.0	7014.0
6866.0	7524.0
7555.0	8422.0
1223.0	3221.0
4524.0	4608.0
982.0	1000.0
42.0	44.0
992.0	11402.0
9917.0	5810.0
9140.0	9291.0
7660.0	8569.0
9774.0	3694.0
11247.0	6452.0
3501.0	8397.0
11456.0	13560.0
9603.0	8095.0
1276.0	3663.0
3498.0	3559.0
3330.0	1776.0
11674.0	13842.0
4848.0	4944.0
6550.0	7093.0
831.0	846.0
10783.0	12663.0
11087.0	3434.0
3938.0	9291.0
194.0	199.0
8260.0	9344.0
992.0	9882.0
1347.0	10687.0
3344.0	1957.0
2205.0	2214.0
4363.0	4444.0
703.0	714.0
6642.0	7222.0
7354.0	13411.0
9681.0	10406.0
6228.0	1294.0
10608.0	12428.0
5183.0	5305.0
10888.0	9835.0
6906.0	12546.0
1034.0	1052.0
9937.0	11560.0
7704.0	8785.0
10888.0	2735.0
4156.0	4236.0
6959.0	7661.0
7.0	387.0
7.0	3730.0
3685.0	1945.0
2312.0	2412.0
8364.0	2495.0
1213.0	1234.0
3021.0	3066.0
8376.0	9507.0
5695.0	13248.0
992.0	11083.0
9917.0	5265.0
6287.0	11299.0
7542.0	3689.0
5193.0	5317.0
8459.0	3434.0
3626.0	11341.0
9768.0	11327.0
4115.0	4194.0
11371.0	3699.0
856.0	871.0
3529.0	3590.0
7.0	390.0
68.0	11977.0
1490.0	1513.0
9305.0	10714.0
6282.0	6754.0
9783.0	11083.0
5302.0	3557.0
9519.0	1294.0
8056.0	3689.0
11371.0	3895.0
9610.0	11709.0
1020.0	3434.0
3850.0	3921.0
6769.0	7387.0
2022.0	2054.0
10460.0	12249.0
10522.0	12327.0
9681.0	3433.0
11136.0	13077.0
297.0	303.0
4119.0	4197.0
1907.0	1000.0
3330.0	3637.0
3389.0	3450.0
6459.0	6980.0
5373.0	10381.0
8821.0	2220.0
5652.0	8930.0
2312.0	2407.0
8655.0	9870.0
2533.0	2711.0
1817.0	832.0
1391.0	1413.0
1923.0	1955.0
3773.0	8095.0
970.0	987.0
3938.0	11869.0
4584.0	5155.0
6062.0	6449.0
3181.0	2972.0
6638.0	4585.0
1353.0	1375.0
9917.0	11234.0
10029.0	3434.0
1876.0	1906.0
1872.0	1902.0
3474.0	12686.0
10383.0	12152.0
9072.0	10409.0
7154.0	7905.0
2686.0	2730.0
6430.0	3434.0
9738.0	11292.0
3403.0	6135.0
862.0	877.0
1881.0	1911.0
6598.0	5840.0
42.0	42.0
2028.0	2160.0
9567.0	7162.0
419.0	428.0
6112.0	11206.0
2470.0	917.0
969.0	3221.0
7783.0	8736.0
240.0	246.0
1226.0	1247.0
10897.0	10406.0
2934.0	2981.0
11049.0	13028.0
5866.0	832.0
11269.0	13312.0
9584.0	11083.0
992.0	8930.0
6238.0	6692.0
10447.0	717.0
251.0	7578.0
10332.0	12275.0
1870.0	917.0
1929.0	1960.0
10897.0	3433.0
5481.0	597.0
7164.0	11374.0
4341.0	4738.0
3534.0	3595.0
3938.0	10069.0
3529.0	7069.0
3938.0	8986.0
11667.0	3223.0
7907.0	8896.0
8522.0	9690.0
1708.0	1736.0
4364.0	4445.0
191.0	196.0
1385.0	1407.0
11168.0	13179.0
10322.0	12072.0
9070.0	3433.0
992.0	3689.0
2177.0	2211.0
9280.0	10680.0
8962.0	10262.0
2962.0	3008.0
6174.0	6610.0
7614.0	8499.0
9828.0	13706.0
3350.0	3434.0
3529.0	13626.0
6590.0	1294.0
4853.0	4337.0
950.0	3220.0
2551.0	2594.0
6680.0	7273.0
1749.0	1778.0
11247.0	7009.0
8370.0	4656.0
5607.0	5861.0
11439.0	13541.0
2370.0	2410.0
1272.0	7926.0
6906.0	4662.0
2186.0	1250.0
9815.0	11395.0
11584.0	13725.0
6209.0	7309.0
11394.0	13482.0
1501.0	6273.0
7959.0	8962.0
945.0	963.0
11158.0	13167.0
5618.0	13889.0
9072.0	9835.0
1297.0	1319.0
3623.0	6050.0
4050.0	4128.0
5226.0	5356.0
6287.0	1223.0
9334.0	3299.0
7884.0	8394.0
6890.0	9417.0
1999.0	2031.0
7224.0	7998.0
1501.0	11781.0
2963.0	3009.0
9049.0	10375.0
3702.0	3774.0
4500.0	4585.0
3676.0	3746.0
1446.0	6740.0
6341.0	6834.0
10568.0	10076.0
9140.0	11116.0
8814.0	10069.0
1227.0	1248.0
9917.0	9922.0
6667.0	5726.0
4430.0	4512.0
9140.0	4093.0
3529.0	9239.0
8356.0	13560.0
702.0	713.0
2312.0	7876.0
1926.0	1947.0
2971.0	3017.0
7155.0	7906.0
3181.0	3228.0
1259.0	1280.0
1266.0	8925.0
1626.0	1650.0
1333.0	1355.0
8002.0	3400.0
1490.0	1283.0
251.0	7855.0
9738.0	10722.0
11667.0	1250.0
10831.0	12727.0
2437.0	4887.0
3938.0	4014.0
4256.0	4949.0
4119.0	4143.0
4656.0	4748.0
11297.0	5946.0
2048.0	2080.0
9140.0	8986.0
5636.0	5900.0
4677.0	4770.0
5891.0	6233.0
8525.0	10328.0
6764.0	3434.0
109.0	113.0
3482.0	3543.0
1020.0	1038.0
3998.0	4075.0
10743.0	3434.0
339.0	346.0
5841.0	6166.0
8025.0	9045.0
817.0	1846.0
9599.0	11374.0
1266.0	1283.0
7957.0	8960.0
9631.0	11139.0
8992.0	10303.0
3816.0	3891.0
1077.0	1096.0
8745.0	11374.0
817.0	6847.0
9902.0	11510.0
9284.0	10687.0
8184.0	9254.0
6465.0	6987.0
1926.0	3400.0
6112.0	10406.0
3847.0	5761.0
11468.0	6981.0
6222.0	3433.0
4481.0	12755.0
70.0	257.0
251.0	74.0
11042.0	3891.0
3810.0	3885.0
6222.0	8764.0
9567.0	11060.0
3008.0	3054.0
9113.0	10462.0
9221.0	4656.0
5753.0	4957.0
775.0	8103.0
6550.0	6948.0
10568.0	11855.0
8842.0	5840.0
3474.0	3460.0
5011.0	5112.0
2543.0	2586.0
8891.0	3434.0
11087.0	10406.0
9851.0	13889.0
1446.0	2381.0
9140.0	8930.0
7525.0	6803.0
7382.0	8192.0
10908.0	12835.0
167.0	172.0
4326.0	10406.0
5276.0	5425.0
2622.0	3769.0
198.0	11855.0
5750.0	6046.0
11256.0	4444.0
10897.0	11206.0
11511.0	9294.0
7609.0	1928.0
1263.0	1284.0
1060.0	1078.0
8818.0	10073.0
68.0	12527.0
992.0	13688.0
7308.0	789.0
1897.0	7586.0
700.0	2972.0
10784.0	3222.0
3490.0	3551.0
817.0	841.0
906.0	922.0
9070.0	6527.0
9140.0	4014.0
6759.0	7377.0
928.0	944.0
9917.0	8252.0
3498.0	6834.0
11371.0	2178.0
911.0	927.0
4361.0	4442.0
4720.0	2164.0
7.0	760.0
2389.0	2429.0
10569.0	6306.0
10672.0	10406.0
1446.0	1468.0
11371.0	6954.0
257.0	5624.0
339.0	4246.0
4340.0	4415.0
5481.0	10225.0
198.0	10076.0
223.0	230.0
7606.0	8491.0
7550.0	8416.0
9681.0	10594.0
4887.0	4984.0
3344.0	1947.0
5286.0	9993.0
1876.0	110.0
3529.0	5419.0
4059.0	3396.0
6765.0	6238.0
5838.0	6163.0
3174.0	3221.0
11222.0	13253.0
1907.0	1942.0
7816.0	3221.0
3176.0	3223.0
7262.0	8046.0
7.0	11220.0
3929.0	4005.0
9140.0	7569.0
8314.0	7557.0
4676.0	4772.0
674.0	11587.0
9514.0	760.0
10233.0	7442.0
9140.0	4075.0
2667.0	2690.0
1077.0	1097.0
969.0	3035.0
992.0	7569.0
1005.0	1023.0
5274.0	1369.0
3513.0	3574.0
4132.0	2212.0
6765.0	13542.0
2703.0	2750.0
992.0	8396.0
7905.0	11840.0
10232.0	11060.0
11371.0	13572.0
11657.0	13819.0
8217.0	13405.0
3405.0	3466.0
9239.0	10619.0
4840.0	917.0
8217.0	8236.0
11222.0	6860.0
9140.0	11139.0
9106.0	10454.0
4999.0	10392.0
4254.0	4335.0
3816.0	13018.0
11636.0	13796.0
4723.0	4817.0
3998.0	3689.0
1386.0	7557.0
6906.0	257.0
3699.0	3771.0
1973.0	2004.0
8731.0	9961.0
9567.0	11946.0
9597.0	8407.0
992.0	4093.0
5736.0	11374.0
1434.0	4936.0
9140.0	3689.0
6679.0	7271.0
992.0	12678.0
10233.0	12638.0
817.0	5640.0
10253.0	11975.0
3495.0	9691.0
7891.0	8873.0
4273.0	4354.0
9140.0	13688.0
3867.0	3942.0
6860.0	7518.0
8497.0	2847.0
6934.0	7627.0
9138.0	10490.0
4875.0	4739.0
6112.0	9614.0
7388.0	8201.0
11084.0	13073.0
5220.0	6750.0
3008.0	6900.0
9567.0	5840.0
1223.0	3035.0
5290.0	12697.0
5244.0	5381.0
2962.0	3026.0
1812.0	9064.0
3659.0	3728.0
3998.0	11139.0
5971.0	3434.0
2989.0	3021.0
9243.0	717.0
6222.0	6674.0
10123.0	1294.0
2622.0	9298.0
9599.0	11102.0
11057.0	13037.0
1925.0	1955.0
9209.0	10579.0
11511.0	9583.0
5652.0	8396.0
4862.0	4959.0
9753.0	6954.0
6222.0	10406.0
3515.0	3576.0
2321.0	2358.0
1911.0	1938.0
9186.0	10406.0
2622.0	3688.0
5736.0	6025.0
2989.0	3011.0
3953.0	1249.0
6890.0	6258.0
7418.0	11083.0
5381.0	5567.0
9027.0	3539.0
8747.0	1480.0
1870.0	4936.0
2179.0	2213.0
1386.0	8837.0
9783.0	3689.0
4808.0	4904.0
1020.0	3433.0
11339.0	13399.0
5866.0	3330.0
10123.0	4656.0
8475.0	9630.0
9209.0	11374.0
8663.0	9882.0
2274.0	7661.0
11661.0	5946.0
364.0	372.0
2170.0	2204.0
10701.0	7578.0
10730.0	12586.0
1716.0	1745.0
3820.0	3895.0
6134.0	6558.0
9140.0	11709.0
5940.0	6295.0
3350.0	6527.0
41.0	7578.0
2236.0	2271.0
11136.0	6527.0
1458.0	1481.0
5866.0	1496.0
11551.0	13688.0
10447.0	559.0
3587.0	6387.0
6755.0	7372.0
5763.0	6062.0
4840.0	1456.0
6196.0	5670.0
10280.0	12011.0
11474.0	13583.0
6341.0	3559.0
9186.0	11206.0
3576.0	3641.0
7662.0	8571.0
2186.0	3760.0
11731.0	13909.0
11158.0	9284.0
7525.0	7980.0
8128.0	12544.0
6222.0	6527.0
2667.0	2711.0
7891.0	11044.0
11158.0	7119.0
6567.0	7119.0
7418.0	8930.0
11136.0	11206.0
257.0	8412.0
1390.0	1413.0
2686.0	2738.0
2686.0	2737.0
2686.0	2739.0
2686.0	2736.0
4326.0	4407.0
5481.0	599.0
3541.0	7104.0
3474.0	9263.0
3236.0	3285.0
3778.0	12806.0
6621.0	7194.0
6063.0	12340.0
6222.0	13077.0
11136.0	3433.0
3938.0	4093.0
5290.0	10429.0
8217.0	6206.0
8307.0	9409.0
3176.0	10076.0
2489.0	2530.0
11670.0	3689.0
10897.0	10594.0
9037.0	4444.0
5861.0	6196.0
9140.0	4015.0
10783.0	1249.0
1915.0	4436.0
7.0	12521.0
11412.0	7805.0
10654.0	8922.0
11169.0	13180.0
1870.0	3062.0
1233.0	1254.0
8827.0	12637.0
9140.0	11850.0
3495.0	13629.0
4840.0	1900.0
1282.0	1304.0
10569.0	13285.0
340.0	347.0
9783.0	9291.0
550.0	12234.0
10801.0	12686.0
2978.0	3024.0
6652.0	10406.0
735.0	751.0
735.0	750.0
737.0	748.0
737.0	749.0
737.0	750.0
736.0	748.0
738.0	750.0
736.0	749.0
735.0	749.0
737.0	751.0
736.0	751.0
738.0	749.0
736.0	750.0
735.0	748.0
738.0	748.0
738.0	751.0
1464.0	1487.0
7008.0	7723.0
8217.0	11402.0
42.0	43.0
8954.0	10252.0
4512.0	6465.0
6890.0	1414.0
3953.0	8958.0
9879.0	3542.0
7487.0	4428.0
4877.0	2747.0
9681.0	13142.0
1034.0	3400.0
8459.0	9614.0
6234.0	6688.0
6164.0	11709.0
7418.0	4093.0
1622.0	1646.0
969.0	986.0
10010.0	11665.0
9075.0	10415.0
2470.0	2541.0
8626.0	6750.0
9104.0	2748.0
5108.0	5212.0
6890.0	1408.0
7823.0	3420.0
2010.0	2006.0
10593.0	2974.0
190.0	195.0
7193.0	7959.0
4849.0	4945.0
1871.0	8192.0
9631.0	3689.0
11615.0	13764.0
8827.0	8775.0
970.0	988.0
7525.0	12871.0
9917.0	10637.0
200.0	205.0
8877.0	10157.0
6062.0	12228.0
4363.0	6610.0
752.0	765.0
2928.0	2972.0
5290.0	6545.0
8682.0	7850.0
8842.0	7162.0
2408.0	2449.0
5591.0	8151.0
6063.0	7009.0
5817.0	3463.0
2500.0	917.0
3332.0	3387.0
3182.0	3229.0
1812.0	5914.0
9140.0	8396.0
2564.0	11312.0
6707.0	7309.0
550.0	559.0
10568.0	7754.0
3492.0	3553.0
10447.0	11857.0
5290.0	12709.0
1472.0	1495.0
10722.0	12576.0
3899.0	3974.0
7999.0	3689.0
9631.0	4075.0
1272.0	4658.0
9063.0	7074.0
3938.0	11116.0
992.0	11116.0
6383.0	6888.0
7589.0	8468.0
10752.0	3446.0
10752.0	3445.0
10752.0	3443.0
10752.0	3444.0
10405.0	12181.0
9991.0	11638.0
9936.0	11476.0
10364.0	3689.0
8814.0	8930.0
2597.0	2640.0
4326.0	3433.0
8914.0	10203.0
10888.0	6750.0
6765.0	9006.0
1347.0	5421.0
6222.0	11206.0
8814.0	4093.0
2312.0	2383.0
10487.0	12283.0
5520.0	450.0
70.0	11977.0
6112.0	3433.0
10337.0	12092.0
11431.0	13529.0
7625.0	8519.0
10502.0	12302.0
7.0	3366.0
9917.0	6566.0
9595.0	3056.0
3846.0	6135.0
3340.0	4137.0
9070.0	11206.0
6899.0	7569.0
10570.0	7317.0
1433.0	1455.0
10098.0	1524.0
257.0	12427.0
9036.0	10360.0
8497.0	2820.0
7542.0	11083.0
967.0	4410.0
3385.0	9417.0
3383.0	9417.0
3384.0	9417.0
3382.0	9417.0
2646.0	2711.0
4520.0	4605.0
2192.0	2226.0
3938.0	11083.0
7801.0	3434.0
7614.0	1249.0
3690.0	1083.0
2656.0	2700.0
5577.0	3698.0
11667.0	3653.0
8370.0	1294.0
1270.0	1291.0
10801.0	9263.0
7999.0	4075.0
5545.0	3434.0
3471.0	3532.0
3524.0	3585.0
1972.0	2003.0
2180.0	2213.0
10057.0	11729.0
11700.0	13871.0
8025.0	3426.0
1891.0	1921.0
6112.0	13077.0
949.0	974.0
341.0	4246.0
1998.0	9966.0
8687.0	13741.0
7401.0	2436.0
5652.0	3689.0
1431.0	1453.0
10447.0	11374.0
4341.0	4410.0
3380.0	3441.0
969.0	990.0
2131.0	4814.0
9186.0	10551.0
9681.0	13077.0
7743.0	8677.0
3010.0	12369.0
2370.0	2407.0
3689.0	10076.0
9089.0	7031.0
455.0	465.0
6174.0	10362.0
11412.0	3056.0
6112.0	13142.0
8821.0	203.0
2395.0	10432.0
10897.0	10551.0
1285.0	1307.0
6382.0	6887.0
11371.0	7615.0
7360.0	8169.0
5591.0	12516.0
3529.0	3572.0
1923.0	12758.0
8217.0	2211.0
10800.0	12684.0
6287.0	11219.0
7536.0	8922.0
8635.0	9846.0
8814.0	11116.0
2437.0	2478.0
6334.0	6827.0
8056.0	11116.0
5091.0	13850.0
6693.0	7289.0
6055.0	6441.0
1238.0	1259.0
9828.0	971.0
165.0	170.0
2535.0	4656.0
5509.0	7069.0
8687.0	9352.0
7781.0	7870.0
5866.0	1846.0
5302.0	12228.0
7487.0	4675.0
3602.0	3667.0
1876.0	12827.0
2533.0	2700.0
11145.0	6003.0
6062.0	10963.0
10384.0	12153.0
9783.0	4075.0
2124.0	8525.0
881.0	11041.0
11571.0	13710.0
4326.0	13142.0
7395.0	8210.0
304.0	12332.0
2124.0	9875.0
8682.0	9277.0
1386.0	1410.0
6683.0	13297.0
11670.0	13018.0
1852.0	3629.0
9936.0	4973.0
4679.0	4772.0
4347.0	4429.0
7023.0	7743.0
6830.0	7466.0
7420.0	8245.0
6222.0	10594.0
9783.0	4093.0
42.0	41.0
8093.0	9130.0
7957.0	3576.0
817.0	9722.0
2799.0	2843.0
7418.0	11116.0
3851.0	3922.0
7164.0	5692.0
5365.0	5549.0
9652.0	11165.0
7736.0	1249.0
7371.0	8181.0
9496.0	10406.0
8459.0	11206.0
10730.0	5549.0
9610.0	4093.0
5866.0	3329.0
817.0	3219.0
10508.0	12310.0
2622.0	2986.0
992.0	11709.0
1897.0	3610.0
3847.0	5305.0
991.0	1100.0
5183.0	3922.0
11387.0	4585.0
7420.0	8962.0
1871.0	7701.0
8018.0	5640.0
10810.0	12701.0
5509.0	3590.0
9165.0	3433.0
7420.0	1271.0
2553.0	2596.0
6287.0	1906.0
992.0	12296.0
7113.0	3548.0
9514.0	5956.0
7372.0	8182.0
11449.0	13553.0
5509.0	9239.0
544.0	553.0
9070.0	10594.0
9547.0	8569.0
10800.0	12146.0
1925.0	12758.0
9314.0	4512.0
7841.0	3548.0
7418.0	13688.0
7.0	7082.0
1487.0	968.0
6567.0	9284.0
6765.0	11314.0
7823.0	11542.0
9783.0	11139.0
1998.0	2030.0
2166.0	2200.0
3986.0	4063.0
3998.0	11083.0
7293.0	8085.0
3728.0	4030.0
10955.0	12893.0
3198.0	3246.0
9037.0	7276.0
1228.0	3222.0
9070.0	12648.0
8901.0	3689.0
6287.0	10620.0
11561.0	4428.0
7525.0	13406.0
5870.0	6205.0
6222.0	12648.0
9597.0	7935.0
8432.0	9579.0
992.0	10069.0
3344.0	1761.0
9207.0	10577.0
10535.0	12340.0
10897.0	13142.0
5753.0	3691.0
5728.0	6013.0
4665.0	4757.0
30.0	32.0
11485.0	13596.0
7525.0	13943.0
1386.0	1414.0
1928.0	9550.0
8814.0	10492.0
7.0	3314.0
8314.0	6258.0
3938.0	7569.0
3182.0	4221.0
10672.0	13077.0
10692.0	12535.0
8911.0	10200.0
3478.0	3539.0
992.0	5920.0
1391.0	1408.0
9681.0	10551.0
3383.0	7557.0
3385.0	7557.0
3382.0	7557.0
3384.0	7557.0
7.0	1707.0
10672.0	6527.0
10185.0	11884.0
8814.0	11083.0
3496.0	3557.0
7898.0	8884.0
7993.0	1410.0
5580.0	5827.0
4087.0	4165.0
9783.0	10310.0
4840.0	2541.0
7028.0	11674.0
8812.0	10067.0
10158.0	4136.0
3850.0	3922.0
7660.0	11139.0
9089.0	12339.0
6222.0	13142.0
9595.0	13192.0
9146.0	3585.0
11789.0	10463.0
1916.0	1947.0
3711.0	3783.0
1460.0	1483.0
7354.0	3744.0
10769.0	3433.0
9059.0	10392.0
7354.0	4677.0
9879.0	8884.0
9828.0	9420.0
8833.0	10096.0
5983.0	6353.0
11668.0	13835.0
1481.0	1504.0
6783.0	7402.0
1060.0	1079.0
1347.0	9332.0
11371.0	5189.0
10158.0	203.0
2227.0	2262.0
10897.0	13077.0
7525.0	147.0
5673.0	3557.0
8217.0	12678.0
1812.0	2747.0
4974.0	5072.0
2720.0	2764.0
7262.0	11139.0
5290.0	13179.0
5274.0	10687.0
6157.0	6589.0
4512.0	4599.0
3700.0	3772.0
10347.0	12105.0
10769.0	10406.0
992.0	10492.0
1223.0	1651.0
5543.0	3056.0
3938.0	11850.0
9584.0	8930.0
2592.0	2635.0
9072.0	2735.0
4340.0	4421.0
10817.0	5449.0
925.0	941.0
7884.0	7594.0
10745.0	12609.0
7354.0	11187.0
7759.0	9911.0
4363.0	7276.0
5469.0	10858.0
7660.0	3689.0
817.0	8494.0
3181.0	5585.0
11551.0	8396.0
1054.0	1072.0
7418.0	4075.0
9610.0	4017.0
168.0	173.0
8307.0	11497.0
9783.0	8930.0
3874.0	3949.0
7999.0	11139.0
9783.0	11116.0
3848.0	3923.0
5290.0	10253.0
2564.0	2606.0
6371.0	6871.0
1059.0	1077.0
1103.0	2923.0
8179.0	2397.0
11743.0	6623.0
9796.0	11371.0
3938.0	13688.0
412.0	421.0
8523.0	6527.0
9554.0	11044.0
11247.0	6900.0
7679.0	3434.0
7999.0	9008.0
5561.0	5802.0
1096.0	1116.0
7609.0	13800.0
10728.0	3456.0
7540.0	8404.0
6435.0	6948.0
927.0	943.0
3376.0	3433.0
8516.0	6981.0
11789.0	12637.0
1897.0	8438.0
9165.0	10406.0
10373.0	12141.0
10433.0	12215.0
1787.0	1816.0
3938.0	8930.0
5290.0	3569.0
959.0	977.0
7111.0	7854.0
3902.0	12283.0
5652.0	11083.0
3938.0	4017.0
8320.0	9423.0
68.0	6891.0
4272.0	4905.0
2456.0	2495.0
4569.0	4658.0
6287.0	12144.0
3938.0	11709.0
8217.0	10680.0
2590.0	2640.0
817.0	1243.0
9783.0	8406.0
11667.0	3760.0
3583.0	3648.0
4481.0	4565.0
9917.0	6513.0
6899.0	13688.0
456.0	464.0
11371.0	4348.0
1079.0	1099.0
1914.0	3756.0
9140.0	4017.0
8056.0	11709.0
1290.0	1312.0
9597.0	12947.0
7512.0	8365.0
955.0	974.0
7418.0	8396.0
6164.0	11116.0
11136.0	10594.0
1708.0	1735.0
1670.0	1696.0
8224.0	9302.0
5049.0	5151.0
7418.0	7569.0
339.0	370.0
10229.0	11943.0
992.0	11139.0
5274.0	3222.0
8364.0	11319.0
1390.0	6134.0
674.0	685.0
9089.0	11529.0
10212.0	5740.0
1915.0	1945.0
10497.0	13688.0
3953.0	4768.0
9165.0	6527.0
8523.0	10406.0
3778.0	6467.0
3010.0	12264.0
9724.0	2680.0
7485.0	8335.0
10552.0	12360.0
10447.0	10858.0
6394.0	6901.0
1916.0	1957.0
7331.0	8132.0
189.0	194.0
7502.0	8353.0
2037.0	3689.0
8314.0	1408.0
968.0	986.0
10897.0	6527.0
4156.0	6317.0
6652.0	6527.0
9597.0	11272.0
5290.0	3568.0
8814.0	7569.0
7979.0	11869.0
7418.0	3689.0
8649.0	8412.0
4863.0	4957.0
1923.0	4179.0
11412.0	6900.0
2455.0	12632.0
982.0	1938.0
4676.0	3222.0
5548.0	5788.0
3375.0	10406.0
6707.0	6656.0
7542.0	13688.0
992.0	6011.0
10785.0	12666.0
5591.0	10114.0
2394.0	2435.0
950.0	13057.0
3010.0	7805.0
8626.0	5348.0
2037.0	4075.0
11070.0	2690.0
8002.0	9377.0
7534.0	8396.0
10702.0	4656.0
3938.0	4015.0
7999.0	11083.0
5049.0	5152.0
1401.0	1422.0
341.0	347.0
5726.0	2069.0
9917.0	11841.0
6287.0	13175.0
6683.0	6441.0
4856.0	4952.0
789.0	803.0
4363.0	10362.0
3554.0	3617.0
8557.0	9736.0
6287.0	3517.0
9129.0	10479.0
10672.0	3433.0
7733.0	8664.0
4122.0	4201.0
6477.0	11335.0
7660.0	11034.0
1627.0	1244.0
5480.0	5704.0
11571.0	717.0
8376.0	13213.0
6652.0	3433.0
7.0	11702.0
10912.0	9587.0
3650.0	3719.0
1386.0	1412.0
817.0	8822.0
674.0	12678.0
2963.0	1283.0
6765.0	10328.0
9334.0	3300.0
9417.0	7921.0
6899.0	8396.0
7354.0	13060.0
2067.0	2096.0
992.0	11869.0
8649.0	12427.0
8814.0	13688.0
1501.0	1267.0
5079.0	7064.0
6838.0	6987.0
1387.0	1409.0
7125.0	13077.0
3515.0	8960.0
3571.0	1510.0
9783.0	7569.0
817.0	11707.0
2458.0	2499.0
2372.0	2412.0
969.0	1244.0
11080.0	7926.0
9334.0	5605.0
11136.0	12648.0
3953.0	3800.0
2455.0	2495.0
9312.0	10722.0
7418.0	11139.0
3010.0	5285.0
7741.0	8675.0
11343.0	13403.0
817.0	8324.0
6287.0	12431.0
8050.0	9080.0
3938.0	3689.0
9547.0	11034.0
2239.0	7414.0
5798.0	6112.0
1391.0	6134.0
10536.0	12341.0
9063.0	13177.0
3519.0	3580.0
7542.0	8930.0
2281.0	2391.0
1923.0	5192.0
8763.0	10000.0
9610.0	8930.0
3492.0	3574.0
3540.0	3602.0
817.0	6778.0
10232.0	11946.0
9610.0	3689.0
7.0	7002.0
6076.0	6469.0
7999.0	4093.0
7354.0	8276.0
11094.0	13085.0
6287.0	7388.0
6017.0	6396.0
3648.0	11641.0
8056.0	13688.0
339.0	347.0
104.0	108.0
3403.0	3464.0
5469.0	717.0
8409.0	13385.0
6590.0	7153.0
3998.0	4093.0
2470.0	1900.0
6511.0	3689.0
11476.0	13586.0
7262.0	3689.0
1925.0	4179.0
5290.0	6498.0
2656.0	2690.0
1228.0	4030.0
6845.0	7494.0
8827.0	13977.0
8814.0	8396.0
4363.0	13297.0
9186.0	13077.0
10029.0	10406.0
6307.0	6791.0
11297.0	13346.0
8985.0	3222.0
8217.0	11587.0
9681.0	12648.0
9496.0	13077.0
1897.0	1458.0
10980.0	10073.0
9595.0	6900.0
8250.0	1369.0
7113.0	7856.0
3396.0	6843.0
11789.0	7661.0
3505.0	13992.0
4326.0	13077.0
8328.0	9437.0
10702.0	1294.0
1049.0	1067.0
3176.0	11855.0
3010.0	2981.0
1228.0	3800.0
2186.0	3653.0
9783.0	13688.0
1233.0	5585.0
9659.0	11173.0
9993.0	11640.0
7005.0	7720.0
9284.0	1369.0
3684.0	3754.0
10931.0	12866.0
3500.0	10540.0
7319.0	8116.0
8056.0	11083.0
10212.0	11921.0
11371.0	5808.0
7.0	327.0
5268.0	5410.0
9610.0	13688.0
1683.0	1710.0
10453.0	12240.0
6448.0	987.0
454.0	465.0
9440.0	10890.0
8745.0	6025.0
7542.0	7569.0
10722.0	4222.0
3875.0	3951.0
5731.0	9113.0
3396.0	3457.0
11371.0	10452.0
8056.0	7569.0
9221.0	1294.0
10912.0	349.0
11593.0	5862.0
5290.0	12996.0
9357.0	10779.0
11700.0	3585.0
6875.0	7535.0
9230.0	11704.0
4789.0	4885.0
11371.0	2005.0
8814.0	9291.0
8056.0	11139.0
8217.0	8569.0
6009.0	6387.0
9675.0	11196.0
6890.0	1407.0
992.0	9291.0
3181.0	12409.0
5550.0	5790.0
9856.0	3689.0
11158.0	11116.0
7586.0	8464.0
4059.0	1000.0
3901.0	3976.0
9514.0	11265.0
11599.0	13743.0
10648.0	12476.0
3173.0	12544.0
9089.0	1773.0
3490.0	3588.0
10583.0	12397.0
1930.0	1961.0
9089.0	3368.0
1020.0	10594.0
339.0	348.0
6621.0	5410.0
8324.0	9431.0
6196.0	7921.0
6196.0	11374.0
1450.0	1473.0
6661.0	7246.0
11067.0	13050.0
5469.0	559.0
10672.0	11206.0
8459.0	10406.0
7542.0	4093.0
6006.0	6383.0
3375.0	11014.0
5496.0	5723.0
9681.0	9614.0
8266.0	13741.0
968.0	987.0
10155.0	11852.0
550.0	5692.0
4999.0	5099.0
9186.0	13142.0
255.0	8788.0
828.0	843.0
6439.0	6956.0
7164.0	717.0
8217.0	11034.0
9610.0	7569.0
8814.0	11709.0
10232.0	5740.0
1391.0	1412.0
2722.0	2765.0
6164.0	7119.0
10570.0	12381.0
3346.0	3402.0
4119.0	4218.0
10232.0	8625.0
9783.0	10492.0
817.0	7888.0
4132.0	2201.0
9089.0	5641.0
3375.0	6527.0
6598.0	8151.0
6165.0	12523.0
5558.0	5799.0
5290.0	13372.0
6899.0	11709.0
1264.0	1285.0
3495.0	6692.0
9775.0	11343.0
4291.0	11857.0
1487.0	3220.0
8217.0	9882.0
5074.0	5176.0
7418.0	11709.0
9089.0	5899.0
10888.0	5348.0
8722.0	11374.0
6196.0	11246.0
6111.0	6525.0
10497.0	12296.0
5220.0	4017.0
6535.0	7200.0
817.0	1288.0
8217.0	13167.0
9514.0	3372.0
10769.0	6527.0
68.0	41.0
8056.0	4093.0
9037.0	4512.0
6679.0	8958.0
3621.0	3687.0
1911.0	917.0
6164.0	3689.0
9917.0	12696.0
8814.0	11869.0
1027.0	1045.0
11551.0	7569.0
4716.0	4415.0
11670.0	11139.0
9075.0	3426.0
3938.0	8396.0
6765.0	11186.0
4624.0	4716.0
4704.0	4799.0
7679.0	13142.0
9865.0	11464.0
9547.0	3689.0
8626.0	13228.0
9496.0	3433.0
4331.0	4412.0
3850.0	3915.0
9036.0	5740.0
9514.0	6767.0
7542.0	11116.0
8056.0	8930.0
11480.0	13590.0
6164.0	9284.0
6652.0	13077.0
11576.0	11254.0
7542.0	11139.0
8217.0	7669.0
11468.0	10624.0
11256.0	6610.0
7807.0	8764.0
8266.0	9352.0
3008.0	2981.0
7354.0	6429.0
8842.0	8151.0
2630.0	2674.0
11441.0	13543.0
1390.0	1408.0
3728.0	12663.0
253.0	11918.0
10210.0	259.0
10473.0	3056.0
9334.0	8362.0
7079.0	7815.0
6765.0	12273.0
10131.0	11822.0
5241.0	5378.0
969.0	988.0
6350.0	6847.0
3480.0	3541.0
6598.0	12516.0
6062.0	5465.0
6317.0	3689.0
3998.0	11116.0
5798.0	11374.0
6899.0	11139.0
9783.0	11709.0
5685.0	7921.0
8211.0	7119.0
3998.0	8930.0
4326.0	11206.0
5729.0	6015.0
10370.0	12137.0
9243.0	7921.0
6133.0	1083.0
1253.0	1274.0
9417.0	5692.0
5091.0	5194.0
11371.0	5881.0
5731.0	8127.0
3016.0	1456.0
7491.0	6467.0
3395.0	976.0
1092.0	1112.0
1233.0	13280.0
5731.0	12625.0
7.0	10873.0
7092.0	7831.0
2050.0	2134.0
7899.0	8885.0
6852.0	12341.0
9186.0	10594.0
6430.0	10406.0
7999.0	11116.0
8901.0	11139.0
2992.0	3022.0
8314.0	1414.0
2312.0	4198.0
6765.0	9106.0
7979.0	8986.0
10568.0	10438.0
9783.0	8396.0
4682.0	4775.0
2124.0	8661.0
68.0	257.0
251.0	72.0
6112.0	12648.0
3938.0	11139.0
8827.0	10463.0
4326.0	6527.0
1020.0	10406.0
2564.0	2611.0
9015.0	10333.0
992.0	4075.0
11514.0	6987.0
3847.0	3926.0
2672.0	2715.0
2940.0	2666.0
6765.0	9695.0
8525.0	7383.0
9567.0	12516.0
6765.0	7859.0
1915.0	1963.0
6029.0	6410.0
10412.0	12188.0
5769.0	6071.0
10894.0	12815.0
39.0	41.0
1714.0	6896.0
4874.0	3426.0
3181.0	13280.0
2928.0	1761.0
11383.0	13467.0
7542.0	8396.0
2535.0	1294.0
4916.0	5013.0
3331.0	3388.0
6112.0	10594.0
4705.0	4197.0
6766.0	7384.0
7384.0	8195.0
1223.0	2995.0
9610.0	11083.0
11492.0	3689.0
9774.0	11341.0
4326.0	10594.0
6272.0	6740.0
10212.0	13626.0
5290.0	9756.0
11087.0	13142.0
10255.0	44.0
5481.0	8857.0
8056.0	4075.0
5652.0	13688.0
3385.0	1407.0
3384.0	1407.0
3383.0	1407.0
3382.0	1407.0
10364.0	6515.0
454.0	464.0
3870.0	3945.0
1890.0	8868.0
10672.0	10594.0
969.0	6968.0
5731.0	2671.0
3697.0	2666.0
7936.0	8930.0
6838.0	5247.0
9917.0	7401.0
68.0	7560.0
7759.0	8699.0
8317.0	12544.0
1223.0	3022.0
187.0	192.0
11670.0	11034.0
8018.0	832.0
11789.0	11512.0
11247.0	3056.0
6062.0	5946.0
9104.0	7615.0
5673.0	7671.0
9584.0	4093.0
10137.0	11829.0
7262.0	4075.0
10569.0	6385.0
8217.0	8406.0
3998.0	7569.0
7.0	3258.0
9027.0	2582.0
9104.0	13731.0
2338.0	2377.0
2470.0	2511.0
2992.0	3035.0
5509.0	3572.0
1490.0	2373.0
9496.0	6527.0
7125.0	3434.0
8139.0	9192.0
1897.0	3917.0
9140.0	8569.0
2683.0	2733.0
8891.0	3433.0
10769.0	13077.0
6759.0	1249.0
2809.0	2853.0
7.0	8302.0
11670.0	8396.0
11456.0	3433.0
3938.0	4075.0
2098.0	2130.0
10902.0	12827.0
8276.0	9363.0
9599.0	7921.0
4676.0	12893.0
775.0	1735.0
5652.0	11116.0
4840.0	3062.0
10747.0	1294.0
9165.0	10526.0
9599.0	10858.0
2743.0	2787.0
9037.0	6441.0
3623.0	7403.0
5940.0	7667.0
6652.0	13142.0
9254.0	4656.0
11468.0	9684.0
8211.0	11709.0
11242.0	13277.0
9917.0	5717.0
7354.0	12336.0
32.0	35.0
817.0	3332.0
9631.0	13688.0
1233.0	12409.0
8210.0	9283.0
251.0	7560.0
8217.0	6011.0
1906.0	1267.0
10210.0	8431.0
5971.0	3433.0
1386.0	1413.0
817.0	6968.0
6899.0	3689.0
9681.0	13629.0
6652.0	11206.0
304.0	12118.0
7023.0	4018.0
10104.0	11787.0
8390.0	9526.0
6890.0	1410.0
5652.0	4093.0
10447.0	11512.0
992.0	7669.0
2683.0	8132.0
251.0	13414.0
11349.0	257.0
8305.0	9409.0
9514.0	8778.0
6989.0	1902.0
260.0	12235.0
9775.0	13556.0
7821.0	10295.0
3998.0	13688.0
2683.0	7309.0
6939.0	7634.0
10210.0	8788.0
4081.0	4159.0
10212.0	3590.0
8516.0	5443.0
1872.0	7701.0
5577.0	3699.0
5543.0	6900.0
7354.0	326.0
4644.0	4741.0
1434.0	3396.0
9254.0	1294.0
123.0	7859.0
5469.0	5670.0
4340.0	4422.0
4853.0	9012.0
9072.0	4017.0
2480.0	2521.0
3175.0	4768.0
8709.0	5220.0
604.0	613.0
5652.0	7569.0
2276.0	2225.0
4705.0	7414.0
1079.0	10031.0
7404.0	1083.0
10908.0	8935.0
6465.0	5247.0
6947.0	7645.0
10158.0	10438.0
6838.0	10313.0
2281.0	1731.0
7.0	9990.0
7999.0	8930.0
9964.0	11602.0
6661.0	3689.0
9783.0	8986.0
1466.0	1489.0
6965.0	8930.0
7999.0	7569.0
4112.0	4191.0
1228.0	8523.0
3374.0	3434.0
9917.0	12844.0
10447.0	5670.0
10212.0	8256.0
9031.0	6353.0
2276.0	2203.0
10752.0	9417.0
7660.0	13700.0
817.0	842.0
10747.0	4656.0
5481.0	11334.0
10332.0	6987.0
1625.0	1649.0
9610.0	4075.0
4328.0	4409.0
1386.0	3448.0
2062.0	2093.0
817.0	1496.0
10029.0	11694.0
1897.0	3868.0
9140.0	11034.0
7962.0	717.0
7128.0	10692.0
8529.0	9700.0
7852.0	8822.0
3403.0	3463.0
8624.0	72.0
10054.0	11724.0
1818.0	766.0
9631.0	8396.0
362.0	346.0
992.0	11034.0
7542.0	11709.0
7609.0	8965.0
8523.0	10594.0
5727.0	12240.0
5866.0	3332.0
10801.0	3535.0
9783.0	11869.0
3181.0	3225.0
7955.0	4772.0
9809.0	11389.0
992.0	12752.0
925.0	7056.0
8814.0	3689.0
2037.0	6011.0
7305.0	8099.0
5286.0	6459.0
9547.0	11139.0
9104.0	13572.0
10701.0	7855.0
8523.0	11206.0
8056.0	8396.0
1501.0	4180.0
11743.0	3589.0
10447.0	4975.0
2470.0	1942.0
9917.0	2749.0
6485.0	12340.0
3334.0	3390.0
9584.0	8396.0
9917.0	11894.0
10732.0	12588.0
5481.0	579.0
10648.0	4599.0
5407.0	5601.0
4976.0	11464.0
11371.0	9300.0
10678.0	4161.0
1386.0	10670.0
11256.0	6441.0
9027.0	11361.0
1937.0	12283.0
2312.0	2393.0
7354.0	4048.0
5912.0	6262.0
9838.0	11426.0
5290.0	11724.0
6717.0	3689.0
1897.0	5101.0
1386.0	1407.0
7586.0	11374.0
9917.0	7719.0
1853.0	1883.0
10212.0	9239.0
7966.0	8970.0
10672.0	13142.0
6465.0	10313.0
11661.0	3557.0
6647.0	12926.0
9567.0	8151.0
6965.0	3689.0
2500.0	4936.0
251.0	41.0
7979.0	11709.0
11371.0	8574.0
9631.0	7569.0
753.0	766.0
9539.0	11024.0
2037.0	12678.0
11789.0	10086.0
7542.0	11034.0
7979.0	13688.0
1434.0	917.0
6906.0	6142.0
10364.0	8396.0
11551.0	11709.0
8056.0	11034.0
3201.0	3249.0
8314.0	1407.0
10048.0	3056.0
3350.0	3433.0
5914.0	13284.0
11802.0	3566.0
10332.0	5247.0
5220.0	8930.0
3998.0	6011.0
1870.0	1942.0
3387.0	3448.0
7993.0	10203.0
9165.0	10594.0
8018.0	6833.0
9220.0	3434.0
7123.0	2101.0
2638.0	2682.0
2786.0	2830.0
7359.0	8168.0
6165.0	9616.0
8516.0	13576.0
3340.0	917.0
3382.0	6258.0
3384.0	6258.0
3383.0	6258.0
3385.0	6258.0
4264.0	4345.0
7979.0	7569.0
9417.0	6112.0
251.0	12606.0
10332.0	10313.0
11343.0	7921.0
6957.0	7657.0
5731.0	5561.0
11538.0	13665.0
7979.0	8396.0
1233.0	1252.0
2462.0	2503.0
9594.0	11564.0
276.0	282.0
11371.0	1384.0
7999.0	13688.0
9165.0	12648.0
7.0	5701.0
11551.0	11139.0
11670.0	13688.0
1390.0	1412.0
8827.0	7661.0
11571.0	7921.0
4619.0	4823.0
5866.0	5204.0
6783.0	6954.0
9610.0	8396.0
5183.0	3926.0
4569.0	7926.0
3850.0	3464.0
1708.0	9869.0
3389.0	1249.0
5155.0	12860.0
1259.0	317.0
10340.0	12546.0
10701.0	12097.0
7354.0	1743.0
9584.0	4075.0
7614.0	4030.0
817.0	13819.0
6174.0	4444.0
10863.0	12772.0
817.0	3859.0
7418.0	10492.0
4976.0	5075.0
3495.0	6013.0
9584.0	11116.0
9595.0	11096.0
2689.0	2733.0
817.0	2377.0
3375.0	11206.0
6382.0	7832.0
769.0	782.0
5591.0	12031.0
8814.0	4017.0
3010.0	10735.0
8814.0	4015.0
1808.0	4957.0
7.0	6030.0
6301.0	6783.0
6621.0	13626.0
11387.0	8416.0
2518.0	9302.0
3459.0	3520.0
6717.0	8569.0
8104.0	3222.0
7078.0	7926.0
9186.0	6527.0
4125.0	4205.0
2090.0	2122.0
674.0	3689.0
5286.0	11095.0
5545.0	5785.0
2464.0	2505.0
4525.0	3433.0
4291.0	7921.0
2978.0	3025.0
10605.0	12424.0
8364.0	12632.0
7164.0	10858.0
260.0	8036.0
10784.0	5421.0
2185.0	2219.0
10233.0	9853.0
7418.0	9291.0
6683.0	4512.0
5481.0	598.0
10212.0	7069.0
6237.0	7657.0
10470.0	12261.0
9783.0	4014.0
11511.0	3434.0
7542.0	3690.0
7274.0	8061.0
1654.0	1680.0
4342.0	4423.0
7660.0	8396.0
7490.0	8340.0
817.0	3685.0
11087.0	6527.0
7525.0	3532.0
3175.0	8958.0
304.0	12207.0
8814.0	4075.0
10232.0	13626.0
2935.0	2980.0
11551.0	8930.0
7951.0	8953.0
992.0	8236.0
3929.0	4348.0
8056.0	8569.0
456.0	463.0
11371.0	10487.0
6317.0	8930.0
2518.0	10769.0
7609.0	5101.0
6947.0	13085.0
102.0	13572.0
5971.0	10406.0
4705.0	2160.0
550.0	11857.0
8350.0	9465.0
9584.0	11139.0
5286.0	9738.0
3988.0	4065.0
4272.0	4891.0
5958.0	6317.0
1103.0	2871.0
9768.0	5582.0
6013.0	11942.0
2553.0	2597.0
3161.0	3208.0
11371.0	1841.0
11661.0	7671.0
2518.0	2560.0
11087.0	3433.0
8982.0	8195.0
5459.0	4739.0
9140.0	11402.0
7338.0	8140.0
4987.0	10416.0
7604.0	8489.0
11492.0	2069.0
5820.0	5593.0
9631.0	11709.0
10784.0	9332.0
6712.0	7317.0
9610.0	11139.0
2706.0	2747.0
4347.0	4675.0
7354.0	5013.0
5220.0	11139.0
8056.0	10492.0
11670.0	7569.0
6595.0	7159.0
10891.0	12812.0
3902.0	11855.0
8682.0	3699.0
1259.0	6957.0
6899.0	4093.0
3778.0	7721.0
11027.0	2499.0
10539.0	12344.0
5220.0	12806.0
9140.0	13405.0
6717.0	11139.0
817.0	8583.0
9496.0	11206.0
9567.0	5569.0
5652.0	11139.0
9417.0	5670.0
9324.0	10735.0
7354.0	2326.0
9584.0	3689.0
1929.0	9550.0
9514.0	6331.0
10428.0	12209.0
6013.0	6391.0
9089.0	13382.0
11150.0	5986.0
5411.0	5606.0
9334.0	2547.0
455.0	463.0
9572.0	11067.0
2173.0	10624.0
10364.0	11139.0
9075.0	9441.0
4835.0	7601.0
7430.0	8259.0
9367.0	4337.0
2470.0	4936.0
8525.0	11840.0
5411.0	13796.0
7455.0	8294.0
5731.0	8373.0
8985.0	13524.0
7405.0	3539.0
6063.0	13028.0
10393.0	12165.0
1716.0	4143.0
7826.0	4656.0
11256.0	7276.0
11371.0	6980.0
8361.0	3689.0
10568.0	8093.0
9936.0	11559.0
6430.0	12092.0
7710.0	8632.0
2683.0	13228.0
3537.0	8065.0
7823.0	11829.0
2453.0	2494.0
6717.0	7324.0
7979.0	10492.0
8814.0	11850.0
1053.0	1071.0
6567.0	13167.0
10688.0	12529.0
7.0	13135.0
395.0	404.0
5552.0	3629.0
6638.0	10263.0
453.0	1408.0
9140.0	8236.0
3810.0	1469.0
3627.0	3694.0
4738.0	4833.0
8317.0	13057.0
4654.0	9952.0
9832.0	5345.0
7512.0	8066.0
5652.0	11709.0
817.0	10479.0
9610.0	10069.0
2067.0	2099.0
908.0	924.0
674.0	10310.0
2037.0	11587.0
10337.0	3434.0
7542.0	4075.0
2590.0	2639.0
10364.0	11587.0
992.0	6206.0
8833.0	13356.0
9815.0	1715.0
1779.0	7956.0
7168.0	1290.0
2341.0	2380.0
7955.0	12893.0
3122.0	3169.0
2989.0	2042.0
11670.0	8569.0
9567.0	13626.0
3998.0	11709.0
1386.0	5625.0
1915.0	4840.0
6852.0	7504.0
3789.0	3864.0
2646.0	2576.0
7262.0	7569.0
1629.0	1653.0
950.0	3719.0
1817.0	838.0
7418.0	8236.0
10927.0	12862.0
498.0	507.0
9186.0	3433.0
4937.0	5034.0
901.0	2541.0
8593.0	13992.0
1812.0	5471.0
7176.0	7935.0
6922.0	7606.0
6652.0	12648.0
1808.0	2201.0
5869.0	6204.0
9917.0	920.0
8804.0	7805.0
3267.0	3322.0
8217.0	5920.0
6448.0	6968.0
2050.0	10257.0
11670.0	11709.0
6875.0	12382.0
4273.0	4353.0
9763.0	4656.0
9165.0	13077.0
7112.0	257.0
9532.0	226.0
11256.0	12727.0
3565.0	3628.0
5220.0	4075.0
6621.0	6062.0
1897.0	8965.0
10820.0	7948.0
5136.0	5241.0
1020.0	6527.0
7884.0	7371.0
3822.0	5887.0
10340.0	44.0
1974.0	2005.0
4853.0	6000.0
7979.0	11139.0
1389.0	1407.0
7354.0	3247.0
817.0	5761.0
7354.0	10280.0
9305.0	4952.0
10364.0	11709.0
1385.0	1408.0
9532.0	833.0
5302.0	10963.0
10447.0	13710.0
8525.0	424.0
8628.0	9839.0
2343.0	3535.0
11169.0	11787.0
937.0	954.0
570.0	579.0
3380.0	11343.0
10701.0	12527.0
2925.0	2971.0
11449.0	10922.0
8138.0	4662.0
10364.0	11034.0
6890.0	8837.0
6430.0	6527.0
7354.0	1740.0
340.0	348.0
10849.0	11116.0
5914.0	6264.0
10447.0	13977.0
9879.0	12947.0
11739.0	13919.0
10101.0	11784.0
8823.0	13553.0
10783.0	3800.0
6717.0	4075.0
992.0	8986.0
7999.0	11709.0
9334.0	6054.0
3602.0	566.0
3938.0	13405.0
9514.0	12156.0
5731.0	7374.0
9104.0	1808.0
2068.0	2096.0
9089.0	11373.0
11476.0	10157.0
9070.0	10551.0
7130.0	7877.0
11269.0	13265.0
4111.0	4189.0
11094.0	7645.0
3998.0	8396.0
3496.0	12228.0
7.0	8722.0
7354.0	11971.0
3375.0	13142.0
8525.0	6238.0
1674.0	1702.0
8682.0	11564.0
7534.0	8930.0
10121.0	3689.0
8056.0	11869.0
9111.0	258.0
8850.0	10126.0
186.0	7064.0
9763.0	1294.0
9584.0	7569.0
6683.0	12727.0
3174.0	987.0
2777.0	2847.0
10912.0	6845.0
8459.0	13142.0
11297.0	3574.0
7936.0	8396.0
5652.0	4075.0
6430.0	13077.0
5591.0	5569.0
1386.0	9723.0
8745.0	11857.0
5063.0	5165.0
7.0	13062.0
6164.0	8396.0
950.0	1086.0
255.0	8431.0
1386.0	6593.0
1472.0	968.0
8485.0	9645.0
7262.0	13688.0
11158.0	11709.0
9738.0	8764.0
3380.0	13556.0
992.0	11850.0
9514.0	9867.0
7525.0	8079.0
7354.0	3304.0
7125.0	10406.0
5420.0	13633.0
10233.0	8585.0
9267.0	10665.0
1451.0	1474.0
9367.0	10791.0
2934.0	1308.0
3003.0	2981.0
3490.0	3606.0
11136.0	10551.0
6196.0	10858.0
3507.0	3568.0
2367.0	2407.0
3090.0	3137.0
1897.0	3535.0
8018.0	8583.0
1525.0	1548.0
7534.0	13688.0
2743.0	8930.0
10111.0	11798.0
1923.0	1937.0
9140.0	6206.0
2992.0	2995.0
7659.0	7805.0
10800.0	7247.0
6465.0	5791.0
1386.0	6974.0
5183.0	3977.0
5527.0	11781.0
102.0	2747.0
10817.0	10429.0
1543.0	843.0
7168.0	7925.0
9314.0	10724.0
1391.0	11362.0
10599.0	10963.0
3513.0	3553.0
5736.0	7921.0
5577.0	7383.0
6765.0	5824.0
10340.0	12606.0
3728.0	3222.0
11317.0	12325.0
419.0	7115.0
11371.0	7448.0
8649.0	5624.0
11371.0	11564.0
9417.0	717.0
2177.0	8396.0
9584.0	13688.0
7979.0	3689.0
3820.0	6954.0
10364.0	13688.0
7354.0	10948.0
9104.0	3699.0
7660.0	4075.0
2934.0	2980.0
8655.0	8132.0
10447.0	6112.0
9307.0	3056.0
3375.0	4253.0
2810.0	2854.0
10956.0	3641.0
817.0	12152.0
3953.0	8499.0
11511.0	3556.0
362.0	370.0
8934.0	3689.0
8814.0	8986.0
8217.0	9087.0
8712.0	9940.0
7542.0	11587.0
4875.0	6229.0
9738.0	11282.0
7354.0	13098.0
5346.0	11371.0
10836.0	4944.0
6222.0	9294.0
7525.0	5808.0
6196.0	717.0
9398.0	12043.0
951.0	13057.0
5175.0	5290.0
1385.0	7557.0
2437.0	4859.0
6523.0	7058.0
817.0	3329.0
6947.0	5621.0
9783.0	11587.0
6965.0	8396.0
1714.0	1743.0
8682.0	13572.0
10029.0	6527.0
8745.0	7921.0
11371.0	6856.0
8179.0	9249.0
9514.0	12649.0
3500.0	8419.0
2400.0	2441.0
2437.0	4888.0
3389.0	8958.0
4326.0	10551.0
9140.0	2211.0
4866.0	4961.0
11349.0	74.0
70.0	13414.0
8891.0	10406.0
1386.0	11362.0
10769.0	13142.0
9783.0	10069.0
9502.0	3853.0
10233.0	7786.0
1714.0	6752.0
9726.0	11272.0
11371.0	5559.0
8358.0	9425.0
4065.0	4198.0
9597.0	11235.0
6317.0	12513.0
3173.0	1510.0
2459.0	2500.0
9454.0	10909.0
10029.0	3433.0
6164.0	13688.0
10364.0	8569.0
7542.0	10492.0
6626.0	7200.0
6830.0	13211.0
10447.0	8437.0
6350.0	8324.0
992.0	11587.0
10212.0	5419.0
992.0	9481.0
6023.0	5740.0
8745.0	717.0
6272.0	2381.0
8814.0	11139.0
9514.0	7037.0
2923.0	2969.0
817.0	8081.0
10613.0	12433.0
9209.0	9950.0
6564.0	7115.0
11158.0	3689.0
6535.0	10826.0
6965.0	4093.0
8217.0	2069.0
3998.0	10492.0
7512.0	7832.0
5707.0	5990.0
9595.0	3054.0
11080.0	4658.0
958.0	976.0
1078.0	1098.0
7692.0	8607.0
5481.0	2619.0
9089.0	11265.0
1053.0	2730.0
9783.0	11034.0
5866.0	8735.0
2124.0	2380.0
11256.0	10362.0
4706.0	4800.0
10743.0	10406.0
8314.0	8353.0
6324.0	9605.0
10784.0	8958.0
7542.0	8406.0
5255.0	1369.0
6382.0	8066.0
3482.0	10792.0
3873.0	3948.0
4877.0	2005.0
7490.0	9707.0
8523.0	13142.0
11256.0	4446.0
1714.0	6064.0
7660.0	13688.0
11670.0	11402.0
7999.0	8396.0
9220.0	3433.0
7542.0	6011.0
3702.0	3775.0
6771.0	13626.0
3820.0	5275.0
8523.0	13077.0
3529.0	11060.0
8056.0	3690.0
10536.0	7504.0
4863.0	4959.0
8433.0	8412.0
9165.0	11206.0
6679.0	12893.0
11027.0	12992.0
102.0	7615.0
5727.0	6012.0
5641.0	9374.0
10364.0	12131.0
5368.0	5552.0
10447.0	8775.0
9917.0	8957.0
10672.0	12648.0
6435.0	7093.0
817.0	11972.0
2822.0	2866.0
11412.0	6452.0
5765.0	6993.0
7418.0	11869.0
10232.0	3590.0
1620.0	13593.0
11049.0	6452.0
9089.0	9023.0
10692.0	11667.0
2989.0	987.0
10522.0	2974.0
6717.0	8930.0
4903.0	5000.0
10029.0	13077.0
8891.0	7693.0
3895.0	3970.0
3929.0	335.0
8682.0	6954.0
817.0	3330.0
7354.0	8115.0
8056.0	10069.0
8056.0	6011.0
9738.0	6674.0
7354.0	3283.0
9514.0	10431.0
6317.0	8396.0
6485.0	8132.0
9879.0	8407.0
9514.0	7031.0
8459.0	13077.0
8025.0	7353.0
2281.0	6901.0
11343.0	11374.0
1714.0	8231.0
10447.0	6025.0
8682.0	12242.0
6589.0	7152.0
2455.0	2496.0
7262.0	11709.0
6652.0	10594.0
6899.0	8930.0
3836.0	3911.0
1872.0	8192.0
5291.0	5450.0
1386.0	6134.0
9631.0	8569.0
11371.0	10596.0
8114.0	9161.0
10255.0	72.0
9610.0	9835.0
7123.0	2096.0
7262.0	7669.0
11505.0	13622.0
6238.0	9691.0
6477.0	7001.0
9209.0	717.0
7124.0	8186.0
849.0	713.0
7905.0	11186.0
6157.0	11374.0
6317.0	11034.0
6281.0	10598.0
8217.0	3690.0
6765.0	8893.0
7905.0	7383.0
5428.0	5634.0
5548.0	2004.0
9070.0	8535.0
8181.0	9251.0
8217.0	12697.0
992.0	8569.0
11708.0	13881.0
10897.0	13629.0
6765.0	1093.0
7547.0	4711.0
11603.0	13749.0
6890.0	5625.0
3175.0	1249.0
11431.0	17.0
4874.0	4969.0
1392.0	3445.0
1392.0	3444.0
1392.0	3446.0
1392.0	3443.0
11136.0	8535.0
7704.0	10295.0
3899.0	9304.0
5469.0	11102.0
9917.0	9066.0
173.0	13244.0
1926.0	2990.0
6965.0	11083.0
11576.0	2382.0
7951.0	8930.0
6965.0	7569.0
11597.0	9352.0
7542.0	10069.0
2180.0	2215.0
9917.0	919.0
10133.0	11824.0
8814.0	4014.0
5290.0	13628.0
7993.0	1408.0
6922.0	5708.0
1443.0	2380.0
6755.0	6044.0
10701.0	11977.0
11468.0	9157.0
6554.0	7099.0
3386.0	1408.0
3010.0	6452.0
823.0	832.0
5652.0	8953.0
1898.0	1933.0
6023.0	13626.0
7354.0	2133.0
9070.0	11014.0
10800.0	7970.0
8277.0	9365.0
9917.0	8869.0
3008.0	4503.0
1222.0	3219.0
10820.0	12735.0
9036.0	3590.0
10568.0	12379.0
7794.0	8749.0
3359.0	3417.0
10232.0	3572.0
10769.0	10594.0
10897.0	12819.0
9917.0	10016.0
7660.0	7569.0
6062.0	8785.0
5290.0	11943.0
11670.0	3891.0
9532.0	5345.0
3623.0	10120.0
7418.0	10069.0
10138.0	5381.0
674.0	8930.0
1906.0	4180.0
3181.0	2976.0
6765.0	776.0
9783.0	11402.0
11269.0	7252.0
11343.0	717.0
9631.0	6011.0
2090.0	2006.0
1830.0	1860.0
7504.0	8355.0
1929.0	1959.0
5914.0	7805.0
9075.0	11196.0
6764.0	10406.0
7450.0	8288.0
5652.0	8236.0
7999.0	7669.0
1233.0	1248.0
1386.0	3445.0
1386.0	3446.0
1386.0	3443.0
1386.0	3444.0
7.0	13383.0
10447.0	9977.0
457.0	12803.0
8317.0	968.0
8025.0	6220.0
7542.0	11869.0
11297.0	7671.0
4131.0	4211.0
7354.0	1389.0
6606.0	3949.0
9610.0	2735.0
7679.0	10406.0
7354.0	6048.0
3509.0	3570.0
9010.0	10325.0
5220.0	8396.0
7801.0	10406.0
9783.0	6011.0
6222.0	13629.0
10221.0	11933.0
7614.0	8958.0
11468.0	13096.0
3010.0	13495.0
5286.0	13599.0
1871.0	1902.0
9496.0	10594.0
9314.0	6610.0
7311.0	8106.0
6222.0	10722.0
8821.0	1932.0
3010.0	13505.0
980.0	998.0
4326.0	13629.0
9140.0	5894.0
1837.0	8059.0
10364.0	9156.0
1223.0	3011.0
8657.0	4692.0
3344.0	2990.0
7821.0	2657.0
10888.0	11083.0
6605.0	3222.0
9089.0	6323.0
8056.0	7246.0
10902.0	1906.0
2646.0	2691.0
6430.0	6943.0
5302.0	5465.0
7609.0	3917.0
7999.0	8046.0
992.0	13167.0
11670.0	9882.0
10558.0	12367.0
9659.0	738.0
5480.0	11704.0
4720.0	7554.0
11546.0	10416.0
7262.0	8396.0
10701.0	7560.0
186.0	3699.0
674.0	13688.0
11306.0	13356.0
700.0	5585.0
1830.0	1864.0
6765.0	10789.0
6621.0	7319.0
10196.0	2980.0
10497.0	3689.0
2722.0	13959.0
70.0	44.0
992.0	10227.0
3010.0	8749.0
9483.0	2031.0
6317.0	6804.0
73.0	7592.0
8886.0	10170.0
11094.0	5621.0
5798.0	10858.0
3820.0	13572.0
10535.0	13028.0
6222.0	1038.0
3010.0	3051.0
5220.0	11116.0
6485.0	13028.0
7823.0	1935.0
7596.0	8480.0
11661.0	3553.0
2940.0	827.0
4326.0	11014.0
11670.0	10310.0
9597.0	8884.0
9584.0	11709.0
11256.0	10117.0
6695.0	1045.0
9104.0	11564.0
3257.0	84.0
3344.0	9011.0
992.0	13464.0
992.0	4015.0
5399.0	5592.0
2090.0	2125.0
9597.0	5671.0
1389.0	10279.0
8217.0	10188.0
3559.0	3689.0
7838.0	8806.0
5816.0	6134.0
11593.0	6593.0
8217.0	7246.0
9865.0	5075.0
11371.0	28.0
11178.0	11357.0
224.0	441.0
8626.0	10409.0
3395.0	3457.0
8937.0	10230.0
8687.0	8699.0
3986.0	2437.0
7176.0	8884.0
102.0	6954.0
3395.0	1123.0
8334.0	9446.0
7220.0	7994.0
8842.0	12516.0
4365.0	4446.0
9209.0	7921.0
10817.0	13179.0
5710.0	5993.0
6430.0	3433.0
11492.0	11034.0
7727.0	8655.0
7979.0	11850.0
3559.0	3622.0
950.0	13889.0
6890.0	6974.0
5286.0	13779.0
5673.0	3553.0
9783.0	8236.0
849.0	134.0
6192.0	6631.0
4876.0	4971.0
6511.0	11139.0
10364.0	7569.0
5454.0	11374.0
9514.0	8461.0
8217.0	8243.0
2703.0	3699.0
7354.0	11877.0
5481.0	10536.0
6621.0	5419.0
9089.0	12365.0
5652.0	11850.0
9040.0	11419.0
10579.0	12391.0
6838.0	5791.0
11514.0	5247.0
1988.0	2019.0
8523.0	10874.0
9514.0	11529.0
10232.0	8785.0
8957.0	10257.0
2518.0	4971.0
8056.0	13167.0
6142.0	6570.0
1890.0	998.0
1902.0	1928.0
7660.0	11869.0
11492.0	4075.0
7823.0	3685.0
1053.0	13094.0
2173.0	8958.0
1271.0	1293.0
5652.0	11034.0
9209.0	10858.0
3344.0	9377.0
3021.0	3067.0
9140.0	11587.0
3902.0	10284.0
9753.0	13318.0
1446.0	4950.0
444.0	453.0
10378.0	12146.0
2683.0	12340.0
1874.0	113.0
6164.0	11139.0
3998.0	11034.0
9514.0	10044.0
2564.0	2608.0
8002.0	7907.0
2683.0	2727.0
1077.0	1776.0
10752.0	12618.0
3088.0	3433.0
10048.0	6900.0
8901.0	4075.0
9872.0	11196.0
6621.0	13158.0
4910.0	5007.0
11150.0	13158.0
9514.0	6323.0
1837.0	1859.0
8982.0	10287.0
4874.0	6220.0
9631.0	11034.0
4258.0	4143.0
11503.0	9472.0
8901.0	7569.0
6621.0	13962.0
7750.0	8687.0
901.0	1900.0
6164.0	7569.0
6890.0	9723.0
7430.0	6084.0
7164.0	9977.0
7525.0	146.0
1456.0	1479.0
7542.0	9291.0
10447.0	11246.0
5380.0	5566.0
8217.0	808.0
7193.0	10779.0
2913.0	2959.0
11670.0	2211.0
3998.0	8569.0
849.0	6369.0
9738.0	11523.0
1020.0	11206.0
42.0	7578.0
11150.0	6062.0
6765.0	9004.0
5121.0	5225.0
1446.0	9448.0
817.0	838.0
6281.0	9381.0
6964.0	7667.0
3218.0	3268.0
3010.0	2980.0
453.0	11362.0
5940.0	3563.0
9783.0	9882.0
10769.0	11206.0
5520.0	466.0
6621.0	5740.0
6906.0	10502.0
7354.0	3652.0
1897.0	6759.0
6836.0	7476.0
7999.0	6011.0
6906.0	41.0
251.0	4662.0
11101.0	12234.0
8086.0	5181.0
10617.0	12438.0
7418.0	6206.0
5652.0	10069.0
6165.0	3480.0
3375.0	12648.0
5577.0	11840.0
9917.0	9791.0
9104.0	2747.0
2476.0	2517.0
10232.0	9239.0
4874.0	4364.0
7.0	13501.0
6567.0	11709.0
2281.0	854.0
3860.0	3935.0
1837.0	1867.0
2722.0	12076.0
7905.0	7724.0
10183.0	878.0
5736.0	717.0
11551.0	3689.0
3929.0	13572.0
3198.0	5898.0
10701.0	41.0
8987.0	10295.0
8250.0	10687.0
4720.0	1307.0
7354.0	9046.0
4340.0	4675.0
700.0	13280.0
8344.0	9459.0
9135.0	2747.0
10337.0	6943.0
7354.0	492.0
3173.0	13057.0
10571.0	12382.0
10405.0	13248.0
11551.0	4093.0
1910.0	4622.0
6317.0	11139.0
10447.0	10463.0
9822.0	11404.0
1029.0	1047.0
8714.0	9942.0
1912.0	1943.0
7630.0	8525.0
9165.0	13629.0
2177.0	13688.0
6598.0	10114.0
9771.0	8625.0
1911.0	2541.0
7125.0	13142.0
5816.0	1408.0
9140.0	8406.0
6683.0	10117.0
5346.0	8132.0
8914.0	9254.0
11670.0	3690.0
6890.0	3447.0
7659.0	6900.0
7660.0	11709.0
11503.0	8276.0
9584.0	10492.0
8682.0	6607.0
1379.0	1401.0
7826.0	1294.0
7660.0	9882.0
130.0	12427.0
9775.0	1408.0
7354.0	6443.0
1646.0	1666.0
9104.0	9694.0
2518.0	7815.0
1926.0	4270.0
8305.0	9407.0
1020.0	13142.0
3728.0	13576.0
8314.0	6974.0
6196.0	6638.0
1890.0	12735.0
992.0	4017.0
6160.0	8837.0
8682.0	5168.0
8649.0	6528.0
5290.0	10543.0
457.0	182.0
10029.0	12607.0
7164.0	6025.0
6714.0	7319.0
801.0	815.0
453.0	1413.0
2533.0	2691.0
7939.0	12835.0
9037.0	12727.0
5652.0	10492.0
6765.0	11777.0
7401.0	7565.0
951.0	6209.0
1386.0	11343.0
8615.0	1408.0
3385.0	9723.0
3382.0	9723.0
3384.0	9723.0
3383.0	9723.0
8682.0	2747.0
7354.0	3230.0
9547.0	13700.0
10980.0	5085.0
4683.0	4776.0
10897.0	12648.0
10447.0	1653.0
11168.0	5976.0
2455.0	11319.0
134.0	11517.0
817.0	4334.0
5673.0	12228.0
4059.0	3062.0
817.0	12530.0
6890.0	8353.0
102.0	3699.0
1206.0	1932.0
3665.0	3734.0
7279.0	8066.0
7418.0	11587.0
4716.0	4422.0
6006.0	11374.0
8954.0	9623.0
9075.0	11472.0
992.0	8406.0
10980.0	10416.0
10364.0	3690.0
8210.0	3055.0
11371.0	11476.0
2183.0	11978.0
9567.0	10114.0
9314.0	5410.0
11441.0	4993.0
3953.0	12663.0
11802.0	13334.0
6899.0	4075.0
7418.0	8986.0
8217.0	11812.0
8307.0	9407.0
6717.0	11083.0
8682.0	9064.0
10242.0	11960.0
3382.0	1414.0
3385.0	1414.0
3384.0	1414.0
3383.0	1414.0
5346.0	13228.0
3330.0	1096.0
8954.0	11822.0
9055.0	3574.0
6009.0	3652.0
8364.0	2502.0
453.0	1412.0
7354.0	2676.0
2706.0	2750.0
9610.0	13167.0
9089.0	6331.0
7354.0	10051.0
7759.0	11913.0
1874.0	110.0
9879.0	5889.0
9461.0	10920.0
11735.0	10598.0
7898.0	8625.0
8720.0	3689.0
7.0	13882.0
5220.0	10492.0
4627.0	4719.0
6196.0	11857.0
10831.0	6441.0
290.0	296.0
5652.0	4015.0
1103.0	1124.0
10800.0	7727.0
950.0	1495.0
9917.0	5498.0
7006.0	7721.0
9783.0	2069.0
6965.0	13688.0
3598.0	1298.0
2339.0	2378.0
9879.0	7935.0
9631.0	8930.0
5206.0	5331.0
2437.0	2830.0
6965.0	11139.0
175.0	37.0
7335.0	2976.0
1676.0	1702.0
8901.0	13688.0
1654.0	7998.0
7078.0	6013.0
11036.0	13008.0
167.0	13286.0
674.0	8396.0
1222.0	832.0
10783.0	4030.0
6023.0	9239.0
11428.0	13524.0
3929.0	6954.0
8998.0	2290.0
3010.0	7987.0
3375.0	13077.0
5652.0	6011.0
8328.0	5425.0
4291.0	11374.0
7853.0	11362.0
1860.0	1890.0
1385.0	8837.0
8459.0	3433.0
8433.0	12427.0
3571.0	3220.0
6677.0	7269.0
3495.0	9294.0
10769.0	12607.0
5577.0	8893.0
7905.0	5824.0
3728.0	8523.0
6965.0	11116.0
11146.0	13153.0
1391.0	1410.0
6160.0	5625.0
8128.0	968.0
6621.0	2691.0
4015.0	11858.0
3728.0	7271.0
8409.0	1959.0
9089.0	8461.0
1806.0	2561.0
1985.0	2016.0
5618.0	968.0
11670.0	13837.0
10590.0	12406.0
41.0	2486.0
9514.0	5485.0
9165.0	6692.0
6171.0	9659.0
7922.0	2981.0
9483.0	10947.0
1263.0	1283.0
3953.0	8523.0
11094.0	13977.0
6063.0	7805.0
3492.0	7671.0
5871.0	8396.0
8217.0	8046.0
1708.0	133.0
3513.0	8238.0
1873.0	1903.0
1390.0	11362.0
7418.0	11850.0
8211.0	9284.0
3402.0	2044.0
5543.0	3054.0
5220.0	11709.0
2646.0	2700.0
6957.0	3689.0
6621.0	7071.0
7635.0	8534.0
7542.0	13167.0
9775.0	8837.0
9599.0	717.0
2722.0	2766.0
10447.0	11102.0
7630.0	4423.0
7609.0	1918.0
9089.0	10044.0
9314.0	6062.0
9917.0	1058.0
3998.0	11869.0
9771.0	7001.0
3728.0	8499.0
6621.0	5694.0
5316.0	10435.0
8663.0	9156.0
11492.0	4093.0
6777.0	7395.0
3375.0	13560.0
7679.0	6527.0
916.0	932.0
10536.0	8922.0
10769.0	11694.0
6899.0	11034.0
10447.0	9950.0
9514.0	11674.0
992.0	4014.0
10743.0	6527.0
11178.0	13192.0
7418.0	4015.0
2239.0	2160.0
2177.0	11139.0
9856.0	13688.0
6765.0	1092.0
11492.0	13604.0
10340.0	13414.0
11349.0	12097.0
11661.0	3574.0
1708.0	7302.0
11670.0	11083.0
8217.0	10310.0
1027.0	1048.0
8217.0	9156.0
8123.0	10416.0
10148.0	13203.0
7502.0	3446.0
7502.0	3444.0
7502.0	3445.0
7502.0	3443.0
7823.0	2198.0
4359.0	5449.0
2729.0	8396.0
7354.0	1762.0
7125.0	7869.0
3550.0	3613.0
11514.0	10313.0
10363.0	12610.0
7354.0	6109.0
2454.0	2495.0
9314.0	10362.0
198.0	7064.0
817.0	843.0
5652.0	11587.0
6174.0	6441.0
8494.0	9655.0
9398.0	10835.0
7256.0	5297.0
8682.0	7615.0
992.0	13405.0
2940.0	6450.0
2483.0	8815.0
5469.0	9950.0
7354.0	8554.0
1386.0	5422.0
6890.0	10670.0
4849.0	2199.0
4874.0	9045.0
7418.0	4014.0
8663.0	8396.0
7823.0	11771.0
2667.0	2700.0
7993.0	9254.0
881.0	2212.0
5241.0	5619.0
7028.0	326.0
11145.0	13934.0
8211.0	3689.0
11158.0	13405.0
10121.0	11139.0
7292.0	8084.0
41.0	2652.0
9140.0	12678.0
9514.0	4317.0
11670.0	11869.0
8516.0	12709.0
674.0	13294.0
8982.0	10589.0
7354.0	4125.0
7939.0	8935.0
3929.0	2748.0
794.0	808.0
6999.0	7713.0
8626.0	8132.0
3816.0	11083.0
1714.0	8656.0
7354.0	11074.0
8217.0	5894.0
6667.0	4315.0
4165.0	347.0
9496.0	13142.0
9603.0	8317.0
1870.0	2541.0
7.0	359.0
9216.0	3056.0
11741.0	13633.0
9104.0	4348.0
9599.0	5692.0
73.0	11996.0
9533.0	11014.0
11094.0	13540.0
7354.0	13679.0
7704.0	11335.0
8543.0	9714.0
647.0	658.0
255.0	8605.0
9140.0	6011.0
9726.0	3602.0
2312.0	1963.0
40.0	3638.0
2240.0	2274.0
1870.0	1938.0
3330.0	1097.0
1837.0	1864.0
11371.0	12926.0
9089.0	5956.0
8211.0	11116.0
6008.0	6385.0
9089.0	12226.0
5652.0	6206.0
6899.0	11116.0
4917.0	5014.0
9146.0	10499.0
6511.0	13688.0
3175.0	8523.0
1779.0	10487.0
8523.0	12648.0
8914.0	1408.0
9539.0	7921.0
8745.0	10858.0
6270.0	11426.0
7981.0	8988.0
5497.0	5724.0
5652.0	9882.0
9631.0	11083.0
9070.0	12607.0
5914.0	7009.0
6765.0	9107.0
11269.0	5634.0
5454.0	5670.0
9681.0	12607.0
9514.0	5231.0
6209.0	8773.0
11670.0	11587.0
6860.0	8525.0
8314.0	9723.0
7759.0	9352.0
10903.0	12828.0
8217.0	9008.0
11492.0	6011.0
8224.0	8629.0
11168.0	13248.0
9832.0	6064.0
9045.0	4949.0
7164.0	12234.0
130.0	8412.0
525.0	534.0
5220.0	2770.0
5469.0	6025.0
6317.0	13688.0
5365.0	12586.0
8056.0	2069.0
8217.0	10227.0
9514.0	11373.0
3623.0	6961.0
255.0	1257.0
6765.0	12974.0
7354.0	3878.0
2037.0	13167.0
6965.0	4075.0
4676.0	3450.0
7650.0	8554.0
10648.0	6465.0
6165.0	108.0
7816.0	987.0
11741.0	5619.0
4514.0	4599.0
41.0	3420.0
11138.0	13626.0
2729.0	8930.0
8056.0	11587.0
11158.0	13688.0
74.0	6003.0
9514.0	9759.0
10817.0	6545.0
6890.0	9254.0
9514.0	11779.0
7962.0	7921.0
11371.0	4973.0
849.0	1735.0
674.0	11034.0
5736.0	10858.0
10234.0	8096.0
9917.0	10238.0
11087.0	10594.0
11193.0	3689.0
9514.0	3368.0
2533.0	2635.0
8361.0	13688.0
5220.0	6641.0
3375.0	10594.0
5798.0	7921.0
5220.0	11869.0
7542.0	8569.0
6755.0	2502.0
3333.0	3387.0
7540.0	8294.0
11087.0	11206.0
10332.0	12632.0
8821.0	2380.0
5685.0	717.0
5736.0	11857.0
5652.0	8569.0
10872.0	12215.0
8144.0	9199.0
11116.0	13117.0
9140.0	13167.0
8523.0	11014.0
2658.0	2702.0
4394.0	4475.0
5652.0	11869.0
8025.0	10415.0
8891.0	10594.0
5871.0	13688.0
4326.0	4253.0
5652.0	2770.0
123.0	13361.0
10212.0	3572.0
4119.0	4165.0
4988.0	5087.0
7957.0	13337.0
8356.0	3434.0
11452.0	11343.0
142.0	11977.0
6511.0	8569.0
7679.0	12607.0
6173.0	13431.0
6890.0	3449.0
11551.0	4075.0
2037.0	8406.0
304.0	7077.0
2010.0	2158.0
10206.0	11914.0
9694.0	12209.0
9417.0	7877.0
10741.0	12603.0
6511.0	11034.0
674.0	11139.0
921.0	937.0
73.0	10683.0
9075.0	7162.0
8217.0	4092.0
9783.0	2211.0
6661.0	11116.0
8901.0	8396.0
3474.0	3616.0
4027.0	4105.0
10428.0	11105.0
6661.0	7569.0
9567.0	12031.0
10077.0	11755.0
817.0	8962.0
7979.0	9291.0
8901.0	11709.0
9783.0	13167.0
5577.0	9004.0
11492.0	11139.0
10897.0	11014.0
5652.0	9291.0
5220.0	13688.0
9547.0	8396.0
186.0	8684.0
6222.0	7693.0
950.0	9177.0
9547.0	7569.0
9917.0	439.0
5652.0	10706.0
8977.0	10278.0
11492.0	7569.0
8056.0	8986.0
6902.0	789.0
6511.0	8396.0
9783.0	6206.0
2722.0	528.0
9089.0	7653.0
9307.0	6900.0
7354.0	4622.0
6317.0	7569.0
8891.0	10175.0
3385.0	10231.0
3383.0	10231.0
3382.0	10231.0
3384.0	10231.0
7926.0	8916.0
9759.0	11317.0
9070.0	13629.0
906.0	553.0
4363.0	2502.0
4490.0	4574.0
3350.0	10406.0
8217.0	13700.0
5290.0	5976.0
8217.0	7119.0
362.0	4246.0
11136.0	12607.0
4397.0	4478.0
7979.0	8930.0
10104.0	13180.0
9707.0	5670.0
11371.0	7827.0
11615.0	11479.0
10373.0	3689.0
674.0	11083.0
5682.0	5955.0
8889.0	10173.0
1830.0	1858.0
8217.0	10706.0
8307.0	9630.0
7801.0	12607.0
5469.0	9977.0
5381.0	8775.0
6679.0	4768.0
5504.0	5733.0
6499.0	7029.0
4272.0	4877.0
10764.0	6465.0
6023.0	7069.0
4065.0	4197.0
9599.0	5670.0
11247.0	13028.0
3776.0	3851.0
7979.0	11116.0
1385.0	9254.0
6222.0	6692.0
3375.0	13629.0
6717.0	8396.0
9036.0	13626.0
8056.0	9291.0
6174.0	7276.0
10373.0	12678.0
7979.0	10069.0
9089.0	6241.0
3888.0	3963.0
7417.0	8241.0
8018.0	6778.0
7418.0	11402.0
1386.0	3447.0
9514.0	13244.0
7193.0	6396.0
9072.0	11709.0
9783.0	12678.0
11449.0	5378.0
11087.0	12648.0
2177.0	8930.0
6196.0	9977.0
6164.0	13167.0
8151.0	9209.0
7354.0	2774.0
2178.0	2213.0
9514.0	10512.0
10029.0	13142.0
4059.0	1938.0
3010.0	3055.0
8217.0	13628.0
6511.0	7569.0
701.0	712.0
9939.0	11563.0
5086.0	5187.0
3340.0	1456.0
9589.0	11089.0
3332.0	3389.0
10599.0	8771.0
11247.0	12340.0
9140.0	9882.0
10888.0	8930.0
3529.0	8256.0
9049.0	5459.0
968.0	991.0
4395.0	4476.0
6317.0	4075.0
7338.0	9130.0
73.0	77.0
3389.0	4768.0
4326.0	12648.0
9165.0	13142.0
5220.0	10409.0
769.0	773.0
9603.0	5589.0
1837.0	1866.0
11371.0	9004.0
9832.0	8231.0
6838.0	12275.0
7853.0	3440.0
8459.0	10594.0
831.0	3409.0
4848.0	12733.0
5736.0	5692.0
3759.0	3833.0
10817.0	3568.0
10945.0	12883.0
8891.0	6338.0
8635.0	12406.0
304.0	3811.0
8025.0	9441.0
1262.0	3009.0
2347.0	2349.0
1262.0	967.0
3010.0	10926.0
3689.0	3653.0
4840.0	1942.0
9610.0	10492.0
9783.0	8569.0
10730.0	5410.0
2928.0	2971.0
5816.0	1413.0
11465.0	2747.0
5220.0	7569.0
3638.0	3706.0
8314.0	10670.0
11371.0	5168.0
9787.0	11357.0
5220.0	11083.0
2461.0	2504.0
2686.0	2735.0
1446.0	10941.0
2478.0	2519.0
6904.0	7576.0
10897.0	4253.0
10752.0	7557.0
3400.0	3461.0
5618.0	12544.0
3387.0	1409.0
6287.0	4050.0
6102.0	3689.0
8459.0	12648.0
5220.0	3689.0
11371.0	9694.0
6724.0	7332.0
9547.0	13688.0
5062.0	5164.0
3498.0	13965.0
7801.0	13142.0
8827.0	11512.0
5971.0	6338.0
2070.0	2102.0
6661.0	11034.0
6899.0	8046.0
5346.0	8773.0
9961.0	3574.0
8525.0	7859.0
337.0	9708.0
6890.0	3448.0
6238.0	13629.0
3346.0	3400.0
9089.0	3372.0
5703.0	5985.0
7542.0	8986.0
3492.0	5946.0
4745.0	4840.0
4272.0	4726.0
7999.0	8236.0
4497.0	4581.0
4875.0	12209.0
9427.0	10874.0
6661.0	8930.0
7659.0	3056.0
3383.0	1408.0
3382.0	1408.0
3384.0	1408.0
3385.0	1408.0
8217.0	12752.0
7124.0	12380.0
6717.0	13688.0
8891.0	6527.0
817.0	2196.0
6281.0	4293.0
9104.0	1058.0
6430.0	10594.0
6430.0	12648.0
1227.0	1947.0
4272.0	4354.0
8901.0	11034.0
7625.0	4711.0
1387.0	3448.0
9783.0	11850.0
1386.0	12647.0
2614.0	8785.0
7853.0	13075.0
4514.0	6465.0
109.0	12078.0
6765.0	9731.0
4720.0	9452.0
11099.0	13091.0
5685.0	11374.0
10497.0	8930.0
11178.0	7805.0
9879.0	8625.0
8050.0	11089.0
1870.0	3396.0
7659.0	11357.0
249.0	255.0
6661.0	11083.0
4343.0	4424.0
5512.0	5745.0
9334.0	9542.0
463.0	288.0
282.0	472.0
11545.0	3056.0
3998.0	10069.0
2989.0	1244.0
6890.0	1412.0
8046.0	3056.0
1717.0	1746.0
8622.0	9831.0
7660.0	8930.0
3702.0	6570.0
4999.0	8084.0
6317.0	11116.0
8985.0	10293.0
11751.0	3067.0
798.0	812.0
1482.0	3192.0
10914.0	6566.0
9554.0	8873.0
4840.0	1938.0
11141.0	13148.0
856.0	1327.0
7354.0	2008.0
11667.0	4136.0
6965.0	11709.0
3846.0	3694.0
11511.0	3433.0
11349.0	12546.0
10701.0	13414.0
102.0	11564.0
3500.0	3561.0
4840.0	3396.0
1386.0	6258.0
5934.0	6286.0
6764.0	6527.0
5827.0	6147.0
6164.0	8930.0
2177.0	12996.0
5866.0	5640.0
7542.0	11402.0
9771.0	10295.0
9280.0	717.0
5652.0	13167.0
7347.0	8151.0
2703.0	3895.0
5241.0	13633.0
674.0	7569.0
4575.0	6142.0
3820.0	7575.0
73.0	4255.0
7354.0	344.0
9610.0	8236.0
9140.0	9087.0
901.0	4936.0
6661.0	4093.0
9610.0	9087.0
6164.0	8569.0
3382.0	11697.0
3385.0	11697.0
3383.0	11697.0
3384.0	11697.0
7759.0	13741.0
1501.0	945.0
2625.0	2669.0
1386.0	9254.0
5220.0	4093.0
9783.0	4017.0
1386.0	10203.0
11492.0	7246.0
130.0	5624.0
11024.0	3689.0
3689.0	3761.0
9140.0	7246.0
6287.0	13003.0
212.0	441.0
1907.0	917.0
8025.0	7162.0
3938.0	8236.0
10572.0	12383.0
821.0	836.0
7028.0	8276.0
9063.0	1806.0
8814.0	8236.0
6023.0	3590.0
8314.0	9254.0
4874.0	10415.0
10371.0	12138.0
198.0	3223.0
8823.0	10922.0
7857.0	2096.0
8390.0	10779.0
3340.0	1000.0
3482.0	10639.0
6164.0	9835.0
5302.0	6449.0
9597.0	10709.0
6906.0	12606.0
8468.0	9623.0
9347.0	10769.0
9165.0	9583.0
1387.0	8837.0
6160.0	3448.0
8604.0	6062.0
7614.0	4768.0
7898.0	11479.0
5255.0	1249.0
2177.0	3689.0
2452.0	2493.0
8901.0	8569.0
4875.0	11105.0
9089.0	315.0
10373.0	5232.0
6661.0	8569.0
2675.0	2719.0
5413.0	9423.0
10784.0	13524.0
10332.0	5791.0
5489.0	3689.0
10849.0	13167.0
364.0	12898.0
11145.0	6164.0
2470.0	1938.0
5345.0	10416.0
8361.0	8930.0
7354.0	8021.0
3929.0	2747.0
10373.0	13688.0
10805.0	8111.0
925.0	10255.0
5545.0	10594.0
7936.0	13688.0
11317.0	2607.0
3847.0	626.0
10785.0	4063.0
153.0	158.0
5971.0	10594.0
11488.0	13599.0
9514.0	12226.0
3010.0	8136.0
11670.0	12678.0
2722.0	8481.0
9879.0	9021.0
3856.0	7031.0
9832.0	372.0
3938.0	11034.0
992.0	10680.0
9567.0	5740.0
8314.0	1410.0
2277.0	2314.0
5673.0	13346.0
10800.0	9240.0
9514.0	12635.0
10886.0	8396.0
9104.0	8574.0
6422.0	11426.0
3010.0	7273.0
7525.0	12676.0
11371.0	5194.0
2069.0	2101.0
1228.0	12663.0
10571.0	7535.0
11080.0	13069.0
9603.0	3972.0
9584.0	11402.0
9681.0	11014.0
3847.0	3925.0
2055.0	1100.0
1103.0	2928.0
5057.0	5159.0
2028.0	4738.0
3728.0	8958.0
3627.0	3695.0
1911.0	1900.0
3350.0	11206.0
7979.0	4093.0
8764.0	10001.0
9594.0	13599.0
7542.0	6206.0
2177.0	11709.0
6717.0	4093.0
10886.0	3689.0
7354.0	9472.0
2722.0	6046.0
3386.0	3439.0
11169.0	10157.0
3387.0	8837.0
6482.0	7006.0
1779.0	13554.0
5698.0	3689.0
7542.0	5449.0
8314.0	5625.0
7092.0	9441.0
4476.0	4572.0
1389.0	1408.0
6535.0	11933.0
3820.0	3699.0
6008.0	12894.0
8217.0	9835.0
7999.0	10069.0
8525.0	5824.0
5577.0	9695.0
5273.0	3433.0
817.0	12855.0
9140.0	10680.0
9889.0	11494.0
10332.0	9488.0
5002.0	10392.0
10536.0	12485.0
8217.0	3622.0
6626.0	11933.0
11037.0	13009.0
8891.0	13077.0
9610.0	9291.0
951.0	9177.0
7849.0	8819.0
7823.0	1288.0
6661.0	13688.0
6430.0	11206.0
4246.0	4327.0
9089.0	10598.0
1103.0	3456.0
9631.0	11116.0
5736.0	5670.0
8682.0	5881.0
5241.0	12992.0
1703.0	1732.0
1569.0	1592.0
7102.0	4314.0
7418.0	4017.0
11670.0	8406.0
3929.0	4345.0
5652.0	8406.0
6903.0	7575.0
9631.0	11869.0
9146.0	10934.0
5220.0	11034.0
6009.0	12621.0
11551.0	11116.0
10364.0	9882.0
7359.0	11978.0
4390.0	4471.0
6485.0	11357.0
3010.0	961.0
5302.0	5946.0
5708.0	5991.0
6695.0	1052.0
1925.0	5192.0
6112.0	12607.0
6989.0	1903.0
3402.0	3464.0
9917.0	3684.0
8361.0	4093.0
5731.0	6075.0
4291.0	13710.0
2186.0	203.0
7354.0	11674.0
8361.0	11083.0
1392.0	7557.0
7418.0	6011.0
6598.0	5569.0
3864.0	3939.0
8657.0	8429.0
6315.0	3689.0
3875.0	3935.0
4875.0	6834.0
6448.0	990.0
5902.0	11317.0
8211.0	8396.0
8217.0	12141.0
550.0	8736.0
8891.0	12648.0
7542.0	8236.0
4986.0	10073.0
11371.0	13731.0
951.0	12745.0
8364.0	13553.0
2703.0	13572.0
849.0	2373.0
2777.0	2820.0
4065.0	12927.0
7542.0	9882.0
6222.0	559.0
7801.0	12648.0
8877.0	13586.0
10897.0	9614.0
5469.0	13228.0
5290.0	9758.0
6023.0	5419.0
6196.0	11499.0
1641.0	1665.0
9496.0	12648.0
6764.0	13142.0
992.0	3690.0
11380.0	11402.0
3820.0	7448.0
8910.0	10416.0
4656.0	3056.0
8128.0	13057.0
10029.0	11206.0
11503.0	5482.0
2518.0	4739.0
9790.0	1413.0
9104.0	28.0
6899.0	6011.0
5119.0	8085.0
1482.0	1505.0
11670.0	6011.0
4165.0	348.0
9603.0	12187.0
6317.0	11083.0
9917.0	12898.0
9584.0	11869.0
7386.0	8198.0
8217.0	10542.0
3500.0	10867.0
11514.0	12275.0
6830.0	5360.0
10373.0	10744.0
2037.0	11139.0
2667.0	2576.0
9514.0	12580.0
4258.0	4110.0
10897.0	9294.0
2743.0	8396.0
6511.0	11709.0
4119.0	12927.0
9783.0	13018.0
6317.0	11709.0
1034.0	1045.0
709.0	10756.0
3850.0	2275.0
8056.0	9882.0
11101.0	717.0
3938.0	6206.0
5070.0	4971.0
6764.0	11206.0
1482.0	9273.0
8171.0	9239.0
7609.0	4411.0
3953.0	3222.0
453.0	6134.0
6890.0	10203.0
9872.0	9441.0
5545.0	10406.0
257.0	6528.0
8217.0	5449.0
8299.0	8664.0
6222.0	12607.0
2965.0	3011.0
11306.0	10096.0
2037.0	4093.0
10364.0	8930.0
9631.0	4093.0
3847.0	6135.0
8217.0	13837.0
8722.0	9950.0
3998.0	11587.0
9917.0	12744.0
3899.0	2980.0
3020.0	1453.0
5971.0	13077.0
11492.0	11083.0
3929.0	7615.0
8804.0	6900.0
10924.0	5013.0
8818.0	10416.0
1812.0	10615.0
9186.0	12648.0
5199.0	6146.0
6764.0	3433.0
9707.0	11246.0
8390.0	4512.0
9599.0	9977.0
9140.0	3690.0
11269.0	9199.0
5199.0	9645.0
8538.0	3936.0
8056.0	9087.0
7999.0	10492.0
6222.0	11292.0
2010.0	2044.0
932.0	948.0
2963.0	3008.0
10912.0	12747.0
4656.0	6900.0
12.0	11000.0
7905.0	13542.0
9165.0	9294.0
2458.0	12992.0
5810.0	6127.0
5763.0	2004.0
4512.0	6627.0
9104.0	10487.0
10364.0	12804.0
6063.0	3056.0
5117.0	8085.0
6783.0	13572.0
1327.0	5709.0
5548.0	6062.0
2683.0	2735.0
5652.0	12678.0
9089.0	12649.0
992.0	808.0
10568.0	1600.0
6621.0	13173.0
7801.0	11206.0
10447.0	10579.0
6666.0	7252.0
9368.0	10794.0
9152.0	5978.0
1837.0	1863.0
951.0	183.0
7951.0	8396.0
8250.0	3222.0
817.0	8923.0
11633.0	3689.0
10817.0	3569.0
9063.0	13857.0
7932.0	8926.0
9186.0	9614.0
7262.0	4093.0
3016.0	917.0
10783.0	8499.0
6717.0	7569.0
1875.0	1905.0
8056.0	8236.0
7679.0	11206.0
9152.0	5326.0
2920.0	2966.0
8663.0	8930.0
7801.0	8758.0
7418.0	8569.0
9104.0	6954.0
1906.0	7155.0
1262.0	3400.0
8497.0	2888.0
8299.0	9398.0
8364.0	2496.0
8217.0	6515.0
9681.0	9294.0
1907.0	2541.0
8276.0	11461.0
9072.0	8396.0
2683.0	11371.0
6957.0	13688.0
7979.0	4075.0
10743.0	11206.0
10902.0	110.0
10784.0	5394.0
11743.0	7508.0
6317.0	4093.0
1578.0	1601.0
7502.0	3447.0
6661.0	10492.0
1797.0	8163.0
992.0	10542.0
9070.0	9614.0
6852.0	8922.0
10029.0	10594.0
8626.0	4017.0
6063.0	6900.0
5481.0	2488.0
9783.0	3891.0
11195.0	13213.0
10849.0	11709.0
8682.0	1841.0
9584.0	10069.0
5481.0	12366.0
8217.0	13018.0
7354.0	519.0
8314.0	10203.0
7354.0	12044.0
11514.0	5791.0
5481.0	600.0
968.0	990.0
11802.0	6827.0
6904.0	10779.0
2177.0	7569.0
8056.0	6206.0
7262.0	13793.0
7262.0	6011.0
3010.0	9073.0
8821.0	1901.0
1871.0	4814.0
5940.0	7332.0
8018.0	8081.0
1899.0	1930.0
1901.0	1227.0
2518.0	12441.0
6621.0	2004.0
1673.0	1699.0
10554.0	3761.0
9220.0	10406.0
7979.0	4014.0
2050.0	10298.0
5274.0	8958.0
