7792.0	7536.0
1058.0	1054.0
6513.0	6379.0
3603.0	3580.0
11095.0	10520.0
13977.0	13157.0
6431.0	6305.0
9793.0	9347.0
6432.0	6306.0
10163.0	9685.0
6692.0	6545.0
11479.0	10867.0
2190.0	2173.0
8347.0	8046.0
6860.0	6695.0
6706.0	6558.0
10540.0	10030.0
10238.0	1054.0
7661.0	7418.0
2068.0	2052.0
13599.0	12812.0
2744.0	2725.0
10435.0	9930.0
6978.0	6802.0
11841.0	11199.0
13248.0	12493.0
9776.0	9334.0
13965.0	13146.0
13608.0	12821.0
9080.0	8704.0
5946.0	5859.0
3585.0	3562.0
3602.0	3579.0
9064.0	8689.0
6128.0	6029.0
11483.0	10869.0
3550.0	3527.0
6968.0	6795.0
8252.0	7961.0
10238.0	9754.0
3572.0	3549.0
453.0	451.0
10639.0	10118.0
11829.0	11188.0
9473.0	9058.0
8151.0	7868.0
12473.0	11781.0
8414.0	8106.0
9935.0	9471.0
11060.0	10488.0
10590.0	10075.0
8862.0	8500.0
12116.0	11451.0
8116.0	7840.0
3594.0	3571.0
7717.0	7466.0
11089.0	10515.0
11479.0	10524.0
2679.0	2660.0
9691.0	9256.0
11099.0	10524.0
8625.0	8290.0
3606.0	3583.0
3601.0	3578.0
5840.0	5761.0
3588.0	3583.0
3546.0	3523.0
6981.0	6805.0
3588.0	3565.0
11414.0	10808.0
5976.0	5887.0
9846.0	9392.0
8884.0	8520.0
10117.0	9640.0
9661.0	9227.0
201.0	199.0
8065.0	7793.0
9507.0	9084.0
6671.0	6524.0
3581.0	3558.0
9684.0	6306.0
5810.0	5733.0
5717.0	5648.0
10094.0	9618.0
2749.0	2730.0
8183.0	7899.0
8625.0	8433.0
11231.0	10647.0
12844.0	12117.0
330.0	328.0
8419.0	8111.0
7594.0	7357.0
5443.0	5393.0
8045.0	7773.0
10463.0	9957.0
6834.0	6671.0
6859.0	6694.0
6163.0	6062.0
8544.0	8219.0
10107.0	9630.0
3592.0	3569.0
6333.0	6214.0
12035.0	11377.0
13334.0	12578.0
5498.0	5444.0
3589.0	3566.0
12516.0	11823.0
11667.0	11038.0
8663.0	8326.0
13593.0	12807.0
108.0	107.0
5680.0	5613.0
8353.0	8052.0
9922.0	9459.0
8885.0	8521.0
9603.0	9172.0
101.0	100.0
8295.0	7996.0
1677.0	1662.0
7095.0	6914.0
4254.0	4228.0
5419.0	5370.0
9239.0	8851.0
12031.0	11373.0
8884.0	7666.0
6745.0	5733.0
8575.0	8245.0
12657.0	11950.0
8114.0	7838.0
1923.0	1907.0
11099.0	10867.0
8404.0	8098.0
6403.0	6281.0
9327.0	8932.0
11913.0	11263.0
7562.0	7332.0
11592.0	10972.0
11921.0	11271.0
13819.0	13016.0
7449.0	7233.0
10312.0	9818.0
80.0	79.0
9112.0	8735.0
9911.0	9450.0
10486.0	9980.0
10401.0	9896.0
8731.0	8381.0
3598.0	3575.0
7903.0	7638.0
2460.0	2442.0
11335.0	10737.0
9693.0	9258.0
3559.0	3536.0
11057.0	10485.0
6223.0	6113.0
11129.0	10553.0
13428.0	12660.0
258.0	256.0
6493.0	6363.0
10530.0	10021.0
6146.0	6045.0
13248.0	5887.0
7088.0	6907.0
7841.0	7583.0
7647.0	7405.0
1125.0	1121.0
10796.0	10254.0
7162.0	6978.0
8667.0	8330.0
8620.0	8285.0
5888.0	5806.0
7401.0	7189.0
11060.0	11294.0
10808.0	10264.0
9691.0	6545.0
8785.0	8433.0
10452.0	9947.0
6035.0	5943.0
2005.0	1989.0
13629.0	12842.0
3583.0	3560.0
6161.0	6060.0
10942.0	10381.0
6256.0	6143.0
6745.0	11781.0
7387.0	7176.0
9936.0	9472.0
8891.0	8527.0
10114.0	9637.0
6620.0	6475.0
11022.0	10452.0
4344.0	4318.0
13323.0	12567.0
9161.0	8780.0
11724.0	11095.0
6848.0	6683.0
9018.0	8645.0
10809.0	10265.0
3662.0	3639.0
9572.0	9142.0
5976.0	12493.0
13766.0	12969.0
3559.0	6671.0
8169.0	7885.0
7935.0	7666.0
8039.0	7767.0
3688.0	3664.0
12535.0	11841.0
7659.0	7416.0
2262.0	2245.0
8926.0	8560.0
3146.0	3126.0
6335.0	6216.0
6881.0	6714.0
7597.0	7359.0
3595.0	3572.0
11061.0	10489.0
11335.0	6825.0
12724.0	12010.0
9645.0	9211.0
10916.0	10359.0
5919.0	5833.0
6683.0	6536.0
5900.0	5817.0
10540.0	8111.0
8419.0	10030.0
9460.0	10928.0
8854.0	8493.0
13205.0	12454.0
12764.0	12044.0
7832.0	7575.0
9080.0	10515.0
6867.0	6701.0
10165.0	9687.0
3597.0	3574.0
13078.0	12333.0
424.0	422.0
13096.0	12351.0
13626.0	12839.0
6881.0	8272.0
9684.0	9249.0
7812.0	7555.0
1058.0	9754.0
8775.0	13157.0
12637.0	11932.0
8957.0	8589.0
10098.0	9622.0
9994.0	9528.0
13759.0	12962.0
4348.0	4322.0
12873.0	12145.0
13572.0	12787.0
8869.0	8506.0
13629.0	9256.0
11189.0	10610.0
90.0	89.0
10793.0	10252.0
3548.0	3525.0
3606.0	3565.0
11512.0	13157.0
9167.0	8786.0
6341.0	6222.0
2334.0	2316.0
9846.0	11718.0
3564.0	3541.0
8241.0	7950.0
13410.0	12647.0
5738.0	5667.0
412.0	410.0
10463.0	13157.0
12391.0	11705.0
13752.0	12955.0
9904.0	9444.0
3600.0	3577.0
4439.0	4413.0
13248.0	12428.0
12803.0	12080.0
10617.0	10102.0
5621.0	5556.0
3556.0	3533.0
12181.0	11507.0
11667.0	6324.0
6653.0	6508.0
2044.0	2028.0
1721.0	1706.0
6210.0	6102.0
6497.0	6366.0
10715.0	10181.0
4316.0	4290.0
3562.0	3539.0
7684.0	7439.0
8168.0	7884.0
5189.0	5160.0
8699.0	11263.0
1401.0	1389.0
6190.0	7950.0
12374.0	11690.0
5840.0	6978.0
3981.0	3955.0
10295.0	9805.0
1841.0	8689.0
44.0	43.0
10019.0	9551.0
11375.0	10773.0
1389.0	1377.0
3577.0	3554.0
13179.0	12428.0
11693.0	11064.0
8822.0	8469.0
3561.0	10030.0
11263.0	10675.0
10571.0	10059.0
6698.0	6550.0
8404.0	12660.0
11946.0	10488.0
11795.0	11157.0
8607.0	8272.0
6978.0	9258.0
9693.0	6802.0
13478.0	12821.0
7380.0	7170.0
7069.0	8851.0
9281.0	8890.0
6450.0	6324.0
3574.0	3551.0
260.0	258.0
221.0	219.0
7717.0	12821.0
1323.0	1311.0
13576.0	12791.0
9352.0	12945.0
6387.0	6265.0
8377.0	8074.0
962.0	959.0
13629.0	6545.0
9352.0	9450.0
8967.0	8597.0
8036.0	7764.0
10624.0	6306.0
5432.0	5383.0
425.0	423.0
7926.0	7658.0
12128.0	11462.0
31.0	30.0
13280.0	12525.0
3590.0	3567.0
12472.0	11780.0
9510.0	9087.0
13122.0	12375.0
10109.0	9632.0
6834.0	3536.0
6318.0	6199.0
10349.0	9850.0
10262.0	9776.0
11544.0	10928.0
3983.0	3957.0
6122.0	6023.0
3560.0	3537.0
7001.0	6825.0
10963.0	10402.0
5840.0	11823.0
4958.0	4930.0
8390.0	8087.0
10030.0	9561.0
4008.0	3982.0
6043.0	5950.0
7162.0	5761.0
10505.0	9998.0
11993.0	11336.0
440.0	438.0
7491.0	7269.0
13706.0	12911.0
11946.0	11294.0
3578.0	3555.0
10790.0	10250.0
8877.0	8514.0
6303.0	6187.0
6496.0	6365.0
6405.0	6283.0
7095.0	6534.0
2640.0	2621.0
1641.0	1627.0
4026.0	4000.0
5740.0	5669.0
6692.0	9256.0
6275.0	6160.0
7618.0	7379.0
5840.0	7868.0
4246.0	4220.0
10170.0	9691.0
12855.0	12128.0
8823.0	8470.0
5517.0	5462.0
13112.0	12365.0
3443.0	3421.0
3443.0	3424.0
3446.0	3424.0
3445.0	3423.0
3445.0	3422.0
3445.0	3421.0
3446.0	3421.0
3446.0	3422.0
3445.0	3424.0
3444.0	3423.0
3446.0	3423.0
3443.0	3423.0
3444.0	3421.0
3444.0	3422.0
3443.0	3422.0
3444.0	3424.0
10238.0	10898.0
8859.0	8497.0
7069.0	5370.0
8508.0	8187.0
7095.0	6508.0
12516.0	5761.0
3598.0	12903.0
9420.0	9012.0
5492.0	5438.0
5914.0	8689.0
10436.0	9931.0
11977.0	11321.0
9691.0	12842.0
8394.0	8090.0
6092.0	7838.0
2657.0	2638.0
6764.0	6608.0
2689.0	2670.0
3543.0	3520.0
10998.0	10430.0
12304.0	11624.0
5465.0	5414.0
11789.0	11151.0
6996.0	6820.0
10063.0	9590.0
13482.0	12707.0
9392.0	8988.0
9147.0	8766.0
4949.0	4921.0
5419.0	12839.0
6653.0	6914.0
7339.0	7135.0
10590.0	3569.0
7850.0	7590.0
10886.0	10332.0
1639.0	1625.0
11877.0	11233.0
7162.0	7868.0
12086.0	11422.0
3561.0	3538.0
110.0	109.0
8667.0	7379.0
9837.0	9383.0
261.0	259.0
5532.0	5475.0
5606.0	5541.0
3593.0	3570.0
9121.0	8744.0
3579.0	3556.0
12709.0	11995.0
10429.0	9924.0
1812.0	1797.0
11505.0	10890.0
6316.0	6197.0
10432.0	9927.0
8220.0	7931.0
6827.0	6664.0
9590.0	9160.0
11061.0	6914.0
4729.0	4703.0
12005.0	11348.0
3565.0	3542.0
5379.0	5333.0
13630.0	12843.0
13886.0	13075.0
4617.0	4591.0
7182.0	6994.0
10360.0	9860.0
13626.0	8851.0
9691.0	3533.0
342.0	340.0
5767.0	5695.0
13977.0	9957.0
10575.0	10062.0
12667.0	11959.0
1235.0	1223.0
3700.0	3676.0
12291.0	11612.0
375.0	373.0
9932.0	9468.0
10283.0	9794.0
6956.0	6783.0
3561.0	8111.0
10400.0	9895.0
11042.0	10471.0
2657.0	8433.0
423.0	421.0
12412.0	11724.0
7984.0	7713.0
13179.0	12493.0
5976.0	12428.0
5449.0	5398.0
2059.0	2043.0
11272.0	10683.0
7443.0	7228.0
6450.0	11038.0
7760.0	7506.0
7644.0	7402.0
2587.0	2568.0
10980.0	10415.0
3837.0	3811.0
5972.0	5883.0
11391.0	10787.0
7562.0	10264.0
8856.0	8494.0
7805.0	7548.0
247.0	245.0
13992.0	13172.0
3212.0	3192.0
9646.0	9212.0
11377.0	10775.0
11125.0	10550.0
13058.0	12314.0
8732.0	8382.0
5840.0	9637.0
8916.0	8550.0
13796.0	12994.0
8852.0	8491.0
8158.0	7875.0
11089.0	8704.0
13257.0	12502.0
7884.0	7620.0
8154.0	7871.0
7095.0	10489.0
6973.0	6799.0
12184.0	11510.0
9239.0	12839.0
7438.0	7223.0
973.0	970.0
13626.0	5370.0
6933.0	6763.0
7040.0	6863.0
12539.0	11844.0
12228.0	11551.0
9352.0	8954.0
7788.0	7532.0
10104.0	9627.0
3559.0	13146.0
13540.0	12821.0
13641.0	12852.0
5773.0	5701.0
6570.0	6428.0
3580.0	3557.0
5486.0	5432.0
9708.0	9272.0
7648.0	7406.0
6714.0	6564.0
2709.0	2690.0
5323.0	5283.0
5079.0	5051.0
9583.0	6545.0
8625.0	2638.0
4204.0	4178.0
12778.0	12058.0
12758.0	12040.0
4395.0	4369.0
6561.0	6421.0
13179.0	5887.0
6925.0	6757.0
10777.0	10237.0
6410.0	6286.0
5117.0	5089.0
13428.0	8098.0
6681.0	6534.0
13741.0	12945.0
9449.0	9036.0
5440.0	5391.0
61.0	60.0
9108.0	8731.0
1485.0	1473.0
5881.0	5800.0
6028.0	5938.0
8771.0	8420.0
4625.0	4599.0
3058.0	3038.0
2565.0	2546.0
9603.0	6060.0
8975.0	8604.0
11435.0	10827.0
10979.0	10414.0
13449.0	12678.0
5872.0	5791.0
4437.0	4411.0
4925.0	4897.0
3557.0	3534.0
12744.0	12029.0
8540.0	8215.0
840.0	837.0
9945.0	6508.0
1424.0	1412.0
373.0	371.0
13316.0	12561.0
3567.0	3544.0
6092.0	5994.0
12696.0	11983.0
9754.0	9314.0
7706.0	7457.0
8065.0	12903.0
3741.0	3716.0
3592.0	10075.0
5013.0	4985.0
8449.0	8136.0
11141.0	10565.0
1709.0	1694.0
116.0	115.0
11061.0	6534.0
12142.0	11474.0
11061.0	6508.0
118.0	117.0
5727.0	5657.0
12198.0	11524.0
2676.0	2657.0
9420.0	12911.0
9945.0	6534.0
312.0	310.0
280.0	278.0
13412.0	12649.0
12852.0	12125.0
9438.0	9026.0
11331.0	10734.0
11512.0	9957.0
8397.0	8093.0
9960.0	9496.0
11574.0	10955.0
13602.0	12815.0
2158.0	2141.0
11772.0	11136.0
8065.0	7466.0
9735.0	9296.0
8949.0	8581.0
3590.0	8851.0
189.0	187.0
3568.0	3545.0
7508.0	7286.0
107.0	106.0
6013.0	5923.0
3570.0	3547.0
7717.0	7793.0
13075.0	12330.0
9511.0	9088.0
8162.0	7878.0
1306.0	1294.0
11943.0	11291.0
296.0	294.0
3594.0	6863.0
8398.0	8094.0
8054.0	7782.0
4575.0	4549.0
13106.0	12359.0
7659.0	8560.0
11059.0	10487.0
4131.0	4105.0
11555.0	10938.0
10808.0	7332.0
7058.0	6428.0
4440.0	4414.0
7328.0	7125.0
13706.0	9012.0
13642.0	12853.0
12529.0	11835.0
13540.0	6863.0
2593.0	2574.0
358.0	356.0
6549.0	6410.0
8241.0	10075.0
32.0	31.0
13249.0	12494.0
6161.0	9172.0
11165.0	10588.0
11921.0	6281.0
5568.0	5508.0
11840.0	11198.0
10253.0	9767.0
3698.0	3674.0
12516.0	7868.0
7562.0	9924.0
4622.0	4596.0
9460.0	9047.0
1529.0	1516.0
10459.0	256.0
8699.0	9450.0
8785.0	8290.0
11404.0	10798.0
2883.0	2864.0
5268.0	5235.0
6302.0	6186.0
13092.0	12347.0
8887.0	8523.0
388.0	386.0
9598.0	9167.0
13188.0	12437.0
426.0	424.0
6070.0	5974.0
6653.0	6534.0
9945.0	6914.0
7713.0	7462.0
3397.0	3376.0
3963.0	3937.0
11968.0	11312.0
10295.0	8087.0
6558.0	6418.0
13149.0	12401.0
6158.0	6057.0
142.0	140.0
4260.0	4234.0
4412.0	4386.0
6380.0	6259.0
2880.0	2861.0
2508.0	2490.0
8103.0	7828.0
12356.0	11673.0
7334.0	7131.0
6653.0	10489.0
12417.0	11729.0
6127.0	6028.0
13973.0	13154.0
3685.0	3661.0
5659.0	5593.0
12051.0	1121.0
910.0	907.0
3022.0	3002.0
2606.0	2587.0
8667.0	13157.0
13010.0	12268.0
5225.0	5195.0
3873.0	3847.0
8926.0	7416.0
603.0	600.0
4179.0	4153.0
5396.0	5350.0
7520.0	7297.0
4833.0	4807.0
12269.0	11591.0
9344.0	8947.0
11207.0	10628.0
8935.0	8568.0
12062.0	11399.0
3542.0	3519.0
9021.0	8648.0
12516.0	6978.0
10901.0	10344.0
12793.0	12072.0
5058.0	5030.0
8362.0	8061.0
3545.0	3522.0
5810.0	11781.0
12473.0	5733.0
10615.0	8689.0
11835.0	11193.0
999.0	995.0
11032.0	10461.0
8365.0	8064.0
6525.0	6390.0
6928.0	6760.0
6341.0	6863.0
1711.0	1696.0
2894.0	2875.0
8945.0	8577.0
13789.0	13107.0
13889.0	13078.0
9197.0	8813.0
10637.0	10116.0
11647.0	11023.0
5889.0	5807.0
12645.0	6306.0
11597.0	10975.0
11016.0	10447.0
6981.0	6306.0
13882.0	13072.0
10435.0	5432.0
13085.0	12340.0
5181.0	5828.0
13213.0	9084.0
8956.0	8588.0
2115.0	2099.0
2114.0	2098.0
2116.0	2097.0
2113.0	2100.0
2116.0	2100.0
2113.0	2099.0
2115.0	2098.0
2113.0	2097.0
2116.0	2099.0
2114.0	2099.0
2115.0	2100.0
2116.0	2098.0
2114.0	2097.0
2115.0	2097.0
2113.0	2098.0
2114.0	2100.0
12712.0	12494.0
1420.0	1408.0
57.0	56.0
12088.0	11424.0
12899.0	12168.0
4971.0	4943.0
241.0	239.0
5947.0	5860.0
9176.0	8795.0
7242.0	7050.0
6848.0	6281.0
12830.0	12104.0
4512.0	4486.0
13115.0	12368.0
8256.0	5393.0
5016.0	4988.0
1445.0	1433.0
3561.0	3537.0
4337.0	4311.0
197.0	195.0
3590.0	5669.0
10617.0	5393.0
10144.0	9666.0
5931.0	5844.0
8960.0	8591.0
7763.0	7509.0
3557.0	11551.0
8256.0	11271.0
11084.0	10510.0
12592.0	11891.0
113.0	112.0
10808.0	9924.0
8065.0	3575.0
9694.0	9259.0
3569.0	3546.0
11683.0	11054.0
11494.0	10880.0
13177.0	12426.0
1950.0	1934.0
50.0	49.0
8072.0	7798.0
11863.0	11220.0
7332.0	7129.0
10065.0	9591.0
9157.0	8776.0
13205.0	8521.0
11790.0	11152.0
3869.0	3843.0
11014.0	10445.0
7037.0	6860.0
530.0	527.0
9797.0	9351.0
5766.0	5694.0
11533.0	10917.0
7587.0	7352.0
8763.0	8413.0
8114.0	5994.0
7105.0	6923.0
11606.0	10983.0
3589.0	9047.0
7209.0	7018.0
7095.0	10102.0
12961.0	12227.0
5840.0	11373.0
13512.0	12735.0
8256.0	8851.0
266.0	264.0
6566.0	12117.0
10580.0	10067.0
8987.0	8614.0
2953.0	2933.0
4325.0	4299.0
11794.0	11156.0
11141.0	5695.0
11881.0	11237.0
6084.0	5987.0
9239.0	5370.0
2117.0	2101.0
12833.0	12106.0
3836.0	3810.0
1946.0	1930.0
11624.0	11001.0
9403.0	8998.0
7542.0	7317.0
507.0	505.0
12086.0	12660.0
3596.0	3573.0
10122.0	9644.0
140.0	138.0
9292.0	8901.0
10808.0	5887.0
3831.0	3805.0
4823.0	4797.0
5740.0	12839.0
4634.0	4608.0
7095.0	9472.0
9004.0	9292.0
3553.0	3530.0
13358.0	12601.0
6190.0	10075.0
7064.0	6884.0
6201.0	6093.0
11993.0	9957.0
13638.0	12850.0
7069.0	12839.0
11420.0	10813.0
7618.0	12791.0
13629.0	3533.0
5356.0	5315.0
5740.0	5370.0
6834.0	13146.0
13625.0	6113.0
11476.0	10941.0
5740.0	3567.0
12397.0	11711.0
9433.0	9022.0
10144.0	3548.0
11411.0	10805.0
12406.0	11718.0
1674.0	1659.0
13479.0	12704.0
5321.0	5281.0
361.0	359.0
3568.0	12255.0
6706.0	9227.0
13473.0	12699.0
2363.0	2345.0
5419.0	5669.0
10549.0	10038.0
12379.0	11694.0
8065.0	12821.0
6163.0	7536.0
1307.0	1295.0
10590.0	7950.0
12031.0	5761.0
4162.0	4136.0
1633.0	1619.0
13080.0	12335.0
9866.0	9409.0
11431.0	10824.0
985.0	981.0
9853.0	9397.0
7069.0	3567.0
10328.0	9832.0
5231.0	5201.0
6048.0	5955.0
5638.0	5572.0
7786.0	7530.0
11975.0	11319.0
9055.0	8681.0
8389.0	8086.0
3652.0	3629.0
6848.0	8285.0
8093.0	7818.0
5419.0	8851.0
8667.0	10869.0
555.0	552.0
5474.0	5421.0
2969.0	2949.0
5753.0	5681.0
5143.0	5115.0
5563.0	5503.0
5802.0	5727.0
9645.0	6558.0
7001.0	10737.0
9657.0	9223.0
8885.0	12454.0
11993.0	13157.0
11061.0	9472.0
9936.0	6534.0
8021.0	7749.0
165.0	163.0
7371.0	7161.0
9239.0	3567.0
2952.0	2932.0
8066.0	7575.0
9009.0	8636.0
3055.0	3035.0
7040.0	3571.0
2042.0	2026.0
1762.0	1747.0
8198.0	7912.0
4599.0	4573.0
2494.0	2476.0
3472.0	3450.0
4000.0	3974.0
3237.0	3217.0
3562.0	8093.0
13285.0	12530.0
2060.0	2044.0
10515.0	10007.0
9690.0	9255.0
13741.0	9450.0
3201.0	3181.0
7645.0	7403.0
7880.0	7617.0
11099.0	3519.0
6256.0	6060.0
5606.0	5695.0
11433.0	10826.0
10963.0	8420.0
7292.0	7093.0
842.0	13016.0
9617.0	9185.0
4419.0	4393.0
3035.0	3015.0
7575.0	7343.0
7290.0	7091.0
7935.0	8520.0
7095.0	8527.0
11669.0	11040.0
4101.0	4075.0
3780.0	3754.0
11980.0	11323.0
3038.0	3018.0
11732.0	11103.0
12588.0	11887.0
3549.0	3526.0
6887.0	6720.0
10617.0	8330.0
5767.0	10565.0
8618.0	8283.0
13476.0	12702.0
12835.0	12108.0
10808.0	8381.0
12418.0	11730.0
7618.0	13157.0
7829.0	7572.0
5885.0	5803.0
9652.0	9218.0
13698.0	12903.0
7798.0	7542.0
9583.0	9153.0
7383.0	7172.0
10709.0	10176.0
10074.0	9600.0
12884.0	12156.0
3558.0	3535.0
9945.0	9481.0
9854.0	9398.0
10375.0	9874.0
11362.0	10761.0
7682.0	7438.0
5098.0	5070.0
12926.0	7036.0
10746.0	10211.0
13924.0	13107.0
7618.0	8330.0
10665.0	10137.0
10539.0	10029.0
2269.0	2252.0
511.0	507.0
9936.0	6914.0
6403.0	11271.0
3574.0	7947.0
8891.0	6534.0
13787.0	12988.0
223.0	221.0
7499.0	7277.0
6379.0	6258.0
4488.0	4462.0
13741.0	8954.0
12078.0	11414.0
5381.0	5335.0
10465.0	9959.0
5621.0	7403.0
8653.0	8316.0
6623.0	6478.0
13980.0	13160.0
11797.0	11159.0
566.0	563.0
6778.0	6620.0
9005.0	5393.0
12839.0	12112.0
8667.0	10102.0
9073.0	8698.0
10463.0	7418.0
4479.0	4453.0
8155.0	7872.0
5961.0	5873.0
13073.0	12328.0
11299.0	10706.0
11972.0	11316.0
11017.0	3716.0
3379.0	3358.0
10163.0	5393.0
97.0	96.0
5093.0	5065.0
10200.0	9719.0
8891.0	6914.0
3598.0	7793.0
12406.0	9392.0
13628.0	12841.0
11670.0	11041.0
3572.0	8851.0
6487.0	6358.0
8667.0	6863.0
9206.0	8821.0
6981.0	12791.0
7463.0	7840.0
6560.0	6420.0
133.0	131.0
10424.0	9919.0
2249.0	2232.0
4708.0	4682.0
6181.0	6076.0
11897.0	11252.0
5292.0	9471.0
5294.0	9471.0
5291.0	9471.0
5293.0	9471.0
8912.0	8546.0
1575.0	1562.0
12682.0	11971.0
7573.0	7341.0
8068.0	6683.0
13540.0	6222.0
13842.0	13035.0
11558.0	10940.0
2226.0	2209.0
7901.0	7636.0
10086.0	9612.0
9552.0	9124.0
6593.0	6449.0
13977.0	7418.0
8151.0	5761.0
8775.0	9957.0
12518.0	11825.0
8293.0	7994.0
5767.0	5541.0
8495.0	8176.0
6310.0	6193.0
3574.0	3530.0
4489.0	4463.0
11409.0	10803.0
7095.0	8330.0
3600.0	7575.0
13123.0	3558.0
10624.0	9249.0
8958.0	4742.0
10574.0	10061.0
13625.0	10565.0
9064.0	1826.0
7659.0	11624.0
13540.0	13157.0
10024.0	9555.0
10280.0	9792.0
8687.0	8348.0
8798.0	8446.0
11.0	10.0
11480.0	10868.0
3054.0	3034.0
12137.0	11470.0
459.0	457.0
7827.0	7570.0
8066.0	7794.0
2031.0	2015.0
6981.0	9249.0
7285.0	7086.0
8607.0	6714.0
9107.0	8730.0
6287.0	6171.0
4949.0	4311.0
5522.0	5467.0
6621.0	6476.0
12219.0	11543.0
45.0	44.0
6161.0	6143.0
7935.0	11959.0
6965.0	6792.0
5689.0	5620.0
13540.0	10869.0
8891.0	9472.0
3691.0	3667.0
439.0	437.0
60.0	59.0
7393.0	7181.0
8891.0	8420.0
4265.0	4239.0
12460.0	11769.0
10540.0	3538.0
9580.0	9150.0
8413.0	8105.0
3566.0	3543.0
9059.0	8685.0
2326.0	2308.0
6694.0	6546.0
509.0	507.0
1843.0	1828.0
5297.0	5264.0
13284.0	12529.0
12978.0	12242.0
10925.0	10366.0
348.0	346.0
13506.0	12729.0
4497.0	4471.0
12194.0	11520.0
2178.0	2161.0
13939.0	13121.0
11061.0	8527.0
13410.0	8851.0
212.0	210.0
8294.0	7995.0
5485.0	5431.0
10463.0	11336.0
13729.0	12933.0
424.0	423.0
425.0	422.0
3560.0	3558.0
4624.0	4598.0
2706.0	2687.0
12654.0	11947.0
10593.0	10078.0
8408.0	8102.0
347.0	345.0
6848.0	9334.0
5792.0	5717.0
11999.0	11342.0
5791.0	5716.0
3200.0	3180.0
6583.0	6439.0
10859.0	10309.0
10532.0	10023.0
7162.0	11823.0
10985.0	10420.0
13731.0	12935.0
1470.0	1458.0
3572.0	3567.0
3928.0	6305.0
7702.0	7453.0
11667.0	11841.0
1408.0	1396.0
10559.0	10048.0
4648.0	4622.0
12428.0	11740.0
5449.0	11984.0
11060.0	8851.0
969.0	966.0
81.0	80.0
3829.0	3803.0
11141.0	5541.0
9946.0	9482.0
1806.0	1791.0
40.0	39.0
4108.0	4082.0
2214.0	2197.0
6692.0	3533.0
7618.0	5556.0
9928.0	9465.0
13626.0	5669.0
9122.0	8745.0
6940.0	6770.0
6498.0	6367.0
12996.0	12255.0
5790.0	5715.0
8785.0	2638.0
3000.0	2980.0
7128.0	6945.0
13649.0	12859.0
7677.0	7434.0
8073.0	7799.0
13472.0	12698.0
5595.0	5531.0
12268.0	11590.0
2832.0	2813.0
9824.0	9372.0
6692.0	12842.0
5808.0	5732.0
10144.0	10105.0
9094.0	8717.0
10429.0	10264.0
3449.0	3427.0
5339.0	5298.0
12347.0	11664.0
13372.0	9924.0
4418.0	4392.0
9630.0	9197.0
6341.0	3571.0
9268.0	8878.0
491.0	489.0
8407.0	8101.0
9239.0	10488.0
5291.0	5258.0
5294.0	5260.0
5293.0	5258.0
5293.0	5259.0
5292.0	5260.0
5294.0	5261.0
5291.0	5260.0
5294.0	5258.0
5294.0	5259.0
5292.0	5259.0
5293.0	5261.0
5292.0	5258.0
5292.0	5261.0
5291.0	5261.0
5291.0	5259.0
5293.0	5260.0
5606.0	10565.0
1995.0	1979.0
2943.0	2923.0
13819.0	7231.0
10114.0	7868.0
2583.0	2564.0
7925.0	7657.0
2657.0	8290.0
12962.0	12228.0
9945.0	10489.0
10262.0	10972.0
2725.0	2706.0
8407.0	3519.0
1409.0	1397.0
3195.0	3175.0
2281.0	2264.0
3574.0	5859.0
9098.0	8721.0
3571.0	3548.0
190.0	188.0
11358.0	10758.0
8862.0	7357.0
7594.0	8500.0
13119.0	12372.0
9990.0	9524.0
6432.0	9249.0
6405.0	8098.0
11395.0	10791.0
638.0	635.0
4768.0	4742.0
10144.0	12678.0
1489.0	1477.0
8570.0	8241.0
8891.0	10489.0
1614.0	1600.0
9056.0	8682.0
12637.0	13157.0
6653.0	10102.0
1267.0	1255.0
3589.0	6478.0
8390.0	9805.0
8489.0	8171.0
6762.0	6606.0
3547.0	6143.0
8882.0	8518.0
2733.0	2714.0
8255.0	7964.0
13857.0	13049.0
2608.0	2589.0
3173.0	3153.0
11892.0	11248.0
1406.0	1394.0
5537.0	5479.0
8884.0	10867.0
12632.0	11927.0
3535.0	3512.0
13625.0	5695.0
5657.0	5591.0
591.0	588.0
3878.0	3852.0
5959.0	5871.0
10350.0	9851.0
4335.0	4309.0
7218.0	7027.0
1217.0	1206.0
5976.0	8381.0
4949.0	5910.0
38.0	37.0
11487.0	10873.0
3555.0	3532.0
10098.0	2245.0
8649.0	8313.0
4966.0	4938.0
9945.0	10102.0
666.0	663.0
3019.0	2999.0
12598.0	11896.0
13096.0	6805.0
10114.0	5761.0
10151.0	9673.0
6981.0	8776.0
10821.0	10273.0
5671.0	3519.0
9012.0	8639.0
8518.0	8196.0
13467.0	12693.0
1058.0	10898.0
12594.0	11892.0
3773.0	3747.0
1541.0	1528.0
2917.0	2897.0
7202.0	7011.0
5829.0	5751.0
8731.0	5887.0
6877.0	6710.0
11061.0	10102.0
12642.0	11936.0
4734.0	4708.0
7058.0	6880.0
7084.0	6903.0
2995.0	2975.0
10353.0	9854.0
7797.0	7541.0
12223.0	11546.0
7564.0	7333.0
13634.0	12846.0
6865.0	6700.0
7562.0	12493.0
6882.0	6715.0
4585.0	4559.0
11610.0	10987.0
1841.0	1826.0
9181.0	8800.0
4577.0	4551.0
3.0	3.0
13655.0	12865.0
12764.0	9930.0
7935.0	3519.0
6329.0	6210.0
3561.0	8704.0
11126.0	10551.0
10700.0	10167.0
11708.0	11079.0
6298.0	6182.0
11098.0	10523.0
9936.0	10489.0
378.0	376.0
7463.0	6283.0
10493.0	9987.0
10979.0	11397.0
8068.0	6281.0
12789.0	12068.0
9794.0	9348.0
9170.0	8789.0
3581.0	3537.0
6605.0	6461.0
713.0	710.0
10144.0	3564.0
12516.0	9637.0
7289.0	7090.0
13827.0	13022.0
10623.0	10106.0
10115.0	9638.0
5172.0	5143.0
12063.0	11400.0
12481.0	11789.0
9989.0	9523.0
5852.0	5772.0
7073.0	6893.0
13576.0	6306.0
182.0	180.0
8926.0	11624.0
4270.0	4244.0
9512.0	6914.0
8731.0	10264.0
12304.0	7416.0
8472.0	8155.0
8667.0	6222.0
12325.0	11642.0
2267.0	2250.0
5120.0	5092.0
11704.0	11075.0
11974.0	11318.0
5758.0	5686.0
12117.0	11452.0
3589.0	13107.0
4817.0	4791.0
12684.0	11973.0
9734.0	9295.0
9239.0	12647.0
5606.0	12994.0
42.0	41.0
617.0	614.0
8419.0	3538.0
11646.0	11022.0
8327.0	8026.0
1727.0	1712.0
12794.0	12073.0
6500.0	10929.0
5126.0	5098.0
11268.0	10680.0
5619.0	5554.0
5287.0	5254.0
10792.0	3520.0
3590.0	11271.0
3862.0	3836.0
10617.0	9685.0
13592.0	12806.0
6525.0	5432.0
2887.0	2868.0
11323.0	10727.0
6980.0	6804.0
2789.0	2770.0
6981.0	12351.0
344.0	342.0
1411.0	1399.0
1856.0	1841.0
13372.0	12614.0
4481.0	4455.0
9381.0	8979.0
6051.0	5958.0
3497.0	3475.0
10784.0	10244.0
8111.0	7835.0
7832.0	3577.0
2708.0	2689.0
9936.0	8527.0
2619.0	2600.0
9737.0	9298.0
8910.0	8544.0
13314.0	12559.0
6294.0	6178.0
658.0	655.0
5881.0	11792.0
7926.0	6179.0
1951.0	1935.0
11512.0	11336.0
12931.0	12198.0
3576.0	3553.0
6654.0	6509.0
61.0	59.0
60.0	60.0
2184.0	2167.0
7493.0	7271.0
12920.0	12187.0
290.0	288.0
3588.0	6305.0
3590.0	3549.0
10948.0	10387.0
13458.0	12685.0
13395.0	12634.0
9613.0	9181.0
8896.0	8531.0
12164.0	11493.0
409.0	407.0
1657.0	1642.0
3583.0	3554.0
3322.0	3302.0
6897.0	6730.0
13449.0	3548.0
11683.0	7575.0
253.0	251.0
13478.0	7466.0
7848.0	7588.0
6791.0	6630.0
12011.0	11354.0
3289.0	3269.0
3048.0	3028.0
12465.0	11774.0
12809.0	12086.0
3426.0	3404.0
455.0	453.0
994.0	990.0
2077.0	2061.0
7966.0	7697.0
10429.0	11995.0
1374.0	1362.0
9901.0	9441.0
3582.0	3559.0
13563.0	12778.0
6467.0	6340.0
13449.0	7531.0
13915.0	13100.0
8961.0	8592.0
305.0	303.0
10295.0	8433.0
8407.0	11959.0
13540.0	8330.0
6008.0	5918.0
8162.0	5432.0
12504.0	11812.0
8624.0	8289.0
9596.0	9165.0
7162.0	9637.0
3911.0	3885.0
5528.0	5473.0
7095.0	9481.0
13796.0	10447.0
5972.0	3577.0
13449.0	9666.0
8667.0	12791.0
7476.0	7256.0
7562.0	11507.0
11424.0	10817.0
9738.0	9299.0
11996.0	11339.0
7302.0	7101.0
3795.0	3769.0
4410.0	4384.0
12184.0	9153.0
13625.0	5541.0
9055.0	6683.0
7661.0	13157.0
9603.0	13107.0
3653.0	3630.0
9761.0	9321.0
3544.0	3521.0
13796.0	5541.0
10617.0	9249.0
12854.0	12127.0
4504.0	4478.0
2407.0	2389.0
10348.0	9849.0
12246.0	11568.0
8775.0	7418.0
13375.0	12617.0
13123.0	3537.0
5740.0	8851.0
6099.0	6001.0
12052.0	11391.0
625.0	622.0
2830.0	2811.0
5442.0	5392.0
3590.0	5370.0
4371.0	4345.0
8809.0	8456.0
13871.0	13062.0
3137.0	3117.0
1022.0	1018.0
10639.0	3520.0
7069.0	5669.0
5338.0	5297.0
6425.0	6299.0
10163.0	12112.0
8404.0	6283.0
1346.0	1334.0
8116.0	11023.0
8603.0	12821.0
4403.0	4377.0
3575.0	3552.0
10429.0	7332.0
3594.0	3569.0
8106.0	7831.0
609.0	606.0
7640.0	7399.0
3566.0	6683.0
10203.0	9722.0
2462.0	2444.0
1238.0	1226.0
6852.0	6687.0
10429.0	12614.0
431.0	429.0
10761.0	10221.0
2006.0	1990.0
3560.0	3538.0
3441.0	3419.0
3824.0	3798.0
9239.0	5669.0
13089.0	5994.0
8944.0	8576.0
9674.0	9240.0
8002.0	7731.0
9568.0	9139.0
8866.0	6306.0
11686.0	11057.0
9136.0	8757.0
8891.0	6508.0
9966.0	9502.0
12675.0	11965.0
13495.0	12718.0
11099.0	11959.0
8640.0	8304.0
6879.0	6712.0
8845.0	8485.0
5902.0	5819.0
6226.0	6116.0
8407.0	7666.0
3581.0	10515.0
7503.0	7281.0
1685.0	1670.0
12304.0	8560.0
3608.0	3585.0
293.0	291.0
6258.0	6145.0
13897.0	13084.0
8866.0	5807.0
10617.0	7379.0
11824.0	11184.0
9929.0	9466.0
3146.0	10430.0
10998.0	3126.0
13725.0	12929.0
8397.0	3539.0
3590.0	12839.0
9080.0	3537.0
9645.0	9227.0
7070.0	6890.0
6640.0	6495.0
1320.0	1308.0
11953.0	11299.0
9682.0	9247.0
10020.0	9552.0
8114.0	12112.0
6653.0	9472.0
5443.0	9685.0
5671.0	3541.0
9945.0	8330.0
12228.0	3534.0
1610.0	1596.0
8667.0	12821.0
4841.0	4815.0
3581.0	8704.0
3604.0	7583.0
10359.0	9859.0
2821.0	2802.0
9603.0	12647.0
9731.0	9292.0
9654.0	9220.0
5767.0	6922.0
8132.0	7854.0
11061.0	8330.0
9583.0	9256.0
9671.0	9237.0
4646.0	4620.0
11547.0	10931.0
8058.0	7786.0
10242.0	9757.0
5013.0	12131.0
6987.0	6811.0
760.0	757.0
8611.0	8276.0
3560.0	8704.0
9318.0	8924.0
3723.0	3698.0
8377.0	6306.0
13679.0	12886.0
10702.0	10169.0
4518.0	4492.0
11626.0	11003.0
2382.0	2364.0
12720.0	12006.0
8370.0	8068.0
3547.0	6060.0
112.0	111.0
8891.0	3526.0
8256.0	12839.0
4498.0	4472.0
8575.0	12112.0
7095.0	10105.0
12996.0	3545.0
5547.0	5488.0
2918.0	2898.0
6653.0	8330.0
217.0	215.0
860.0	857.0
6403.0	6683.0
6653.0	9481.0
13455.0	12682.0
5306.0	5273.0
5487.0	5433.0
9009.0	12284.0
602.0	599.0
3600.0	5883.0
13540.0	12340.0
3912.0	3886.0
11780.0	11143.0
9086.0	8709.0
8583.0	8251.0
7332.0	3540.0
9756.0	9316.0
7667.0	7424.0
5330.0	5289.0
3056.0	3036.0
11103.0	10528.0
3383.0	3362.0
1539.0	1526.0
6545.0	6406.0
203.0	201.0
8849.0	8488.0
5946.0	8420.0
13128.0	12381.0
9287.0	8896.0
11060.0	8780.0
11432.0	10825.0
9080.0	3538.0
3576.0	8591.0
13094.0	12349.0
6525.0	9930.0
6570.0	6880.0
3547.0	9172.0
8949.0	10972.0
6653.0	8527.0
12317.0	11635.0
9684.0	5393.0
3018.0	2998.0
12031.0	11823.0
13110.0	12363.0
3590.0	9860.0
11897.0	8689.0
8556.0	3549.0
11091.0	10517.0
3864.0	3838.0
4446.0	4420.0
181.0	179.0
5691.0	5622.0
4657.0	4631.0
12489.0	11797.0
11418.0	10812.0
3561.0	10315.0
9179.0	8798.0
13977.0	11336.0
13650.0	12860.0
11697.0	11068.0
8035.0	7763.0
11016.0	12994.0
989.0	985.0
12712.0	11998.0
12106.0	11441.0
11272.0	10176.0
1241.0	1229.0
1945.0	1929.0
10240.0	9756.0
9935.0	5258.0
9935.0	5260.0
10735.0	10201.0
9935.0	5259.0
9935.0	5261.0
6465.0	4573.0
11923.0	11273.0
13223.0	12469.0
580.0	577.0
7980.0	7709.0
6385.0	6264.0
6314.0	6195.0
4459.0	4433.0
4520.0	4494.0
13835.0	13028.0
9751.0	9312.0
9947.0	9483.0
11608.0	10985.0
7618.0	12821.0
8883.0	8519.0
9749.0	9310.0
7104.0	3580.0
8116.0	12122.0
6811.0	6649.0
8795.0	8443.0
12645.0	8074.0
13540.0	5556.0
8162.0	12765.0
10874.0	10321.0
9294.0	6545.0
9683.0	10917.0
4187.0	4161.0
8377.0	8285.0
4530.0	4504.0
4003.0	3977.0
3496.0	3474.0
1483.0	1471.0
1706.0	1691.0
11451.0	10841.0
4973.0	10941.0
4472.0	4446.0
6807.0	6646.0
1534.0	1521.0
6871.0	6705.0
8753.0	8403.0
1290.0	1278.0
1468.0	1456.0
5972.0	7575.0
13410.0	9172.0
10429.0	12428.0
5606.0	11624.0
8428.0	8120.0
2740.0	2721.0
9080.0	3558.0
2173.0	2156.0
8866.0	5556.0
7618.0	11291.0
12181.0	7332.0
12377.0	11692.0
8168.0	3521.0
13830.0	13024.0
12273.0	11594.0
9042.0	8669.0
2719.0	2700.0
4415.0	4389.0
2981.0	2960.0
6525.0	5393.0
13087.0	12342.0
7871.0	7609.0
6632.0	6487.0
4991.0	4963.0
4580.0	4554.0
6116.0	6017.0
6966.0	6793.0
10776.0	12104.0
235.0	233.0
6703.0	6555.0
8769.0	8418.0
6653.0	9172.0
11656.0	11029.0
13608.0	7466.0
5621.0	13157.0
10150.0	9672.0
8972.0	8602.0
13745.0	12949.0
6591.0	6447.0
8902.0	8537.0
8612.0	8277.0
8891.0	6283.0
8404.0	11422.0
8377.0	9685.0
11107.0	10532.0
8157.0	7874.0
12171.0	11498.0
13576.0	11291.0
9988.0	9522.0
9351.0	9459.0
7326.0	7123.0
11787.0	11149.0
12579.0	11880.0
12637.0	9957.0
12516.0	11373.0
9666.0	9232.0
8667.0	6534.0
9283.0	8892.0
3561.0	3558.0
4322.0	4296.0
376.0	374.0
12667.0	3537.0
3699.0	3675.0
2215.0	2198.0
2040.0	2024.0
7144.0	6960.0
3582.0	7583.0
9154.0	8773.0
8162.0	9930.0
12926.0	12193.0
7001.0	10176.0
9645.0	6045.0
11696.0	11067.0
7823.0	7566.0
7372.0	7162.0
899.0	896.0
13326.0	12570.0
5625.0	5560.0
8804.0	8451.0
13251.0	12496.0
3594.0	5432.0
2702.0	2683.0
4449.0	4423.0
11533.0	12182.0
3435.0	3413.0
4028.0	4002.0
9100.0	8723.0
4985.0	4957.0
10435.0	5327.0
10558.0	10047.0
5272.0	5238.0
5274.0	5241.0
5273.0	5238.0
5273.0	5240.0
5272.0	5240.0
5271.0	5238.0
5273.0	5241.0
5272.0	5239.0
5271.0	5241.0
5272.0	5241.0
5274.0	5239.0
5271.0	5240.0
5274.0	5238.0
5273.0	5239.0
5274.0	5240.0
5271.0	5239.0
7422.0	7207.0
13840.0	13033.0
4825.0	4799.0
12129.0	11463.0
4572.0	4546.0
345.0	343.0
10262.0	7466.0
6876.0	6709.0
404.0	402.0
8039.0	3558.0
12697.0	11984.0
3547.0	8851.0
9622.0	9190.0
9239.0	3549.0
13269.0	12514.0
5708.0	5639.0
9945.0	9172.0
8341.0	8040.0
13530.0	12750.0
5976.0	10264.0
10808.0	5398.0
10429.0	5398.0
6858.0	6693.0
9936.0	8330.0
6431.0	3583.0
13478.0	6306.0
11272.0	11959.0
11997.0	11340.0
7069.0	3549.0
13089.0	7838.0
1118.0	1114.0
11586.0	10966.0
7004.0	6828.0
11436.0	10828.0
7406.0	7193.0
4476.0	4450.0
13718.0	12922.0
10622.0	10105.0
9913.0	9451.0
5763.0	5691.0
2996.0	2976.0
9915.0	9453.0
13625.0	6898.0
5042.0	5014.0
4227.0	4201.0
581.0	578.0
5470.0	5418.0
9720.0	9281.0
8949.0	9776.0
10617.0	6914.0
8437.0	8127.0
11141.0	6922.0
532.0	529.0
11531.0	10915.0
12028.0	11370.0
2053.0	2037.0
2966.0	2946.0
1987.0	1971.0
3594.0	6222.0
9057.0	8683.0
11149.0	10573.0
6146.0	10250.0
10262.0	12821.0
7878.0	7615.0
8920.0	8554.0
9684.0	6805.0
12057.0	11395.0
2435.0	2417.0
7747.0	7495.0
12031.0	6978.0
13425.0	12658.0
9695.0	9260.0
8699.0	8358.0
8014.0	7743.0
7998.0	7727.0
8698.0	8357.0
12199.0	11525.0
7562.0	12614.0
3685.0	10452.0
11022.0	3661.0
3576.0	8493.0
10867.0	10030.0
10501.0	9994.0
5450.0	5399.0
3292.0	3272.0
9080.0	8111.0
3061.0	3041.0
6256.0	9172.0
8891.0	10402.0
2540.0	2522.0
9512.0	6222.0
6256.0	9392.0
12827.0	109.0
9512.0	8330.0
13410.0	6060.0
10543.0	10033.0
5394.0	5348.0
9417.0	9009.0
7459.0	7242.0
12335.0	11652.0
10780.0	10240.0
2193.0	2176.0
13625.0	3547.0
10442.0	9937.0
13179.0	9924.0
5946.0	3534.0
8770.0	8419.0
3041.0	3021.0
9911.0	12945.0
13718.0	9285.0
13555.0	12772.0
4800.0	4774.0
10416.0	9911.0
11099.0	8101.0
4478.0	4452.0
6891.0	6724.0
1361.0	1350.0
10004.0	9536.0
12764.0	5432.0
7095.0	9172.0
8099.0	7824.0
2495.0	2477.0
6040.0	5947.0
10827.0	10279.0
8407.0	10524.0
9999.0	9532.0
7714.0	7463.0
10435.0	9450.0
10025.0	9556.0
13123.0	11959.0
4514.0	4488.0
9512.0	10489.0
5033.0	5005.0
13785.0	12986.0
10250.0	9764.0
4727.0	4701.0
12645.0	11271.0
7780.0	7524.0
331.0	329.0
3541.0	3518.0
4316.0	6216.0
6335.0	4290.0
9776.0	6683.0
7562.0	11995.0
7634.0	7393.0
1058.0	2730.0
2749.0	1054.0
8667.0	6914.0
5599.0	5535.0
10213.0	9732.0
7546.0	7319.0
5802.0	8272.0
3480.0	3458.0
6223.0	3522.0
8365.0	7575.0
454.0	452.0
8054.0	3558.0
2481.0	2463.0
7645.0	5556.0
10253.0	5398.0
8311.0	8011.0
6161.0	12647.0
8575.0	12578.0
9242.0	8854.0
2627.0	2608.0
7255.0	7063.0
2492.0	2474.0
8410.0	8103.0
7437.0	7222.0
9993.0	9527.0
1269.0	1257.0
8377.0	6683.0
8891.0	6863.0
55.0	54.0
2210.0	2193.0
11099.0	7666.0
8833.0	8476.0
947.0	944.0
3589.0	7286.0
8689.0	8350.0
11219.0	10638.0
6392.0	6270.0
13131.0	12384.0
3572.0	10488.0
13811.0	13009.0
10295.0	6825.0
11379.0	10777.0
3439.0	3417.0
4092.0	4066.0
9842.0	9388.0
1361.0	1349.0
3208.0	3188.0
11574.0	11157.0
13625.0	11624.0
6545.0	9924.0
9512.0	6508.0
12667.0	3558.0
2722.0	2703.0
2174.0	2157.0
10144.0	10826.0
8603.0	6281.0
10808.0	11995.0
1413.0	1401.0
13540.0	7403.0
9936.0	6508.0
6491.0	6361.0
5540.0	5481.0
11512.0	7418.0
5425.0	5376.0
13428.0	11422.0
11592.0	9776.0
13478.0	7793.0
13148.0	12400.0
12561.0	11863.0
7359.0	7153.0
4623.0	4597.0
1608.0	1594.0
2493.0	2475.0
3086.0	3066.0
4813.0	4787.0
12541.0	11846.0
9603.0	8851.0
9053.0	8679.0
573.0	570.0
7357.0	7151.0
9603.0	6143.0
7941.0	7672.0
10429.0	11984.0
13199.0	12448.0
3593.0	10169.0
9649.0	9215.0
4033.0	4007.0
7109.0	6927.0
12697.0	5398.0
12709.0	5398.0
12060.0	11397.0
7717.0	8520.0
13255.0	12500.0
2272.0	2255.0
6630.0	6485.0
10552.0	10041.0
13008.0	12266.0
5662.0	5596.0
5633.0	5567.0
6295.0	3542.0
4793.0	4767.0
10929.0	10370.0
2649.0	2630.0
10345.0	9847.0
6152.0	6051.0
11558.0	6760.0
1853.0	1838.0
3489.0	3467.0
9512.0	6534.0
4508.0	4482.0
7237.0	7046.0
1680.0	1665.0
12494.0	11802.0
9512.0	8527.0
7731.0	6216.0
393.0	391.0
11803.0	11163.0
9911.0	8358.0
3547.0	12647.0
10142.0	9664.0
4254.0	3957.0
3983.0	4228.0
3590.0	10488.0
12721.0	12007.0
10624.0	12791.0
4094.0	4068.0
2444.0	2426.0
7832.0	8064.0
2254.0	2237.0
6262.0	6149.0
12922.0	12189.0
2504.0	2486.0
7003.0	6827.0
1434.0	1422.0
7235.0	7044.0
9204.0	8819.0
6088.0	5991.0
5887.0	5805.0
9920.0	9457.0
8256.0	9685.0
3560.0	7782.0
9717.0	9280.0
7706.0	12502.0
5524.0	5469.0
7661.0	9957.0
453.0	283.0
400.0	398.0
711.0	708.0
12146.0	11973.0
12105.0	11440.0
7095.0	10059.0
7611.0	7372.0
10617.0	11995.0
9099.0	8722.0
10667.0	10139.0
11099.0	10683.0
10703.0	10170.0
8739.0	8389.0
10624.0	5393.0
11683.0	5883.0
3801.0	3775.0
3297.0	3277.0
11981.0	11324.0
9474.0	9059.0
3574.0	3583.0
7095.0	7379.0
8884.0	8648.0
1592.0	1579.0
2564.0	2545.0
8891.0	10102.0
11148.0	10572.0
13789.0	9172.0
2532.0	2514.0
13345.0	12589.0
9945.0	9472.0
6677.0	6530.0
9080.0	10030.0
12177.0	11504.0
3581.0	7767.0
8653.0	9524.0
11286.0	10695.0
7095.0	9666.0
10260.0	9774.0
9902.0	9442.0
8828.0	8473.0
6830.0	6667.0
10371.0	9871.0
3447.0	3425.0
6295.0	3540.0
6224.0	6114.0
8951.0	8583.0
7095.0	7332.0
6922.0	6755.0
11134.0	10558.0
2768.0	2749.0
4961.0	4933.0
12709.0	9924.0
3430.0	3408.0
8460.0	8145.0
9604.0	9173.0
6688.0	6541.0
871.0	868.0
13936.0	340.0
2580.0	2561.0
2219.0	2202.0
11099.0	8064.0
13879.0	13069.0
10963.0	5859.0
12964.0	12230.0
13977.0	5556.0
13993.0	13173.0
2436.0	2418.0
12665.0	11957.0
8741.0	8391.0
13305.0	12550.0
13355.0	12598.0
4496.0	4470.0
4110.0	4084.0
13540.0	13146.0
3669.0	3645.0
8678.0	8339.0
10617.0	11823.0
12267.0	11589.0
789.0	786.0
3560.0	11959.0
2557.0	2538.0
12690.0	11977.0
3003.0	2983.0
6046.0	5953.0
3581.0	11959.0
3616.0	3593.0
5946.0	10402.0
8057.0	7785.0
1576.0	1563.0
13330.0	12574.0
13369.0	12611.0
10043.0	9573.0
3520.0	3498.0
3560.0	10030.0
5508.0	5453.0
3171.0	3151.0
10808.0	11984.0
13556.0	12773.0
3266.0	3246.0
13796.0	5370.0
7618.0	10869.0
11272.0	7666.0
10455.0	9950.0
7095.0	9045.0
6848.0	8074.0
8038.0	6060.0
3572.0	5669.0
13576.0	6805.0
9228.0	8841.0
6295.0	6179.0
3977.0	3951.0
11726.0	11097.0
5725.0	5656.0
6870.0	6704.0
5972.0	11054.0
1025.0	1021.0
2379.0	2361.0
9352.0	8358.0
10743.0	10208.0
2503.0	2485.0
4746.0	4720.0
11564.0	5806.0
11887.0	11243.0
2271.0	2254.0
7468.0	7249.0
2530.0	2512.0
12133.0	11466.0
11141.0	10447.0
11523.0	10907.0
8160.0	7876.0
4097.0	4071.0
2256.0	2239.0
3390.0	3369.0
13821.0	13018.0
13833.0	13026.0
691.0	688.0
8866.0	8074.0
12469.0	11777.0
8066.0	3577.0
13540.0	3571.0
2700.0	2681.0
2105.0	2089.0
8667.0	5556.0
11984.0	11327.0
1271.0	1259.0
11567.0	10948.0
7832.0	11054.0
1890.0	1875.0
5309.0	5275.0
4959.0	4931.0
6971.0	6797.0
3566.0	9334.0
8312.0	8012.0
13449.0	10826.0
7562.0	10102.0
10947.0	10386.0
6013.0	3533.0
7069.0	12647.0
13123.0	12376.0
988.0	984.0
5085.0	5057.0
1607.0	1593.0
8884.0	7466.0
11921.0	6306.0
9458.0	9045.0
1992.0	1976.0
1695.0	1680.0
1295.0	1283.0
3592.0	3571.0
5464.0	5413.0
8870.0	8507.0
13938.0	13120.0
9002.0	8629.0
9990.0	8316.0
10676.0	10147.0
9874.0	9417.0
2747.0	2728.0
13797.0	12995.0
8297.0	7998.0
8891.0	8064.0
4651.0	4625.0
7607.0	7368.0
8151.0	9637.0
9635.0	9202.0
5767.0	10447.0
4256.0	4230.0
13977.0	12821.0
3547.0	3567.0
13343.0	12587.0
7400.0	7188.0
13667.0	12876.0
12992.0	12252.0
9239.0	11271.0
9897.0	9437.0
13625.0	12106.0
13478.0	11271.0
5606.0	10447.0
3519.0	3497.0
11586.0	8636.0
7542.0	10332.0
2545.0	2526.0
9539.0	9113.0
9936.0	10102.0
7350.0	7144.0
12369.0	3034.0
3044.0	3024.0
8151.0	6978.0
12656.0	11949.0
4482.0	4456.0
11141.0	6113.0
3573.0	3550.0
7727.0	7475.0
5946.0	7428.0
2604.0	2585.0
2746.0	2727.0
8038.0	8636.0
3564.0	3519.0
5767.0	6113.0
3581.0	7782.0
11130.0	10554.0
6000.0	5910.0
13576.0	13157.0
5933.0	5846.0
4454.0	4428.0
4065.0	4039.0
6161.0	3570.0
590.0	587.0
3605.0	3542.0
6161.0	8851.0
8433.0	8124.0
9475.0	9060.0
9825.0	9373.0
7046.0	6869.0
9911.0	6202.0
250.0	248.0
13027.0	12285.0
2582.0	2563.0
3593.0	6060.0
12002.0	8381.0
11667.0	13157.0
4030.0	4004.0
8949.0	6214.0
9839.0	9385.0
13085.0	7403.0
10887.0	10333.0
10615.0	10100.0
10927.0	10368.0
8066.0	8064.0
11361.0	10760.0
10861.0	10310.0
2535.0	2517.0
4381.0	4355.0
1717.0	1702.0
8935.0	12108.0
12835.0	8568.0
3757.0	3732.0
8114.0	11397.0
7200.0	7009.0
622.0	619.0
601.0	598.0
9391.0	8987.0
2502.0	2484.0
7365.0	7156.0
11272.0	3519.0
1327.0	1315.0
5429.0	5380.0
3007.0	2987.0
6545.0	5398.0
8548.0	8223.0
4337.0	4921.0
13248.0	7332.0
13174.0	12423.0
10911.0	10354.0
8085.0	7810.0
9894.0	9435.0
3479.0	3457.0
8779.0	8427.0
5329.0	5288.0
3974.0	3948.0
13977.0	13146.0
3603.0	6922.0
9512.0	6143.0
7536.0	7312.0
13911.0	13096.0
5806.0	5730.0
10322.0	12903.0
4978.0	4950.0
623.0	620.0
3274.0	3254.0
11272.0	7575.0
13965.0	3536.0
1458.0	1446.0
9325.0	8930.0
11272.0	8064.0
4612.0	4586.0
13977.0	11932.0
6861.0	6696.0
1694.0	1679.0
13085.0	13157.0
3556.0	5923.0
7398.0	7186.0
12709.0	11291.0
6499.0	6368.0
219.0	217.0
11101.0	10526.0
12955.0	12221.0
11061.0	9045.0
5882.0	5801.0
4636.0	4610.0
9454.0	9041.0
8112.0	7836.0
12849.0	12122.0
9314.0	8920.0
4571.0	4545.0
5796.0	5721.0
13449.0	10105.0
1109.0	1105.0
8891.0	11959.0
12184.0	12493.0
1567.0	1554.0
7095.0	11493.0
6509.0	6376.0
13967.0	13148.0
2928.0	2908.0
3572.0	6143.0
907.0	904.0
8891.0	8330.0
10513.0	10005.0
8620.0	6683.0
13198.0	12447.0
12709.0	11984.0
3580.0	3566.0
6295.0	7424.0
13184.0	12433.0
3572.0	5370.0
10808.0	12614.0
7562.0	6914.0
11399.0	10795.0
3556.0	6545.0
2666.0	3743.0
20.0	19.0
1655.0	1640.0
6161.0	3569.0
2772.0	2753.0
9239.0	11294.0
4424.0	4398.0
7019.0	3527.0
11281.0	10690.0
9661.0	6558.0
11504.0	10889.0
2984.0	2964.0
12264.0	11586.0
13890.0	13079.0
10238.0	6379.0
8114.0	12242.0
9055.0	6281.0
13014.0	12272.0
7162.0	11373.0
2347.0	2329.0
7178.0	6990.0
5159.0	5130.0
7265.0	7069.0
864.0	861.0
9280.0	8889.0
3859.0	3833.0
2339.0	2321.0
365.0	363.0
4816.0	4790.0
4941.0	4913.0
6223.0	12106.0
539.0	536.0
12184.0	10826.0
11220.0	10639.0
3209.0	3189.0
8038.0	12284.0
12366.0	11682.0
11335.0	8290.0
2691.0	2672.0
7935.0	6222.0
8859.0	10869.0
10981.0	10416.0
2785.0	2766.0
11141.0	5283.0
7935.0	8101.0
5828.0	5750.0
2191.0	2173.0
13950.0	13132.0
11235.0	10649.0
12824.0	12098.0
13372.0	5398.0
8922.0	8556.0
10805.0	10261.0
8884.0	12821.0
7221.0	7030.0
11799.0	13157.0
1897.0	1882.0
4208.0	4182.0
8365.0	5807.0
147.0	145.0
13293.0	12538.0
12424.0	11736.0
12008.0	11351.0
13736.0	12940.0
503.0	501.0
11081.0	10508.0
6473.0	6346.0
9776.0	6281.0
13228.0	12474.0
12542.0	11847.0
8949.0	3548.0
13625.0	8560.0
1570.0	1557.0
9512.0	9172.0
12483.0	11791.0
11919.0	11269.0
965.0	962.0
7427.0	7212.0
10589.0	10074.0
5364.0	5322.0
3556.0	9256.0
6295.0	7129.0
8335.0	8034.0
9728.0	9289.0
9918.0	9456.0
3572.0	12839.0
13412.0	9172.0
6790.0	6629.0
3590.0	12647.0
13914.0	13099.0
13096.0	12791.0
9684.0	12791.0
10600.0	10085.0
9815.0	9364.0
5465.0	10402.0
8039.0	3537.0
2633.0	2614.0
7832.0	5883.0
8772.0	8421.0
3427.0	3405.0
6881.0	5727.0
10463.0	11932.0
3582.0	3557.0
7893.0	7629.0
6209.0	6101.0
8068.0	9334.0
5889.0	8064.0
13633.0	12845.0
6653.0	10105.0
11933.0	11282.0
12645.0	5393.0
10873.0	10320.0
8866.0	11271.0
10791.0	10251.0
9888.0	9429.0
8620.0	6281.0
3270.0	3250.0
6623.0	9047.0
9942.0	9478.0
10808.0	12493.0
7250.0	3569.0
12558.0	11861.0
9354.0	8956.0
2123.0	2106.0
9945.0	8527.0
10295.0	8290.0
590.0	588.0
591.0	587.0
4231.0	4205.0
7717.0	9776.0
5740.0	11271.0
4621.0	4595.0
10617.0	6534.0
7935.0	10683.0
13372.0	10264.0
6554.0	6415.0
9668.0	9234.0
824.0	821.0
12015.0	12570.0
9119.0	8742.0
2364.0	2346.0
4627.0	4601.0
3581.0	3538.0
2696.0	2677.0
10287.0	9798.0
8766.0	8416.0
5465.0	9930.0
4806.0	4780.0
11860.0	11217.0
7562.0	8381.0
10012.0	9544.0
8891.0	6222.0
13931.0	13114.0
2548.0	2529.0
2341.0	2323.0
5285.0	2961.0
12369.0	11685.0
1996.0	1980.0
11061.0	11493.0
12957.0	12223.0
11479.0	8520.0
12890.0	12161.0
9512.0	6863.0
98.0	97.0
7926.0	5923.0
4450.0	4424.0
10098.0	5370.0
9265.0	8875.0
7562.0	5887.0
3582.0	8493.0
9655.0	9221.0
6109.0	6010.0
10157.0	9679.0
5610.0	5545.0
10979.0	11624.0
8256.0	5370.0
976.0	972.0
3136.0	3116.0
8884.0	8101.0
1445.0	10955.0
12484.0	11792.0
8223.0	7934.0
1422.0	1410.0
10458.0	9953.0
5465.0	6323.0
4079.0	4053.0
7095.0	11959.0
11479.0	5807.0
10322.0	3575.0
1594.0	1581.0
2160.0	2143.0
86.0	85.0
13372.0	11995.0
3543.0	10118.0
9785.0	9341.0
9039.0	8666.0
12490.0	11798.0
13162.0	12412.0
833.0	830.0
12451.0	11761.0
13486.0	12710.0
5449.0	11995.0
9368.0	8968.0
3428.0	3406.0
13308.0	12553.0
4581.0	4555.0
4113.0	4087.0
5127.0	5099.0
11510.0	10895.0
11483.0	6863.0
9215.0	8829.0
1903.0	1888.0
4584.0	4558.0
11141.0	6898.0
11718.0	11089.0
6256.0	11718.0
11876.0	11232.0
1312.0	1300.0
8891.0	9256.0
4558.0	4532.0
6826.0	6663.0
10709.0	11959.0
12802.0	12079.0
8667.0	9472.0
11861.0	11218.0
6833.0	6670.0
2802.0	2783.0
11771.0	11135.0
7095.0	6222.0
5949.0	5862.0
4972.0	4944.0
13272.0	12517.0
3091.0	3071.0
4567.0	4541.0
8584.0	8252.0
8878.0	8515.0
7069.0	11271.0
6405.0	12660.0
3392.0	3371.0
8377.0	5393.0
5449.0	9316.0
11311.0	10716.0
8823.0	8478.0
196.0	194.0
11242.0	10656.0
8162.0	9450.0
10867.0	8111.0
585.0	582.0
9673.0	9239.0
12549.0	11853.0
3552.0	3529.0
12031.0	7868.0
2089.0	2073.0
2716.0	2697.0
3144.0	3124.0
9945.0	6060.0
10144.0	7531.0
9231.0	10917.0
12181.0	12493.0
5103.0	5075.0
6653.0	7332.0
6085.0	5988.0
9146.0	8765.0
4370.0	4344.0
8407.0	6222.0
5487.0	10105.0
7463.0	11023.0
13439.0	12670.0
13965.0	6671.0
1382.0	1370.0
12709.0	5393.0
8256.0	6281.0
5914.0	1826.0
9405.0	9000.0
10138.0	9660.0
13560.0	12776.0
5733.0	5663.0
10617.0	12112.0
12031.0	9637.0
10164.0	9686.0
4820.0	4794.0
6653.0	6060.0
9051.0	8677.0
7332.0	7424.0
8294.0	9896.0
12104.0	11439.0
6286.0	6170.0
12152.0	11483.0
7618.0	13146.0
7960.0	7691.0
11061.0	9481.0
7787.0	7531.0
9512.0	10102.0
2106.0	2090.0
7345.0	7140.0
6190.0	10987.0
13123.0	10105.0
3561.0	11959.0
4833.0	6819.0
6653.0	6222.0
9370.0	8969.0
5449.0	9924.0
13576.0	8776.0
8575.0	6177.0
7935.0	8064.0
2270.0	2253.0
2715.0	2696.0
5905.0	5821.0
3754.0	3729.0
11033.0	10462.0
12777.0	12057.0
13540.0	7379.0
11799.0	9957.0
8913.0	8547.0
13625.0	6922.0
3868.0	3842.0
8884.0	8290.0
4205.0	4179.0
11795.0	10955.0
3528.0	3506.0
3564.0	11959.0
3560.0	10315.0
6803.0	6642.0
4638.0	4612.0
3560.0	7767.0
3574.0	3571.0
11141.0	11624.0
11060.0	3567.0
9677.0	9243.0
7671.0	7428.0
13498.0	12721.0
13406.0	12644.0
5451.0	5400.0
2879.0	2860.0
11628.0	11005.0
12318.0	11636.0
3580.0	7583.0
8736.0	8386.0
6525.0	9685.0
10259.0	9773.0
4484.0	4458.0
1994.0	1978.0
2182.0	2165.0
8377.0	11271.0
8382.0	8079.0
6773.0	6616.0
4266.0	4240.0
141.0	139.0
3474.0	3452.0
8151.0	11823.0
12637.0	7418.0
3561.0	7782.0
12947.0	3519.0
1683.0	1668.0
2381.0	2363.0
6431.0	3565.0
6295.0	5923.0
11483.0	8497.0
11629.0	11006.0
7220.0	7029.0
6256.0	12647.0
5703.0	5634.0
6092.0	12242.0
6513.0	10898.0
3590.0	6281.0
424.0	421.0
423.0	422.0
7935.0	10524.0
4610.0	4584.0
9444.0	9031.0
7562.0	6508.0
10267.0	9780.0
8667.0	8527.0
8377.0	12112.0
2558.0	2539.0
13205.0	11673.0
12667.0	10030.0
5498.0	6644.0
4442.0	4416.0
6405.0	9896.0
13625.0	6222.0
12975.0	12239.0
13789.0	9047.0
9556.0	9127.0
7095.0	5541.0
13248.0	9924.0
579.0	576.0
8603.0	9334.0
11060.0	3549.0
10463.0	9612.0
13449.0	3564.0
291.0	289.0
5465.0	10105.0
8866.0	8648.0
12617.0	11912.0
6256.0	3549.0
12501.0	11809.0
9070.0	8695.0
7264.0	7068.0
13062.0	12317.0
9512.0	11959.0
10569.0	10057.0
11061.0	10105.0
6603.0	6459.0
10920.0	10363.0
12304.0	5541.0
11483.0	13157.0
11252.0	10665.0
3565.0	3540.0
6134.0	6035.0
13977.0	10869.0
13334.0	8245.0
8667.0	8776.0
11237.0	10651.0
6364.0	6243.0
11995.0	11338.0
9945.0	5541.0
1490.0	1478.0
9298.0	8906.0
7832.0	3578.0
11141.0	6222.0
3605.0	3541.0
4445.0	4419.0
13796.0	8648.0
13123.0	9666.0
10144.0	3519.0
8866.0	5393.0
12663.0	11955.0
8821.0	8468.0
13734.0	12938.0
3604.0	8493.0
429.0	427.0
6431.0	12145.0
10649.0	10126.0
12873.0	6305.0
10867.0	10315.0
10608.0	10093.0
1682.0	1667.0
4214.0	4188.0
11061.0	10565.0
10571.0	6914.0
3970.0	3944.0
10588.0	10073.0
7832.0	7794.0
8588.0	8256.0
190.0	187.0
189.0	188.0
11586.0	8493.0
8859.0	11064.0
150.0	148.0
11509.0	10894.0
4548.0	4522.0
3205.0	3185.0
11667.0	9957.0
3603.0	5545.0
9239.0	9172.0
5392.0	5346.0
8421.0	8113.0
5092.0	5064.0
3581.0	10332.0
979.0	975.0
9489.0	9071.0
5832.0	5754.0
10963.0	5414.0
9906.0	9446.0
10617.0	6508.0
1213.0	1202.0
5798.0	5723.0
7706.0	8765.0
6450.0	11841.0
6760.0	6914.0
9491.0	9072.0
3581.0	10030.0
4643.0	4617.0
10979.0	5541.0
10429.0	5887.0
13625.0	7416.0
11913.0	9450.0
9158.0	8777.0
5606.0	6922.0
13085.0	6863.0
8238.0	7947.0
5610.0	6922.0
11244.0	10657.0
6726.0	6574.0
3605.0	3540.0
12164.0	6914.0
9065.0	8690.0
8474.0	8157.0
8858.0	8496.0
8407.0	6508.0
5347.0	5306.0
7113.0	6930.0
6341.0	8064.0
3703.0	3679.0
6873.0	6707.0
5419.0	3567.0
6220.0	6111.0
11376.0	12922.0
3033.0	3013.0
6270.0	6156.0
3416.0	3395.0
806.0	803.0
6468.0	6341.0
4564.0	4538.0
11329.0	10733.0
3450.0	3428.0
47.0	46.0
7784.0	7528.0
10928.0	10369.0
3590.0	6060.0
9426.0	9016.0
6159.0	6058.0
1471.0	1459.0
10731.0	10197.0
7080.0	6899.0
7851.0	7591.0
1453.0	1441.0
5371.0	5327.0
9684.0	9685.0
11808.0	11168.0
1038.0	1034.0
5976.0	9924.0
10771.0	9084.0
1808.0	7036.0
5654.0	5588.0
12086.0	8098.0
10279.0	9791.0
6357.0	6236.0
5459.0	5408.0
1696.0	1681.0
213.0	211.0
352.0	350.0
8038.0	3570.0
10482.0	9976.0
8054.0	3537.0
13528.0	12748.0
13376.0	12618.0
4641.0	4615.0
13920.0	13103.0
3981.0	4228.0
4254.0	3955.0
1544.0	1531.0
11683.0	3577.0
8451.0	8138.0
1933.0	1917.0
1928.0	1912.0
918.0	915.0
8667.0	13146.0
6147.0	6046.0
337.0	335.0
4462.0	4436.0
9603.0	12649.0
8776.0	8424.0
311.0	309.0
13124.0	12377.0
8224.0	7935.0
1455.0	1443.0
684.0	681.0
13449.0	3523.0
11630.0	11007.0
12863.0	12135.0
9846.0	6143.0
545.0	542.0
2579.0	2560.0
11912.0	11262.0
5260.0	5228.0
12266.0	11588.0
11411.0	12911.0
8978.0	8606.0
13248.0	8381.0
13025.0	12283.0
10429.0	6406.0
2726.0	2707.0
5073.0	5045.0
8667.0	6508.0
13848.0	13040.0
4894.0	4867.0
12181.0	9924.0
8301.0	8002.0
9512.0	9472.0
9747.0	9308.0
13410.0	3567.0
2703.0	2684.0
3545.0	6113.0
12516.0	5393.0
13085.0	13146.0
2853.0	2834.0
5848.0	5768.0
6744.0	6590.0
5847.0	5767.0
3574.0	3558.0
5587.0	5524.0
13625.0	3548.0
12522.0	11829.0
7152.0	6968.0
11061.0	7332.0
9683.0	12182.0
2635.0	2616.0
1329.0	1317.0
8891.0	7609.0
10114.0	6978.0
12667.0	3519.0
3580.0	3555.0
13410.0	13107.0
9239.0	6060.0
11272.0	6222.0
7734.0	7482.0
7903.0	5887.0
3517.0	3495.0
9239.0	8780.0
2536.0	2518.0
8620.0	8074.0
12876.0	12148.0
12735.0	12021.0
13410.0	10488.0
12203.0	11528.0
10617.0	13157.0
1019.0	1015.0
7069.0	10488.0
13823.0	8001.0
11768.0	11132.0
4871.0	4844.0
10522.0	10014.0
3501.0	3479.0
11061.0	10059.0
6649.0	6504.0
13625.0	10105.0
69.0	68.0
5740.0	3549.0
4770.0	4744.0
6341.0	9172.0
7061.0	6882.0
3371.0	3350.0
6612.0	6468.0
136.0	11400.0
8182.0	7898.0
13509.0	12732.0
8199.0	7913.0
3574.0	7428.0
9603.0	9047.0
2212.0	2195.0
8123.0	7846.0
1679.0	1664.0
6092.0	9666.0
4368.0	4342.0
13085.0	10869.0
3928.0	12145.0
6909.0	6742.0
1280.0	1268.0
8348.0	8047.0
10480.0	9974.0
10617.0	8527.0
11614.0	10991.0
3236.0	3216.0
11517.0	10901.0
3547.0	3549.0
5671.0	10649.0
13096.0	9249.0
8891.0	5859.0
10039.0	9569.0
5606.0	10414.0
9210.0	8824.0
12667.0	6222.0
9254.0	8866.0
8884.0	10524.0
6707.0	6559.0
13585.0	12799.0
8407.0	8064.0
6653.0	6604.0
1644.0	1630.0
7095.0	6604.0
6341.0	11959.0
5946.0	9930.0
11495.0	10881.0
11463.0	10852.0
4383.0	4357.0
2993.0	2973.0
4237.0	4211.0
10617.0	9472.0
1661.0	1646.0
13138.0	12390.0
3606.0	6305.0
12865.0	12137.0
1102.0	1098.0
11376.0	9285.0
8572.0	8243.0
3928.0	3583.0
3547.0	13107.0
8166.0	7882.0
10163.0	8420.0
2400.0	2382.0
6092.0	3548.0
13123.0	12678.0
6959.0	6786.0
7724.0	7473.0
13365.0	12607.0
13779.0	12981.0
10066.0	9592.0
7124.0	6941.0
640.0	637.0
4949.0	8639.0
8731.0	12493.0
4930.0	4902.0
7935.0	8648.0
9308.0	8915.0
557.0	554.0
8891.0	8094.0
10230.0	9746.0
12251.0	11573.0
6078.0	5982.0
10615.0	1826.0
5378.0	5332.0
9763.0	9323.0
7951.0	7682.0
10461.0	9955.0
13077.0	12332.0
11479.0	5370.0
7074.0	6894.0
11016.0	5695.0
68.0	67.0
3863.0	3837.0
5767.0	5545.0
7029.0	6852.0
1743.0	1728.0
13977.0	9612.0
4640.0	4614.0
7841.0	8493.0
12699.0	11986.0
5160.0	5131.0
11987.0	11330.0
13540.0	7666.0
7935.0	5604.0
1488.0	1476.0
1214.0	1203.0
6161.0	3567.0
10617.0	8632.0
13576.0	13146.0
8813.0	8460.0
10295.0	10737.0
13096.0	8776.0
8065.0	12342.0
8365.0	6222.0
926.0	923.0
11141.0	3547.0
5419.0	9622.0
5449.0	5887.0
6405.0	8420.0
6915.0	6748.0
5606.0	6898.0
3258.0	3238.0
13603.0	12816.0
10979.0	7838.0
13654.0	12864.0
5379.0	8497.0
2843.0	2824.0
12476.0	11784.0
11921.0	8074.0
10792.0	10118.0
1225.0	10917.0
669.0	666.0
3194.0	3174.0
8958.0	8590.0
10429.0	11095.0
5075.0	5047.0
6069.0	5973.0
11272.0	6922.0
3564.0	3540.0
6545.0	12614.0
8705.0	1223.0
13977.0	6863.0
2835.0	2816.0
199.0	197.0
8041.0	7769.0
9216.0	8830.0
1240.0	1228.0
12651.0	11944.0
3941.0	3915.0
6545.0	11984.0
1292.0	1280.0
5621.0	12821.0
1058.0	11781.0
12473.0	1054.0
8087.0	7812.0
7472.0	7253.0
1597.0	1584.0
8891.0	3571.0
12422.0	11734.0
6295.0	3541.0
6545.0	11995.0
5976.0	11984.0
11266.0	10678.0
717.0	714.0
9911.0	8954.0
7163.0	6979.0
8891.0	10059.0
6954.0	6781.0
5299.0	5266.0
9458.0	6914.0
7011.0	6835.0
616.0	613.0
11816.0	11176.0
12887.0	12159.0
1658.0	1643.0
9583.0	12842.0
3560.0	8111.0
7973.0	7704.0
2526.0	2508.0
5767.0	11624.0
8819.0	8466.0
3823.0	3797.0
9603.0	6222.0
3051.0	3031.0
3113.0	3093.0
9052.0	8678.0
3573.0	12502.0
13580.0	12795.0
9064.0	11252.0
12164.0	9045.0
9578.0	9148.0
6341.0	6060.0
11141.0	5545.0
93.0	92.0
842.0	839.0
3928.0	3902.0
13315.0	12560.0
7001.0	8433.0
2468.0	2450.0
10702.0	3570.0
5940.0	5853.0
269.0	267.0
6341.0	3519.0
2588.0	2569.0
4592.0	4566.0
4298.0	4272.0
13051.0	12307.0
2274.0	2257.0
4059.0	4033.0
3565.0	7424.0
13235.0	12480.0
13089.0	12344.0
5606.0	6113.0
13749.0	12952.0
5736.0	5666.0
7364.0	7155.0
12614.0	11910.0
51.0	50.0
1551.0	1538.0
3261.0	3241.0
6002.0	5912.0
6239.0	6128.0
10247.0	9762.0
7869.0	7608.0
5772.0	5700.0
2164.0	2147.0
1956.0	1940.0
3069.0	3049.0
8116.0	11847.0
13625.0	10414.0
5900.0	3535.0
9945.0	10565.0
7671.0	5859.0
4769.0	4743.0
8625.0	10737.0
11060.0	12647.0
8891.0	10565.0
11952.0	11298.0
9945.0	6604.0
12667.0	10332.0
3580.0	8493.0
4616.0	4590.0
8243.0	7952.0
9931.0	9467.0
163.0	161.0
6887.0	7575.0
1635.0	1621.0
3050.0	3030.0
9820.0	9369.0
1397.0	1385.0
10408.0	9903.0
8407.0	10683.0
12252.0	11574.0
13171.0	12420.0
10490.0	9984.0
10808.0	11507.0
13625.0	5283.0
5752.0	5680.0
11101.0	9285.0
779.0	776.0
8988.0	8615.0
7095.0	8094.0
8876.0	8513.0
8377.0	9334.0
12667.0	8064.0
1559.0	1546.0
4715.0	4689.0
6256.0	8851.0
12636.0	11931.0
4254.0	729.0
5379.0	10869.0
10415.0	9910.0
1536.0	1523.0
11921.0	5393.0
6592.0	6448.0
2766.0	2747.0
13625.0	9666.0
3092.0	3072.0
8904.0	8539.0
2495.0	9070.0
2262.0	9622.0
7948.0	7679.0
10344.0	9846.0
7069.0	9172.0
1631.0	1617.0
8358.0	8057.0
3892.0	3866.0
4576.0	4550.0
7659.0	10414.0
1545.0	1532.0
8709.0	8365.0
5889.0	8648.0
5844.0	5764.0
11101.0	12922.0
6760.0	6508.0
10144.0	10414.0
1342.0	1330.0
3602.0	3580.0
9945.0	10105.0
553.0	550.0
8667.0	12340.0
6092.0	11397.0
9583.0	3533.0
8731.0	9924.0
9603.0	3567.0
13586.0	12800.0
1624.0	1610.0
3547.0	12649.0
12475.0	11783.0
3926.0	3900.0
3565.0	7129.0
1039.0	1035.0
2804.0	2785.0
10867.0	3538.0
4614.0	4588.0
3245.0	8577.0
3013.0	2993.0
13576.0	12821.0
13940.0	13122.0
10438.0	9933.0
4345.0	4319.0
8114.0	8245.0
9390.0	8986.0
9271.0	8881.0
13639.0	12851.0
5764.0	5692.0
3590.0	9172.0
11896.0	11251.0
13542.0	12760.0
202.0	200.0
2141.0	2124.0
11921.0	8851.0
66.0	65.0
13596.0	12809.0
7095.0	6283.0
10968.0	10405.0
5767.0	6898.0
6996.0	7405.0
11479.0	8381.0
8068.0	7763.0
1315.0	1303.0
7562.0	10826.0
7706.0	10169.0
155.0	153.0
12289.0	11610.0
2221.0	2204.0
8891.0	8245.0
313.0	311.0
5449.0	11291.0
8038.0	12502.0
347.0	346.0
348.0	345.0
3597.0	10826.0
7121.0	6938.0
9603.0	6508.0
11479.0	12839.0
4465.0	4439.0
13372.0	11984.0
11398.0	10794.0
13789.0	6914.0
7332.0	3542.0
8504.0	8183.0
6782.0	6623.0
5391.0	5345.0
2788.0	2769.0
11921.0	3567.0
13410.0	6143.0
11469.0	10858.0
10617.0	10489.0
11272.0	10524.0
5635.0	5569.0
13977.0	11291.0
7189.0	6999.0
7557.0	7328.0
13478.0	8074.0
12664.0	11956.0
8288.0	7989.0
13926.0	13109.0
8283.0	7986.0
10117.0	8780.0
7935.0	12821.0
10464.0	9958.0
2192.0	2175.0
1479.0	1467.0
6017.0	5927.0
11592.0	8581.0
3966.0	3940.0
10278.0	9790.0
5976.0	5398.0
13257.0	7457.0
8940.0	8572.0
13123.0	7782.0
4314.0	4290.0
7840.0	7582.0
12709.0	12428.0
3582.0	3566.0
7698.0	7450.0
534.0	531.0
10135.0	9657.0
10895.0	10340.0
9356.0	8958.0
6636.0	6491.0
10092.0	9616.0
11639.0	11015.0
9423.0	9015.0
6092.0	3558.0
5449.0	10264.0
5767.0	12994.0
5077.0	5049.0
11955.0	11301.0
3560.0	10515.0
5606.0	5283.0
8854.0	7583.0
5000.0	4972.0
6186.0	6080.0
6928.0	10940.0
9650.0	9216.0
12287.0	11608.0
7931.0	7662.0
12216.0	11540.0
2096.0	2080.0
13123.0	3519.0
6403.0	9334.0
915.0	912.0
11887.0	12574.0
12827.0	12101.0
2505.0	2487.0
7095.0	11397.0
11994.0	11337.0
6757.0	6601.0
3547.0	10488.0
3585.0	3539.0
5213.0	5183.0
10163.0	10515.0
3560.0	9544.0
5941.0	5854.0
7095.0	6060.0
13568.0	12783.0
9399.0	8995.0
2824.0	2805.0
3557.0	5859.0
8664.0	8327.0
2895.0	2876.0
2461.0	2443.0
25.0	24.0
13036.0	12293.0
2082.0	2066.0
13256.0	12501.0
8884.0	5807.0
11705.0	11076.0
8407.0	6914.0
11016.0	10565.0
12164.0	10489.0
1574.0	1561.0
8407.0	10867.0
13540.0	11959.0
2812.0	2793.0
5866.0	5785.0
5606.0	8560.0
6500.0	9259.0
5410.0	5362.0
7095.0	7838.0
9128.0	8750.0
6092.0	5414.0
10435.0	3571.0
5465.0	5859.0
982.0	978.0
6405.0	8527.0
3600.0	11054.0
12848.0	11895.0
8949.0	10826.0
9691.0	10321.0
4926.0	4898.0
3581.0	10315.0
13723.0	12927.0
2155.0	2138.0
10131.0	9653.0
11792.0	11154.0
3393.0	3372.0
2497.0	2479.0
3715.0	3690.0
7659.0	6401.0
11099.0	8648.0
522.0	520.0
11461.0	10850.0
5674.0	5607.0
12667.0	3538.0
12181.0	9591.0
10495.0	9989.0
1955.0	1939.0
12566.0	11867.0
13760.0	12963.0
3072.0	3052.0
8038.0	9172.0
7095.0	13107.0
10571.0	3583.0
13718.0	8833.0
6653.0	11493.0
10709.0	6922.0
7001.0	11959.0
6092.0	12678.0
8891.0	9685.0
13540.0	8074.0
3583.0	5414.0
9945.0	5414.0
10189.0	9709.0
10540.0	3537.0
6790.0	10067.0
10580.0	6629.0
13965.0	13157.0
1542.0	1529.0
9157.0	6306.0
13085.0	5556.0
7095.0	10565.0
7765.0	7510.0
5465.0	3519.0
6653.0	9666.0
3434.0	3412.0
11054.0	10483.0
9194.0	8810.0
5700.0	5631.0
12429.0	11741.0
9239.0	6281.0
13123.0	8421.0
8884.0	10332.0
7516.0	7293.0
2321.0	2303.0
10412.0	9907.0
13123.0	7767.0
9512.0	8064.0
12061.0	11398.0
8063.0	7791.0
11637.0	11013.0
10325.0	9829.0
12478.0	11786.0
8734.0	8384.0
10612.0	10097.0
11519.0	10903.0
5549.0	5490.0
12667.0	8648.0
186.0	184.0
12796.0	12074.0
7841.0	3566.0
11479.0	8101.0
849.0	846.0
7824.0	7567.0
4307.0	4281.0
8573.0	8244.0
4001.0	3975.0
11772.0	3570.0
8855.0	10904.0
3542.0	10524.0
3581.0	9544.0
3388.0	3367.0
8407.0	3578.0
10709.0	6222.0
7562.0	10489.0
3546.0	3548.0
6089.0	5992.0
11479.0	8648.0
4652.0	4626.0
6818.0	9280.0
3574.0	3565.0
644.0	641.0
8877.0	8064.0
10759.0	10220.0
10253.0	11984.0
13179.0	11995.0
10435.0	5414.0
7095.0	8064.0
4474.0	4448.0
2613.0	2594.0
11397.0	10793.0
2570.0	2551.0
423.0	423.0
425.0	421.0
13372.0	7332.0
3547.0	6222.0
8081.0	7807.0
10864.0	10312.0
6327.0	6208.0
10980.0	451.0
453.0	10415.0
10979.0	12112.0
5018.0	4990.0
10691.0	10160.0
10109.0	9776.0
11099.0	3541.0
6405.0	3526.0
8735.0	8385.0
3572.0	11271.0
6653.0	10565.0
5586.0	5523.0
4969.0	4941.0
524.0	522.0
967.0	964.0
7215.0	7024.0
12002.0	12493.0
3574.0	7838.0
10488.0	9982.0
5767.0	3547.0
11724.0	9924.0
9691.0	10515.0
9473.0	1600.0
1614.0	9058.0
12304.0	6401.0
877.0	874.0
6061.0	5967.0
9054.0	8680.0
3475.0	3453.0
7717.0	7666.0
10144.0	3523.0
9055.0	8285.0
7618.0	12994.0
8375.0	8072.0
13796.0	5398.0
9151.0	8770.0
5631.0	5565.0
10112.0	9635.0
13201.0	12450.0
758.0	755.0
3581.0	8421.0
5486.0	9930.0
2676.0	7462.0
7387.0	6922.0
6545.0	3546.0
9512.0	6060.0
3756.0	3731.0
8066.0	5883.0
11319.0	10723.0
3560.0	12156.0
8667.0	7403.0
7896.0	7631.0
9149.0	8768.0
3468.0	3446.0
9009.0	8264.0
10231.0	9747.0
10690.0	10159.0
4529.0	4503.0
10144.0	7838.0
9404.0	8999.0
13566.0	12781.0
7095.0	3564.0
1616.0	1602.0
9911.0	11352.0
3138.0	3118.0
6284.0	6168.0
9936.0	7379.0
9892.0	9433.0
10177.0	9698.0
13796.0	12839.0
1498.0	1486.0
7034.0	6857.0
13130.0	12383.0
1596.0	1583.0
12398.0	11712.0
4748.0	4722.0
11515.0	10899.0
9678.0	9244.0
10429.0	12493.0
5328.0	5287.0
1765.0	1750.0
3603.0	3579.0
9911.0	11263.0
3582.0	3558.0
6430.0	6304.0
5340.0	5299.0
3889.0	3863.0
5545.0	5486.0
2577.0	2558.0
13576.0	5556.0
3206.0	3186.0
8926.0	9249.0
2004.0	1988.0
12181.0	10264.0
88.0	87.0
7377.0	7167.0
1328.0	1316.0
6092.0	12647.0
10262.0	6214.0
10617.0	8074.0
3569.0	11095.0
7618.0	5807.0
11067.0	10495.0
13540.0	8064.0
215.0	213.0
6293.0	6177.0
13123.0	12112.0
7095.0	12678.0
10536.0	10026.0
11512.0	9612.0
9688.0	9253.0
1921.0	1905.0
9691.0	8420.0
6420.0	6294.0
9133.0	8754.0
12585.0	11884.0
10026.0	9557.0
4837.0	4811.0
9945.0	11624.0
8856.0	3533.0
8667.0	10489.0
5553.0	5494.0
13713.0	12918.0
2149.0	2132.0
8424.0	8116.0
1017.0	1013.0
8667.0	3549.0
11993.0	7418.0
13222.0	12106.0
12709.0	6406.0
13983.0	13163.0
13977.0	8330.0
10144.0	10059.0
604.0	601.0
10144.0	5414.0
1469.0	1457.0
5946.0	5414.0
9911.0	9930.0
10979.0	7416.0
4511.0	4485.0
2433.0	2415.0
10435.0	5859.0
2643.0	2624.0
6341.0	10565.0
10317.0	9823.0
7037.0	1705.0
2257.0	2240.0
6887.0	5883.0
3594.0	9930.0
8407.0	8527.0
12017.0	11359.0
5449.0	6406.0
1550.0	1537.0
3579.0	9392.0
9880.0	9422.0
8419.0	8704.0
8407.0	10176.0
4673.0	4647.0
7956.0	7687.0
9509.0	9086.0
5569.0	5761.0
11016.0	8648.0
13698.0	7793.0
7030.0	6853.0
10525.0	10016.0
13608.0	7793.0
13277.0	12522.0
10187.0	9707.0
7720.0	7469.0
5946.0	3562.0
4574.0	4548.0
10109.0	8581.0
7605.0	7366.0
9138.0	8758.0
8877.0	6380.0
12620.0	11915.0
6405.0	11422.0
3574.0	8420.0
6545.0	12428.0
7935.0	5541.0
13789.0	10489.0
11335.0	8433.0
5889.0	10867.0
9911.0	8554.0
11099.0	10030.0
3885.0	3859.0
5487.0	6825.0
8620.0	9685.0
2488.0	2470.0
1489.0	11243.0
7095.0	10264.0
8603.0	6683.0
5487.0	5414.0
11737.0	11107.0
6092.0	10105.0
5767.0	5283.0
13658.0	12867.0
13625.0	6401.0
11853.0	11210.0
5465.0	12293.0
3546.0	12678.0
8325.0	8025.0
2884.0	2865.0
13789.0	6534.0
3572.0	11294.0
8960.0	3553.0
6567.0	6425.0
11592.0	12821.0
13576.0	9249.0
6256.0	11673.0
6606.0	6462.0
2237.0	2220.0
3569.0	9924.0
5824.0	5746.0
3585.0	5859.0
4598.0	4572.0
236.0	234.0
8891.0	10105.0
8891.0	3538.0
13478.0	7666.0
10429.0	3546.0
164.0	162.0
8407.0	6922.0
8585.0	8253.0
8759.0	8409.0
10179.0	9700.0
2080.0	2064.0
11144.0	10568.0
6161.0	6222.0
1563.0	1550.0
5215.0	5185.0
206.0	204.0
3001.0	2981.0
5621.0	12340.0
13761.0	12964.0
13977.0	7379.0
13625.0	8421.0
3002.0	2982.0
5606.0	7416.0
5465.0	3547.0
8377.0	6281.0
4723.0	4697.0
2730.0	2711.0
10571.0	6534.0
4924.0	4896.0
13626.0	3567.0
13629.0	10332.0
6653.0	9045.0
8731.0	7332.0
6653.0	10059.0
8114.0	9666.0
13123.0	5414.0
11061.0	7379.0
13248.0	11507.0
761.0	758.0
3556.0	8494.0
12709.0	3546.0
12750.0	12034.0
5976.0	9316.0
3581.0	8111.0
11858.0	11215.0
2441.0	2423.0
8731.0	11984.0
8407.0	5414.0
8771.0	10402.0
2426.0	2408.0
8114.0	5414.0
13188.0	13016.0
8427.0	8119.0
9945.0	11493.0
9047.0	8674.0
11447.0	10837.0
13179.0	11984.0
763.0	761.0
4513.0	4487.0
12535.0	6324.0
4765.0	4739.0
3894.0	3868.0
8620.0	9334.0
3922.0	3896.0
6092.0	6222.0
11586.0	8521.0
10144.0	6222.0
5946.0	3530.0
12546.0	11850.0
13412.0	6060.0
5606.0	11397.0
6653.0	5541.0
7334.0	80.0
10808.0	12428.0
5671.0	6222.0
13330.0	11243.0
1846.0	3661.0
7017.0	6841.0
8407.0	7129.0
11272.0	5414.0
3561.0	10515.0
94.0	93.0
8070.0	7797.0
6001.0	5911.0
9603.0	6534.0
12068.0	11404.0
7792.0	6062.0
12114.0	11449.0
13628.0	9591.0
11542.0	10926.0
5156.0	5127.0
10586.0	10072.0
10206.0	9725.0
4314.0	12843.0
5113.0	5085.0
7672.0	10029.0
7935.0	6694.0
13910.0	13095.0
3229.0	3209.0
9352.0	3519.0
7945.0	7676.0
11512.0	11932.0
3569.0	5398.0
675.0	672.0
7095.0	3558.0
1244.0	1232.0
8884.0	12994.0
12304.0	10414.0
6337.0	6218.0
5335.0	5294.0
12245.0	11567.0
3553.0	3551.0
13283.0	12528.0
11695.0	11066.0
13353.0	12597.0
5976.0	11995.0
5550.0	5491.0
9631.0	9198.0
8891.0	5390.0
4608.0	4582.0
3561.0	10332.0
4254.0	3959.0
8891.0	5695.0
13977.0	12791.0
6092.0	10565.0
3582.0	3526.0
9066.0	8691.0
13009.0	12267.0
5627.0	3548.0
12181.0	10826.0
8067.0	7795.0
11942.0	11290.0
3574.0	8285.0
8891.0	6060.0
9936.0	6283.0
3581.0	5859.0
12986.0	9536.0
6129.0	6030.0
12492.0	11800.0
9846.0	3569.0
3589.0	7583.0
7841.0	3557.0
1480.0	1468.0
12002.0	11345.0
5606.0	6401.0
5606.0	6222.0
11099.0	5807.0
7240.0	7048.0
11099.0	10176.0
7104.0	6922.0
8625.0	9805.0
11791.0	11153.0
4468.0	4442.0
10163.0	8074.0
13113.0	12366.0
5449.0	10033.0
7618.0	6863.0
12709.0	12614.0
4311.0	4285.0
8621.0	8286.0
13547.0	12765.0
5972.0	3578.0
13968.0	13149.0
125.0	124.0
2638.0	2619.0
12667.0	7666.0
10522.0	3542.0
9619.0	9187.0
1700.0	1685.0
12427.0	11739.0
924.0	921.0
6987.0	5716.0
13728.0	12932.0
13123.0	12156.0
8891.0	3558.0
2886.0	2867.0
8009.0	7738.0
7095.0	8421.0
13372.0	6406.0
8377.0	6863.0
13956.0	13138.0
11586.0	3553.0
7935.0	10176.0
9692.0	9257.0
8238.0	3551.0
8575.0	7838.0
13625.0	7531.0
13096.0	6306.0
13625.0	5414.0
11936.0	11285.0
8884.0	12839.0
8891.0	6143.0
9142.0	8761.0
9455.0	9042.0
6132.0	6033.0
6128.0	13146.0
3605.0	7129.0
13789.0	6508.0
5526.0	5471.0
1665.0	12357.0
12585.0	6508.0
346.0	344.0
10733.0	10199.0
4826.0	4800.0
13123.0	3548.0
11455.0	10845.0
2470.0	2452.0
7990.0	7719.0
8459.0	8144.0
1407.0	1395.0
8575.0	11397.0
10453.0	9948.0
13040.0	12297.0
7505.0	7283.0
13123.0	10315.0
10006.0	9538.0
10709.0	5414.0
7417.0	7204.0
5246.0	5215.0
5245.0	5215.0
5243.0	5216.0
5246.0	5216.0
5244.0	5213.0
5243.0	5215.0
5243.0	5214.0
5246.0	5214.0
5244.0	5214.0
5245.0	5216.0
5244.0	5216.0
5243.0	5213.0
5245.0	5214.0
5246.0	5213.0
5244.0	5215.0
5245.0	5213.0
13540.0	12791.0
13190.0	12439.0
2337.0	2319.0
13625.0	11397.0
13698.0	3575.0
10591.0	10076.0
1849.0	1834.0
12667.0	3541.0
11665.0	11036.0
8241.0	10987.0
3547.0	3569.0
13248.0	11995.0
8856.0	5923.0
8038.0	6222.0
5006.0	4978.0
8667.0	11291.0
6092.0	3519.0
10144.0	3583.0
4359.0	4333.0
7562.0	6534.0
7456.0	7239.0
11099.0	10649.0
12920.0	2689.0
2708.0	12187.0
7303.0	7102.0
5946.0	3558.0
10885.0	10331.0
10172.0	9693.0
4052.0	4026.0
13248.0	11510.0
3808.0	3759.0
3602.0	9334.0
5889.0	12839.0
4230.0	4204.0
13123.0	3538.0
11483.0	11291.0
6295.0	7658.0
3581.0	9256.0
11172.0	10595.0
7701.0	7452.0
10937.0	10378.0
12073.0	11409.0
10571.0	11493.0
6645.0	6500.0
5606.0	8648.0
10499.0	11003.0
11442.0	10833.0
10235.0	9751.0
8114.0	10414.0
7095.0	8834.0
13611.0	12824.0
10435.0	6863.0
10313.0	5716.0
3928.0	3565.0
3602.0	10683.0
12610.0	11907.0
2169.0	2152.0
2980.0	2960.0
9684.0	11995.0
415.0	413.0
8926.0	9084.0
13625.0	10447.0
8365.0	8514.0
3779.0	3753.0
9512.0	10105.0
502.0	500.0
2808.0	2789.0
13670.0	12879.0
12645.0	6683.0
9005.0	9685.0
11038.0	10467.0
6341.0	9930.0
8854.0	3553.0
5087.0	5059.0
6681.0	6914.0
12645.0	6281.0
7219.0	7028.0
12792.0	12071.0
13718.0	10526.0
7095.0	9047.0
13123.0	10332.0
9684.0	8776.0
7095.0	6863.0
7527.0	7304.0
3574.0	12647.0
5419.0	2245.0
7042.0	6865.0
11099.0	8851.0
13033.0	12290.0
8891.0	7838.0
7565.0	7334.0
8625.0	8520.0
6653.0	7129.0
169.0	167.0
13576.0	10869.0
12449.0	11759.0
351.0	349.0
13192.0	10521.0
9290.0	8899.0
3600.0	3578.0
11060.0	12839.0
6256.0	3567.0
13180.0	12429.0
12884.0	3537.0
3410.0	3389.0
8866.0	13157.0
7378.0	7168.0
7095.0	8636.0
13249.0	11998.0
9352.0	6202.0
3564.0	7129.0
6092.0	13107.0
7935.0	3558.0
9945.0	6222.0
2992.0	2972.0
3036.0	3016.0
998.0	994.0
11772.0	6060.0
11141.0	7176.0
1248.0	1236.0
3565.0	10014.0
8775.0	11932.0
13789.0	8527.0
2028.0	2012.0
7713.0	2657.0
10648.0	10125.0
7095.0	5414.0
9448.0	9035.0
4810.0	4811.0
8891.0	12647.0
7606.0	7367.0
7067.0	6887.0
8365.0	11959.0
7133.0	6950.0
340.0	338.0
5552.0	5493.0
10631.0	10112.0
11479.0	5669.0
9883.0	9425.0
3145.0	3125.0
11838.0	11196.0
7021.0	6844.0
12113.0	11448.0
7664.0	7421.0
11141.0	3558.0
6475.0	6348.0
11960.0	11305.0
5802.0	6714.0
12468.0	11776.0
8365.0	3519.0
3604.0	3557.0
2404.0	2386.0
3547.0	9047.0
1737.0	1722.0
8282.0	7985.0
6576.0	6433.0
99.0	98.0
3432.0	3410.0
11335.0	10867.0
7095.0	3537.0
13628.0	11095.0
8142.0	7862.0
11371.0	10770.0
9945.0	7332.0
11483.0	8330.0
4560.0	4546.0
4463.0	4437.0
13449.0	3519.0
9512.0	8094.0
3112.0	3092.0
7926.0	5370.0
8114.0	3548.0
6084.0	8272.0
3716.0	3691.0
11720.0	11091.0
10565.0	10053.0
10114.0	11823.0
3601.0	7575.0
320.0	318.0
7647.0	6820.0
12857.0	12130.0
3588.0	3571.0
3606.0	10059.0
5830.0	5752.0
4099.0	4073.0
6341.0	10105.0
11123.0	10548.0
11099.0	6694.0
9294.0	9256.0
7069.0	9860.0
8949.0	3564.0
3463.0	3441.0
9593.0	9163.0
6895.0	6728.0
6542.0	6403.0
7935.0	6914.0
4599.0	6353.0
12234.0	11557.0
8038.0	10966.0
846.0	843.0
10253.0	6870.0
5523.0	5468.0
13875.0	13066.0
8205.0	7918.0
10886.0	10030.0
1010.0	1006.0
10830.0	10282.0
13540.0	9930.0
12771.0	12051.0
7069.0	6281.0
8891.0	3583.0
5569.0	7868.0
792.0	789.0
11253.0	10666.0
252.0	250.0
8256.0	3567.0
7444.0	7229.0
10144.0	8581.0
8172.0	7888.0
8377.0	3583.0
11512.0	10402.0
11483.0	12821.0
8884.0	5370.0
582.0	579.0
7562.0	12428.0
12585.0	6914.0
834.0	831.0
11006.0	10437.0
8658.0	8321.0
9756.0	5398.0
7095.0	6143.0
8918.0	8552.0
3547.0	9392.0
9723.0	9284.0
9221.0	8835.0
7095.0	3548.0
11141.0	6401.0
5767.0	6222.0
6623.0	13107.0
8891.0	10332.0
10238.0	5733.0
10617.0	6306.0
6092.0	8421.0
7935.0	5414.0
11376.0	10526.0
1991.0	1975.0
12577.0	11878.0
13625.0	12678.0
9447.0	9034.0
10540.0	8704.0
12370.0	11686.0
6507.0	6374.0
12342.0	11659.0
13089.0	3558.0
9426.0	10568.0
6356.0	6235.0
5541.0	5482.0
10897.0	10342.0
7318.0	7115.0
2062.0	2046.0
10709.0	3519.0
5449.0	3546.0
4471.0	4445.0
12503.0	11811.0
971.0	9012.0
7567.0	7336.0
2193.0	1961.0
5606.0	5545.0
10617.0	11271.0
9776.0	8285.0
8365.0	8648.0
9055.0	9334.0
10867.0	8704.0
3582.0	3562.0
2644.0	2625.0
4981.0	256.0
7428.0	7213.0
6907.0	6740.0
6834.0	10987.0
5740.0	9860.0
1283.0	1271.0
5439.0	5390.0
8926.0	10414.0
5465.0	8421.0
548.0	545.0
7463.0	9896.0
11959.0	11304.0
11272.0	3580.0
9945.0	7379.0
9769.0	9328.0
10065.0	12841.0
8365.0	5432.0
10979.0	8560.0
8407.0	5541.0
6341.0	5432.0
832.0	829.0
8407.0	9172.0
11904.0	11258.0
5606.0	6045.0
5465.0	7838.0
6341.0	9666.0
10540.0	10332.0
10366.0	9866.0
6848.0	8681.0
13608.0	13157.0
10144.0	11397.0
5496.0	5442.0
2009.0	1993.0
12913.0	12180.0
4533.0	4507.0
12667.0	8421.0
1591.0	1578.0
11769.0	11133.0
9355.0	8957.0
12304.0	5695.0
7095.0	12156.0
8775.0	11336.0
13123.0	3542.0
4032.0	4006.0
13789.0	12647.0
1316.0	1304.0
11061.0	8094.0
3877.0	3851.0
2647.0	2628.0
2360.0	2342.0
10577.0	10064.0
5449.0	12614.0
5412.0	3457.0
8407.0	10649.0
2773.0	2754.0
10617.0	5541.0
12304.0	10565.0
11141.0	8064.0
9239.0	9860.0
8773.0	9904.0
6437.0	6311.0
13625.0	3544.0
13002.0	12261.0
3581.0	6863.0
12476.0	4573.0
3565.0	12678.0
821.0	818.0
8884.0	5669.0
2560.0	2541.0
12570.0	11871.0
5449.0	12428.0
4009.0	3983.0
8866.0	12839.0
7508.0	6478.0
2960.0	2940.0
7407.0	7194.0
13449.0	3542.0
3546.0	3583.0
5068.0	5040.0
9348.0	8950.0
6887.0	3577.0
11972.0	13016.0
11061.0	9172.0
3276.0	3256.0
13865.0	13056.0
10828.0	10280.0
7095.0	7767.0
13628.0	9924.0
6167.0	6066.0
9846.0	3571.0
1304.0	1292.0
13203.0	12452.0
13412.0	12647.0
7645.0	12340.0
8201.0	7914.0
5007.0	4979.0
13412.0	8851.0
10027.0	9558.0
8866.0	12821.0
13410.0	8780.0
7935.0	10867.0
13372.0	3546.0
13123.0	10059.0
10625.0	10107.0
6240.0	6129.0
12304.0	6922.0
10787.0	10247.0
3774.0	3748.0
8365.0	3571.0
8136.0	3038.0
6092.0	8064.0
8241.0	3569.0
11016.0	5541.0
5323.0	3562.0
6653.0	7379.0
9945.0	5695.0
13412.0	13107.0
10617.0	7332.0
3590.0	6143.0
12455.0	11765.0
8068.0	8285.0
13918.0	13102.0
8038.0	8421.0
7001.0	6880.0
7508.0	9047.0
5465.0	9666.0
6653.0	3540.0
11351.0	10752.0
9458.0	10489.0
8026.0	7754.0
12667.0	9256.0
10709.0	7129.0
8926.0	6401.0
8721.0	8374.0
11742.0	11111.0
6341.0	6820.0
6341.0	10869.0
6465.0	6353.0
8731.0	5398.0
12256.0	11578.0
11099.0	8381.0
13789.0	6060.0
9075.0	8700.0
10243.0	9758.0
4929.0	4901.0
7832.0	6944.0
11272.0	8421.0
8445.0	8133.0
9945.0	7129.0
7009.0	12529.0
8256.0	6306.0
10963.0	8527.0
7843.0	12843.0
5465.0	11959.0
6419.0	6293.0
10627.0	10109.0
5303.0	5270.0
13179.0	5398.0
5579.0	5517.0
3574.0	6863.0
1680.0	7727.0
6500.0	6369.0
8367.0	8066.0
10963.0	9930.0
2624.0	2605.0
10617.0	8245.0
6290.0	6174.0
6641.0	6496.0
8114.0	3571.0
3583.0	3547.0
3870.0	3844.0
11667.0	11336.0
5181.0	5152.0
11141.0	3562.0
9352.0	8554.0
3594.0	9392.0
3569.0	11995.0
7950.0	7681.0
7935.0	11397.0
11061.0	8245.0
10086.0	13157.0
9512.0	7379.0
10634.0	10114.0
3567.0	10105.0
11378.0	10776.0
13346.0	12590.0
7095.0	10332.0
1713.0	1698.0
10867.0	3537.0
39.0	38.0
6403.0	8285.0
11483.0	13146.0
6405.0	3555.0
5465.0	3548.0
7095.0	10414.0
8114.0	12678.0
11302.0	10709.0
9945.0	3547.0
11272.0	3578.0
11099.0	3578.0
3588.0	3523.0
6653.0	11959.0
8038.0	3548.0
6161.0	10488.0
10109.0	10972.0
3593.0	12502.0
10295.0	2638.0
13608.0	13146.0
1504.0	12640.0
8625.0	6825.0
5767.0	8514.0
6345.0	6226.0
6848.0	8744.0
9044.0	8671.0
11272.0	10565.0
11316.0	10720.0
13410.0	12839.0
8891.0	9930.0
8926.0	5541.0
6166.0	6065.0
6092.0	12112.0
3570.0	5414.0
6341.0	3548.0
12164.0	6534.0
2923.0	2903.0
4605.0	4579.0
805.0	802.0
13796.0	5695.0
5667.0	5601.0
12764.0	9450.0
6454.0	6328.0
4959.0	4930.0
11335.0	6880.0
13123.0	9544.0
46.0	45.0
5419.0	3549.0
8667.0	3571.0
8366.0	8065.0
9911.0	5432.0
9823.0	9371.0
3585.0	5283.0
3074.0	3054.0
43.0	42.0
11483.0	6222.0
569.0	566.0
7487.0	7265.0
7069.0	6060.0
3582.0	3555.0
3654.0	3631.0
13449.0	3558.0
2744.0	2660.0
2679.0	2725.0
1886.0	1871.0
8973.0	8603.0
11802.0	11162.0
12645.0	8285.0
8859.0	5333.0
11099.0	8520.0
8891.0	8514.0
8377.0	3571.0
2195.0	2178.0
11586.0	9218.0
6341.0	6143.0
5690.0	5621.0
4382.0	4356.0
8655.0	8318.0
13121.0	12374.0
12288.0	11609.0
8631.0	8295.0
13716.0	12920.0
7173.0	6985.0
6000.0	4921.0
3590.0	11294.0
8539.0	8214.0
3592.0	6060.0
3333.0	3313.0
8620.0	12112.0
27.0	26.0
9238.0	8850.0
10129.0	9651.0
6030.0	5940.0
12925.0	12192.0
3095.0	3075.0
12585.0	8245.0
9220.0	6914.0
8885.0	8264.0
8891.0	13107.0
11272.0	8101.0
3581.0	12156.0
896.0	893.0
11272.0	5541.0
10162.0	9684.0
10144.0	6914.0
3547.0	3571.0
12181.0	8381.0
5841.0	5762.0
6223.0	5695.0
6860.0	6804.0
4505.0	4479.0
10979.0	9172.0
3728.0	3703.0
10030.0	12838.0
7735.0	7483.0
8114.0	12647.0
6146.0	9211.0
11060.0	6060.0
3581.0	12112.0
3967.0	3941.0
3565.0	5923.0
8607.0	5727.0
8848.0	8487.0
9691.0	3558.0
8926.0	3561.0
10963.0	3534.0
4490.0	4464.0
5247.0	5716.0
13796.0	5807.0
12179.0	11263.0
9742.0	9303.0
10144.0	8421.0
3585.0	8795.0
6432.0	8074.0
6887.0	3578.0
10294.0	9804.0
9783.0	9339.0
7095.0	9471.0
5972.0	6720.0
11141.0	8795.0
8419.0	3537.0
5115.0	5087.0
8296.0	7997.0
5621.0	13146.0
9581.0	9151.0
5449.0	12255.0
3405.0	3384.0
11061.0	6604.0
8066.0	11054.0
5671.0	11959.0
12709.0	6367.0
8891.0	11493.0
9725.0	9286.0
8069.0	7796.0
128.0	126.0
1359.0	1347.0
11061.0	6222.0
12239.0	11562.0
8365.0	6863.0
11096.0	10521.0
9009.0	6491.0
2483.0	2465.0
12097.0	11432.0
7935.0	6863.0
10933.0	10374.0
2037.0	2021.0
8949.0	10105.0
6256.0	6222.0
231.0	229.0
8949.0	9632.0
10571.0	10105.0
5020.0	4992.0
10730.0	10196.0
6760.0	10489.0
13123.0	6222.0
9418.0	9010.0
2255.0	2238.0
8891.0	7332.0
6760.0	6604.0
9503.0	5765.0
6405.0	8493.0
9670.0	9236.0
10571.0	10489.0
11724.0	3546.0
2507.0	2489.0
6513.0	9754.0
6760.0	6534.0
5606.0	8064.0
7542.0	8648.0
7659.0	6113.0
5418.0	5369.0
9936.0	10059.0
13372.0	12428.0
8884.0	7317.0
7618.0	10102.0
12709.0	6306.0
49.0	48.0
8114.0	8514.0
11061.0	11959.0
3051.0	12718.0
6953.0	6780.0
6984.0	6808.0
7919.0	7651.0
13123.0	6914.0
6161.0	13107.0
10040.0	9570.0
8256.0	5669.0
9175.0	8794.0
12065.0	11402.0
11978.0	7884.0
9732.0	9293.0
11061.0	5541.0
8116.0	12678.0
1410.0	1398.0
9512.0	10565.0
6265.0	6152.0
6092.0	10059.0
6341.0	8330.0
4276.0	4250.0
12708.0	11994.0
4072.0	4046.0
963.0	960.0
12328.0	11645.0
10669.0	10140.0
11099.0	3567.0
558.0	555.0
10012.0	3537.0
13544.0	12762.0
13186.0	12435.0
9200.0	8816.0
8614.0	8279.0
11141.0	8421.0
13253.0	6695.0
5155.0	5126.0
5606.0	3519.0
7490.0	7268.0
13718.0	5643.0
1915.0	1899.0
9936.0	11959.0
11411.0	9012.0
6978.0	9450.0
1202.0	1194.0
8866.0	8064.0
662.0	659.0
7935.0	10565.0
3447.0	8052.0
8353.0	3425.0
13120.0	12373.0
11563.0	10944.0
5465.0	7129.0
7470.0	7251.0
11479.0	7666.0
13977.0	12340.0
13195.0	12444.0
8949.0	9666.0
12833.0	6113.0
7935.0	8421.0
1062.0	1058.0
5677.0	5610.0
7805.0	2264.0
56.0	55.0
7351.0	7145.0
1829.0	1814.0
11085.0	10511.0
13625.0	10059.0
7832.0	3531.0
7935.0	8527.0
5493.0	8674.0
6650.0	6505.0
5019.0	4991.0
7295.0	11943.0
11636.0	11012.0
12340.0	11657.0
7040.0	6222.0
12186.0	11512.0
1107.0	1103.0
9204.0	10059.0
6758.0	6602.0
11483.0	12791.0
11141.0	8514.0
5621.0	7379.0
13600.0	12813.0
8998.0	8625.0
12616.0	11911.0
3572.0	12821.0
